sic_description,n_events,n_tickers,n_capture_ret_abn,n_capture_ret,n_drop_ratio,event_share_of_analysis,ticker_share_of_analysis,mean_capture_ret_abn,stddev_capture_ret_abn,se_capture_ret_abn,ci95_low_capture_ret_abn,ci95_high_capture_ret_abn,median_capture_ret_abn,p25_capture_ret_abn,p75_capture_ret_abn,positive_capture_ret_abn_rate,mean_capture_ret,median_capture_ret,mean_drop_ratio,median_drop_ratio,p25_drop_ratio,p75_drop_ratio,drop_ratio_lt_1_rate,low_n_flag,low_ticker_flag,report_eligible_flag
UNKNOWN,123173,6805,123173,123173,123173,0.7636457196706676,0.7552719200887902,0.0008989433743940678,0.012010403451106625,3.422156265322636e-05,0.0008318691115937441,0.0009660176371943914,0.0004920490433177509,-0.0030303390519683037,0.004305292014710737,0.5397530302907293,0.0011860020190052223,0.0006464485235435919,0.44148220916409825,0.8815498840274,0.3059663437022044,1.357636706473878,0.5870848319030957,False,False,True
REAL ESTATE INVESTMENT TRUSTS,5949,302,5949,5949,5949,0.0368825017359389,0.033518312985571584,0.0020084577321829336,0.011593042963433591,0.00015030570358609882,0.00171385855315418,0.002303056911211687,0.0017041715081851302,-0.002775606507406191,0.006389752667808547,0.6058161035468146,0.002847675159010912,0.0026455026455027286,0.8147849096949278,0.8228759514503258,0.45772874994278495,1.1333333333333369,0.6564128424945369,False,False,True
STATE COMMERCIAL BANKS,3170,184,3170,3170,3170,0.019653308203551236,0.02042175360710322,0.00187677651730008,0.014631981298372149,0.00025988038786855486,0.0013674109570777125,0.0023861420775224476,0.001414988255646345,-0.003209196554873143,0.0061593374728686045,0.5788643533123028,0.002305355211367625,0.0019743336623888946,0.7601674866041247,0.7741935483871032,0.0980392156862968,1.3793103448275814,0.6201892744479496,False,False,True
NATIONAL COMMERCIAL BANKS,2630,149,2630,2630,2630,0.016305426049003074,0.01653718091009989,0.0019165428929194643,0.009030547436686813,0.00017609061248305684,0.0015714052924526729,0.0022616804933862557,0.0016271415150387108,-0.0022546971650516242,0.00583606416568616,0.6136882129277567,0.002200555965425328,0.002245508982035972,0.8131787924413993,0.8118386369229293,0.4761904761904745,1.1487160372544674,0.6600760456273764,False,False,True
INVESTMENT ADVICE,2352,107,2352,2352,2352,0.01458188671758754,0.011875693673695894,0.0007357935668289581,0.00805296495497604,0.0001660493387332157,0.0004103368629118554,0.001061250270746061,0.0004652244863183277,-0.0031567323848870933,0.004222482643970886,0.5416666666666666,0.0014002289252906246,0.0010947030497591838,-1.1053636492517265,0.8084210526315777,0.0,1.456027955736719,0.5931122448979592,False,False,True
"FIRE, MARINE & CASUALTY INSURANCE",896,52,896,896,896,0.005555004463842873,0.0057713651498335185,0.0008908482607551314,0.007043825996788939,0.00023531771046460406,0.0004296255482445075,0.0013520709732657552,0.0008387068570767063,-0.0028038986698452426,0.004951886101788686,0.5714285714285714,0.0014266111715443605,0.0015669887699138677,0.8221244535454261,0.8156862745098089,0.3478260869565143,1.259842519685046,0.6294642857142857,False,False,True
CRUDE PETROLEUM & NATURAL GAS,738,43,738,738,738,0.004575438944549152,0.004772475027746948,0.001244674158939481,0.014543004119841975,0.0005353353795556433,0.00019541681501042017,0.002293931502868542,0.0018279336688430507,-0.0055090450337253105,0.008879543005126498,0.5826558265582655,0.0022596046785002943,0.0025316455696202203,0.8321734856313496,0.7745098039215608,0.0,1.3438504236050273,0.5989159891598916,False,False,True
"SECURITY BROKERS, DEALERS & FLOTATION COMPANIES",654,35,654,654,654,0.004054657276063882,0.00388457269700333,0.00044945922551048364,0.012862884141604997,0.0005029785722060131,-0.0005363787760133019,0.0014352972270342693,0.0011712220178898432,-0.0018962852664574327,0.004511474983359734,0.6009174311926605,0.0003625012031732265,0.0018979754928076492,1.008785012410639,0.8533322624850036,0.5579478023420735,1.212171504075689,0.6513761467889908,False,False,True
ELECTRIC SERVICES,548,33,548,548,548,0.0033974804086896143,0.003662597114317425,0.001508650404594101,0.014315830603947234,0.0006115419751529141,0.00031002813329438937,0.0027072726758938124,0.0010846506634336305,-0.0026700555607272114,0.0057517332739710865,0.5766423357664233,0.0011033503876166644,0.0012810773480662109,1.023949720506649,0.8636363636363532,0.47940074906367086,1.2130177514792904,0.6094890510948905,False,False,True
"SAVINGS INSTITUTION, FEDERALLY CHARTERED",469,25,469,469,469,0.002907697649042754,0.002774694783573807,0.0011784264943177916,0.011840880857897676,0.0005467610765414279,0.00010677478429659275,0.00225007820433899,0.0008120347028346235,-0.0037417295493884727,0.005845366067046139,0.5373134328358209,0.001557237348925362,0.0013192277150929528,0.7106886219605227,0.8750000000000036,0.19999999999999574,1.4079182630906624,0.582089552238806,False,False,True
LIFE INSURANCE,455,26,455,455,455,0.002820900704295209,0.0028856825749167593,0.001853460792716878,0.009143282862370825,0.00042864371203954666,0.0010133191171193667,0.0026936024683143892,0.002011111111111032,-0.002265011071264764,0.005562704258927959,0.6263736263736264,0.0025558319179792024,0.003262500000000017,0.8928330731177085,0.7811023622047212,0.5086956632325105,1.0378378378378403,0.7164835164835165,False,False,True
ELECTRIC & OTHER SERVICES COMBINED,454,29,454,454,454,0.002814700922527527,0.003218645948945616,0.0025494456180655796,0.013411550022384576,0.000629435230391135,0.001315752566498955,0.003783138669632204,0.0013177487930757835,-0.002872394081951705,0.006986980496554798,0.5881057268722467,0.0031001814430007503,0.001257912676513557,0.7486198398899311,0.862068965517223,0.4473684210526361,1.1686956521739178,0.6211453744493393,False,False,True
PHARMACEUTICAL PREPARATIONS,357,20,357,357,357,0.002213322091062395,0.0022197558268590455,0.0014355456071429226,0.01019074860534691,0.0005393516107778704,0.0003784164500182966,0.002492674764267549,0.0007933915930858539,-0.0029109256743645837,0.004083192053296382,0.5546218487394958,0.0019063917255733936,0.001608751608751646,0.6786886201902025,0.7987804878048795,0.2680965147453026,1.358974358974362,0.5994397759103641,False,False,True
OIL ROYALTY TRADERS,327,9,327,327,327,0.002027328638031941,0.0009988901220865706,0.0019741859299433487,0.01725575971529421,0.0009542456927096688,0.00010386437223239807,0.0038445074876542994,0.0014173111064439059,-0.007096984714522909,0.00860435515495339,0.5290519877675841,0.0033608974030883937,0.0021123252450587493,0.7167106165718242,0.6198987498708534,-0.40190233773194634,1.6532386946027502,0.617737003058104,False,False,True
"SERVICES-BUSINESS SERVICES, NEC",324,19,324,324,324,0.002008729292728896,0.002108768035516093,0.0011575094187017865,0.008009371530759743,0.00044496508504220794,0.0002853778520190589,0.002029640985384514,0.0006320842088853595,-0.0023224174488050793,0.004446456472838352,0.5401234567901234,0.0012858510370239405,0.0016170495065925487,0.9548681269733,0.7388888888889116,0.04000000000007731,1.6428571428571457,0.5648148148148148,False,False,True
RETAIL-EATING PLACES,323,20,323,323,323,0.002002529510961214,0.0022197558268590455,0.0015855010809035846,0.007661068685450717,0.0004262732644503047,0.0007500054825809874,0.0024209966792261817,0.001044423260706361,-0.002315685374043693,0.004968450444107004,0.5789473684210527,0.0012542249162149697,0.001037075447238868,0.479056523526286,0.8499999999999943,0.0,1.5867768595041218,0.5510835913312694,False,False,True
SEMICONDUCTORS & RELATED DEVICES,320,18,320,320,320,0.0019839301656581687,0.001997780244173141,0.0011507939371295111,0.010008106792316911,0.0005594701778424496,5.4232388558309854e-05,0.0022473554857007126,0.00035948499622494214,-0.0037185706897825276,0.005409883252277429,0.521875,0.0016584729427009282,0.0008986340762042003,-4.263489187325644,0.7096774193548351,-1.4492753623188408,2.485294117647076,0.56875,False,False,True
REAL ESTATE,314,20,314,314,314,0.0019467314750520781,0.0022197558268590455,0.001326717495616537,0.011971026548582156,0.0006755641111237363,2.6118378140139314e-06,0.00265082315341906,0.0013247251454215833,-0.0032900440013475646,0.006557552148781124,0.5700636942675159,0.0017585938572797694,0.0019944636873536034,0.8654297655420339,0.8799999999999955,0.4800000000000019,1.2187500000000018,0.5955414012738853,False,False,True
COMMODITY CONTRACTS BROKERS & DEALERS,305,26,305,305,305,0.001890933439142942,0.0028856825749167593,0.0005573550772463322,0.014016217476325902,0.0008025662780325142,-0.0010156748276973957,0.00213038498219006,-0.0002601177359858962,-0.004181220679966868,0.004117236396882916,0.4885245901639344,0.001191533871768866,0.00013889328063239288,-17.88914279306295,0.9679635296321736,-0.8363332242463539,2.8438150770512296,0.5147540983606558,False,False,True
HOTELS & MOTELS,282,17,282,282,282,0.0017483384584862612,0.0018867924528301887,0.00026292234360262255,0.008255938788017897,0.0004916340003747325,-0.0007006802971318532,0.0012265249843370983,0.00024290378376683533,-0.0035936221495024663,0.004521871578847285,0.5177304964539007,0.0012919935573559368,0.0007487922705314611,0.4940728843799051,0.8733333333333325,-0.16666666666667299,1.8024466253758396,0.549645390070922,False,False,True
NATURAL GAS TRANSMISSION,281,16,281,281,281,0.0017421386767185795,0.0017758046614872365,0.0014188952550314483,0.013402177503822707,0.0007995068805918917,-0.00014813823092865936,0.002985928740991556,-0.000130358451504318,-0.004804924099167242,0.005483784796763699,0.49466192170818507,0.001916267677902203,0.0007022471910112584,0.9506137814865309,0.9599999999999937,0.63157894736843,1.279014684983418,0.5551601423487544,False,False,True
FINANCE SERVICES,266,26,266,266,266,0.0016491419502033529,0.0028856825749167593,0.0009964082284094817,0.012362385264073012,0.0007579864735272402,-0.0004892452597039091,0.0024820617165228725,0.000803289884766873,-0.004263527341239402,0.007051916469134707,0.5526315789473685,0.0011807608607047825,0.0024700950823024,-0.42534988444565414,0.7111100997545248,-0.1428571428571398,1.399999999999988,0.6127819548872181,False,False,True
WATER SUPPLY,239,11,239,239,239,0.0014817478424759447,0.001220865704772475,0.002369924303145971,0.012605161411360031,0.0008153601104115755,0.0007718184867392828,0.0039680301195526586,0.001035214232201479,-0.0030720568875826746,0.005288325864230142,0.5523012552301255,0.0030246810400161635,0.0014501474926253688,0.2536343931678512,0.7631055076310564,0.0,1.399999999999999,0.5941422594142259,False,False,True
PETROLEUM REFINING,234,13,234,234,234,0.001450748933637536,0.0014428412874583796,0.0006360313976422749,0.009995433444886953,0.000653421925414058,-0.0006446755761692788,0.0019167383714538285,0.00068583759026235,-0.004734111133313398,0.00599617380069709,0.5341880341880342,0.0006871932108809449,3.148528405201874e-05,0.9176252537992698,0.9904761904761828,0.2987600101578388,1.5794392523364464,0.5042735042735043,False,False,True
"INSURANCE AGENTS, BROKERS & SERVICE",231,14,231,231,231,0.0014321495883344907,0.0015538290788013318,0.0021682400000990654,0.010571626149509263,0.0006955619343550636,0.0008049386087631406,0.0035315413914349903,0.0012139453081496984,-0.002964688211845312,0.005430372901723202,0.6103896103896104,0.002299673919184603,0.0016566995312752545,0.40503623101489944,0.7314285714285775,-0.10909090909086154,1.499999999999995,0.6017316017316018,False,False,True
TRUCKING (NO LOCAL),223,11,223,223,223,0.0013825513341930364,0.001220865704772475,-0.00023920126710913115,0.007671249901177094,0.0005137048892235216,-0.0012460628499872334,0.0007676603157689712,-0.00039026062585644406,-0.004373598137329998,0.0030641244351743272,0.452914798206278,-0.0003959972951645965,-0.00017397355601944054,1.4082504962965132,1.0476190476190423,-0.33333333333332626,3.033333333333322,0.484304932735426,False,False,True
MOTOR VEHICLE PARTS & ACCESSORIES,211,13,211,211,211,0.001308153952980855,0.0014428412874583796,0.00012673373858260815,0.00674745326688396,0.00046451383946642937,-0.0007837133867715934,0.0010371808639368096,0.0006919547465544925,-0.003687695977931853,0.004725818432672991,0.5355450236966824,-0.00011620283072066237,0.001244343891402643,1.2271772751924495,0.7555555555555631,-0.09090909090907283,2.0833333333333335,0.5450236966824644,False,False,True
SURGICAL & MEDICAL INSTRUMENTS & APPARATUS,209,11,209,209,209,0.0012957543894454916,0.001220865704772475,0.0009434751784329415,0.008084972794540934,0.0005592492621947681,-0.00015265337546880393,0.002039603732334687,0.0006881775237009393,-0.0026992794948549805,0.004166366338512992,0.5645933014354066,0.0006220992970984221,0.0005620345651257872,1.1613907463339819,0.7941176470588536,-0.2727272727272831,2.1333333333333355,0.5406698564593302,False,False,True
"SAVINGS INSTITUTIONS, NOT FEDERALLY CHARTERED",205,16,205,205,205,0.0012709552623747643,0.0017758046614872365,0.003416567479355209,0.010120150570867854,0.0007068219756443901,0.0020311964070922044,0.004801938551618213,0.0026884685795785,-0.001738654214222331,0.008723948002972541,0.6292682926829268,0.0036962410164718524,0.002624045801526656,0.16162453365434398,0.6526104417670633,-0.2857142857142796,1.1666666666666567,0.6585365853658537,False,False,True
TELEPHONE COMMUNICATIONS (NO RADIOTELEPHONE),197,13,197,197,197,0.0012213570082333103,0.0014428412874583796,0.0018049449039127489,0.010469494787811305,0.0007459206184953516,0.0003429404916618598,0.0032669493161636377,0.0012554087246379655,-0.0030356317602944238,0.005600498622197405,0.5634517766497462,0.0018062406328906797,0.0008985623003194282,0.9791540577678647,0.9369369369369425,0.6002666666666698,1.1711711711711685,0.5634517766497462,False,False,True
NATURAL GAS DISTRIBUTION,194,11,194,194,194,0.0012027576629302648,0.001220865704772475,0.0007918300634729502,0.010376399910773252,0.0007449820973020025,-0.0006683348472389749,0.0022519949741848753,0.0004815327996690864,-0.00389098124640843,0.006272966453185761,0.5360824742268041,0.0013499196545138942,0.00120578778135043,0.7769431786546239,0.8300000000000125,0.1939393939393898,1.4039735099337778,0.6134020618556701,False,False,True
SERVICES-PREPACKAGED SOFTWARE,188,14,188,188,188,0.0011655589723241742,0.0015538290788013318,0.0005093275248975204,0.01178799333723697,0.0008597277739566541,-0.0011757389120575217,0.0021943939618525622,3.6513136032653194e-05,-0.003056319594801127,0.005155061037393419,0.5106382978723404,-0.0002899802741418439,-9.489466691971393e-05,1.1602021148570745,1.0000000000000142,-0.7428571428571575,2.718750000000014,0.4946808510638298,False,False,True
"LESSORS OF REAL PROPERTY, NEC",179,3,179,179,179,0.0011097609364150382,0.0003329633740288568,0.0015326149836033818,0.008624301910333981,0.0006446105898271177,0.00026917822754223106,0.0027960517396645327,0.0010573802478981154,-0.0031469307146212823,0.0058661280074614,0.5698324022346368,0.0008826709605666262,0.0007015945330296392,0.8671026546577809,0.8783999999999992,0.2400000000000091,1.5999999999999943,0.5586592178770949,False,True,False
"SERVICES-EQUIPMENT RENTAL & LEASING, NEC",177,17,177,177,177,0.0010973613728796747,0.0018867924528301887,0.0030217958194348766,0.0079164433678384,0.0005950363213345071,0.0018555246296192427,0.00418806700925051,0.002353937688880942,-0.0014347779152073352,0.007309681500201914,0.6384180790960452,0.0023238560838391964,0.003099696356275361,0.8917751544613972,0.8029288135593237,0.5119999999999973,1.0512820512820515,0.6836158192090396,False,False,True
RETAIL-AUTO DEALERS & GASOLINE STATIONS,176,9,176,176,176,0.001091161591111993,0.0009988901220865706,0.0004748661763569537,0.008514948136923989,0.0006418383654434688,-0.0007831370199122453,0.0017328693726261528,0.0005564335785047817,-0.003953479087527618,0.00432707550748258,0.5454545454545454,0.001152233305365922,0.0006897503103876319,1.1986487834824011,0.6333333333333258,-1.0000000000000253,3.3255813953488533,0.5284090909090909,False,False,True
"INDUSTRIAL INSTRUMENTS FOR MEASUREMENT, DISPLAY, AND CONTROL",172,10,172,172,172,0.0010663624640412657,0.0011098779134295228,0.0015879157096240454,0.009357586686908021,0.000713509295758444,0.0001894374899374953,0.0029863939293105954,0.00018909655874847992,-0.003330329594312369,0.0037695547958887703,0.5116279069767442,0.0022442666749065234,0.0012176560121766118,-0.6206173204605486,0.12500000000006395,-3.6071428571428243,2.9999999999999867,0.6046511627906976,False,False,True
HOUSEHOLD FURNITURE,162,9,162,162,162,0.001004364646364448,0.0009988901220865706,0.0008839963151903184,0.009795333616317852,0.0007695940915647668,-0.0006244081042766245,0.002392400734657261,-0.00038610545348158614,-0.006160425901275578,0.0076914632618503165,0.5,0.0017919613947589934,0.0011933174224344019,0.9422500682047972,0.8799999999999955,0.30476190476190185,1.3500000000000156,0.5679012345679012,False,False,True
SERVICES-HELP SUPPLY SERVICES,159,13,159,159,159,0.0009857653010614026,0.0014428412874583796,0.001590951398117258,0.01010787472297265,0.0008016066077293807,1.9802446967672046e-05,0.003162100349266844,0.0005891593069507376,-0.003352911022740019,0.00517434601070835,0.5345911949685535,0.0010883956329680415,0.00010034115994378565,1.5422452119664642,0.9824561403508812,0.0,1.6666666666666905,0.5283018867924528,False,False,True
INDUSTRIAL INORGANIC CHEMICALS,156,8,156,156,156,0.0009671659557583573,0.0008879023307436182,0.0028836027867266043,0.011179903343604674,0.0008951086410653686,0.001129189850238482,0.0046380157232147265,0.0016732373188266458,-0.0016220594935752806,0.007611459403944012,0.6282051282051282,0.0034929179786428546,0.0020008003201281137,0.4451244848548831,0.6153846153846159,-0.20000000000010232,1.2307692307692317,0.6474358974358975,False,False,True
"CUTLERY, HANDTOOLS & GENERAL HARDWARE",150,8,150,150,150,0.0009299672651522666,0.0008879023307436182,0.0012062309706954149,0.016422974390193138,0.0013409302438256304,-0.0014219923072028207,0.00383445424859365,0.001036005722674115,-0.004078014681134839,0.0066571115075280025,0.56,0.0012853059512312043,0.0021774008709603554,1.0114475397922345,0.6625000000000014,-0.3666666666666648,1.8272727272727318,0.6066666666666667,False,False,True
OPERATIVE BUILDERS,148,8,148,148,148,0.0009175677016169031,0.0008879023307436182,0.0022158868747845432,0.009117230292754628,0.0007494317135792936,0.0007470007161691277,0.0036847730333999587,0.0015614566775070812,-0.003820794586616697,0.006930068196826058,0.5945945945945946,0.0024433946060173403,0.0018683529749929286,0.5990200888810693,0.6333333333333258,-0.5000000000000071,2.266666666666626,0.5743243243243243,False,False,True
"PLASTIC MATERIALS, SYNTH RESINS & NONVULCAN ELASTOMERS",145,8,145,145,145,0.0008989683563138577,0.0008879023307436182,0.000854379441181007,0.009328848796177373,0.0007747187247615344,-0.0006640692593516003,0.0023728281417136144,0.00018424041019967459,-0.0045608726505873085,0.004631795257625783,0.5241379310344828,0.0010174411656495713,0.0006718788174933577,1.167707842732465,0.9000000000000037,-0.21517241379310376,2.343434343434365,0.5448275862068965,False,False,True
SERVICES-MANAGEMENT CONSULTING SERVICES,142,8,142,142,142,0.0008803690110108124,0.0008879023307436182,0.0001330801944373306,0.006907561675344869,0.000579669698923406,-0.0010030724154525452,0.0012692328043272065,0.0002694210841909019,-0.0035594489755924304,0.003843367055330774,0.5211267605633803,0.00013637198926638193,4.230040832393621e-17,1.0579664093733292,0.9555555555555588,0.2133333333333288,1.7777777777777795,0.5140845070422535,False,False,True
INDUSTRIAL ORGANIC CHEMICALS,141,7,141,141,141,0.0008741692292431306,0.0007769145394006659,-0.00019613912499892377,0.008836607057647116,0.0007441765609307479,-0.0016547251844231895,0.0012624469344253422,-0.0007335247826842042,-0.004588873503934672,0.0033585935923779735,0.46099290780141844,0.00011819909669637405,5.426356589137868e-05,0.9549572773059278,0.9970301230377575,0.3081232492997183,1.4390243902439108,0.5319148936170213,False,False,True
PERSONAL CREDIT INSTITUTIONS,137,8,137,137,137,0.0008493701021724036,0.0008879023307436182,0.003611005190300476,0.010293772773046096,0.0008794563595448229,0.0018872707255926232,0.005334739655008329,0.00295468768875808,-0.0018202215356419838,0.007712964628255761,0.6277372262773723,0.0033588404064323137,0.003521281826163287,0.7466057123430734,0.755409043505272,0.2727865990435661,1.300000000000002,0.6423357664233577,False,False,True
PIPE LINES (NO NATURAL GAS),137,7,137,137,137,0.0008493701021724036,0.0007769145394006659,-0.00183920983438879,0.010775017611234438,0.0009205718808191103,-0.003643530720794246,-3.488894798333382e-05,-0.002620324339106269,-0.0066952308216106865,0.003742670588324812,0.41605839416058393,-0.0008156560381463553,-0.000766260162601689,1.0546943663564632,1.0467289719626143,0.7967645457483008,1.3084112149532763,0.44525547445255476,False,False,True
ASSET-BACKED SECURITIES,136,11,136,136,136,0.0008431703204047217,0.001220865704772475,0.004759902479074429,0.01624726711272255,0.001393191661132166,0.002029246823255384,0.0074905581348934745,0.0028580861097240538,-0.0016174595903386615,0.011358641184902023,0.6838235294117647,0.005448326065012125,0.004080459770114859,0.09039511247670193,0.3936883411769827,-0.16232712029797136,0.9899999999999984,0.7720588235294118,False,False,True
"SECURITY & COMMODITY BROKERS, DEALERS, EXCHANGES & SERVICES",136,7,136,136,136,0.0008431703204047217,0.0007769145394006659,0.001323311283796823,0.008565546972888935,0.0007344895934110759,-0.00011628831928888568,0.0027629108868825318,0.0009471413662527368,-0.0024688027638461417,0.0036724705007199444,0.5588235294117647,0.0015596512667097541,0.0012401818933444747,0.26514745210082064,0.555555555555524,-0.5499999999999972,1.5416666666666856,0.5808823529411765,False,False,True
BEVERAGES,135,9,135,135,135,0.00083697053863704,0.0009988901220865706,0.0008701500364226163,0.011147550639167232,0.0009594283994777453,-0.0010103296265537643,0.002750629699398997,5.391891545351922e-05,-0.0030960091595446156,0.004621219260860113,0.5037037037037037,0.0011334402987961804,0.0011419870574800428,0.8136744353236754,0.8453608247422904,0.09732360097321666,1.323529411764728,0.5703703703703704,False,False,True
SERVICES-COMPUTER PROCESSING & DATA PREPARATION,127,12,127,127,127,0.0007873722844955858,0.0013318534961154272,-0.00021580710894352436,0.01155748354134061,0.001025560825287819,-0.0022259063265076496,0.0017942921086206009,0.000621220847890724,-0.003536554857713704,0.0033445973358373913,0.5511811023622047,-0.0001157871325453216,0.0006539321975562804,1.3011989341455694,0.8766233766233914,-0.8064516129032259,2.7666666666666613,0.5748031496062992,False,False,True
"OIL & GAS FIELD SERVICES, NEC",124,9,124,124,124,0.0007687729391925404,0.0009988901220865706,0.0030967472774001727,0.010355810097070118,0.0009299792001081019,0.001273988045188293,0.004919506509612053,0.0026503446192650748,-0.002555721440494406,0.008806514335901142,0.6129032258064516,0.0033715588300833187,0.0038350910834132517,-0.9655848505745479,0.19999999999999574,-1.5000000000000124,1.5714285714285632,0.6451612903225806,False,False,True
MINING & QUARRYING OF NONMETALLIC MINERALS (NO FUELS),122,8,122,122,122,0.0007563733756571769,0.0008879023307436182,8.09078556044245e-05,0.013277968570103958,0.0012021307904234748,-0.002275268493625586,0.002437084204834435,0.0001718837564479792,-0.003323176180701715,0.0046499999999999875,0.5163934426229508,0.00041825094189723577,0.0009304922303899344,2.0752948313777253,0.8000000000000114,-1.945945945945943,3.0666666666666726,0.5573770491803278,False,False,True
RETAIL-GROCERY STORES,121,6,121,121,121,0.0007501735938894951,0.0006659267480577136,0.0013326383066133492,0.007130346666867225,0.0006482133333515659,6.214017324428006e-05,0.0026031364399824184,0.0004711722449270109,-0.0033447727010731915,0.00596100618306272,0.5289256198347108,0.0003827202171380432,0.0008726003490400967,1.051110870540005,0.8399999999999892,0.323529411764746,1.647058823529408,0.5785123966942148,False,False,True
PUMPS & PUMPING EQUIPMENT,120,6,120,120,120,0.0007439738121218134,0.0006659267480577136,0.00031381887489664027,0.004807447732795389,0.00043885792787985044,-0.0005463426637478666,0.001173980413541147,0.00037402648316312904,-0.002975376062216684,0.0025854254846573513,0.5333333333333333,0.00038006664626351376,0.0013594344752581693,0.9685667329944452,0.6440677966101618,-0.7142857142857075,2.0422535211267845,0.5833333333333334,False,False,True
"MEN'S & BOYS' FURNISHGS, WORK CLOTHG, & ALLIED GARMENTS",119,6,119,119,119,0.0007377740303541315,0.0006659267480577136,0.0008096015156504313,0.008190146812744952,0.0007507895273683693,-0.0006619459579915725,0.002281148989292435,0.0012138034550149448,-0.00339673990253699,0.004538186600393109,0.5882352941176471,0.000758356449268547,0.0012099043331458346,1.8213750397898483,0.7083333333333257,-0.6266666666666652,2.133333333333667,0.5630252100840336,False,False,True
"PLASTICS PRODUCTS, NEC",114,6,114,114,114,0.0007067751215157226,0.0006659267480577136,-0.0013252334411849348,0.01485245928904708,0.0013910602637216228,-0.004051711558079315,0.0014012446757094457,5.352290800563018e-05,-0.003606442930897719,0.004136496955075959,0.5087719298245614,-0.0009467536049815267,0.0005597014925372766,3.45681794213733,0.8888888888888962,0.1304347826087006,1.9285714285714508,0.543859649122807,False,False,True
SERVICES-COMPUTER INTEGRATED SYSTEMS DESIGN,114,7,114,114,114,0.0007067751215157226,0.0007769145394006659,0.0005428847700642585,0.00898924848740223,0.0008419202590083132,-0.0011072789375920354,0.0021930484777205523,-0.00029812331423618196,-0.003973570023620946,0.003653350496081307,0.4824561403508772,0.0015141551718047001,0.0006243614485185737,0.11521467685923756,0.7999999999999958,-0.13513513513512745,1.55263157894734,0.5526315789473685,False,False,True
TELEVISION BROADCASTING STATIONS,113,9,113,113,113,0.0007005753397480408,0.0009988901220865706,0.0029734949212500005,0.020896048017028466,0.0019657348436364365,-0.0008793453722774152,0.006826335214777416,0.0009925427256776947,-0.0038122571001494654,0.0070518641865681886,0.5663716814159292,0.004744246310413133,0.0012203626220362478,0.44728926072329606,0.8000000000000007,0.12499999999999734,1.4615384615384577,0.5663716814159292,False,False,True
OIL & GAS FIELD MACHINERY & EQUIPMENT,111,8,111,111,111,0.0006881757762126773,0.0008879023307436182,0.004181917005834581,0.01687576009546829,0.0016017762629014685,0.0010424355305477034,0.007321398481121459,0.0027844947063408593,-0.0033392680811458616,0.010756115694860874,0.6306306306306306,0.004271718399741903,0.004237288135593202,0.16949819442622457,0.20000000000003126,-1.4666666666666592,2.111111111111086,0.6216216216216216,False,False,True
MISCELLANEOUS FABRICATED METAL PRODUCTS,108,6,108,108,108,0.0006695764309096319,0.0006659267480577136,-0.0014708173545459088,0.01278441724116186,0.0012301811226028822,-0.0038819723548475576,0.00094033764575574,0.00024410207758384685,-0.00406488099339954,0.003200000000000031,0.5462962962962963,-0.0007807029699089195,0.0014416752266134558,1.1535585528297208,0.3404255319148864,-1.2857142857142836,2.666666666666693,0.5648148148148148,False,False,True
FEDERAL & FEDERALLY-SPONSORED CREDIT AGENCIES,107,8,107,107,107,0.0006633766491419502,0.0008879023307436182,0.0033353027505972706,0.012631953308445524,0.001221177019119538,0.0009417957931229762,0.0057288097080715646,0.0036231674922654056,-0.0014969526464062915,0.009522323624254593,0.7102803738317757,0.0038095839871621433,0.004962938264638724,0.7393988015738975,0.6650434782608717,0.2953846153846149,1.001739130434791,0.7476635514018691,False,False,True
SURETY INSURANCE,107,7,107,107,107,0.0006633766491419502,0.0007769145394006659,0.0002947015586840696,0.0056116873969011705,0.0005425022971702036,-0.0007686029437695295,0.0013580060611376686,-0.0003789668319186786,-0.002838639527799272,0.002137838458613122,0.45794392523364486,0.0011685012167360906,0.0006744604316548235,0.8231951398553508,0.9400000000000001,0.24999999999999467,1.6071428571428417,0.5607476635514018,False,False,True
APPAREL & OTHER FINISHD PRODS OF FABRICS & SIMILAR MATL,103,6,103,103,103,0.000638577522071223,0.0006659267480577136,0.0008622450180814501,0.009965480458126468,0.0009819279666366122,-0.0010623337965263097,0.00278682383268921,-2.6057403797522666e-05,-0.0032669660616103866,0.005614033932502871,0.4854368932038835,0.0002758595137716555,-6.40267026888787e-17,1.0002928091326142,1.000000000000004,0.19999999999999574,1.800000000000021,0.4854368932038835,False,False,True
"PERFUMES, COSMETICS & OTHER TOILET PREPARATIONS",102,6,102,102,102,0.0006323777403035413,0.0006659267480577136,0.0015417039009744248,0.00818077326634315,0.0008100172549318932,-4.592991869208584e-05,0.003129337720640935,0.0010640315495114069,-0.0031837422956938408,0.0063512744851598815,0.5588235294117647,0.0024364993389173607,0.0019029006377289034,0.45440410933757175,0.7249999999999979,-0.3599999999999568,1.2800000000000011,0.6176470588235294,False,False,True
FOOD AND KINDRED PRODUCTS,100,5,100,100,100,0.0006199781767681778,0.0005549389567147614,0.0013236874886297114,0.00892633951317041,0.0008926339513170411,-0.00042587505595168907,0.003073250033211112,0.0007868632763796614,-0.0026890226768126473,0.004210580624260791,0.58,0.0011291715966112248,0.0016490765171503715,0.8908633776238147,0.8421052631578955,0.6285714285714253,1.1621621621621614,0.66,False,False,True
"STEEL WORKS, BLAST FURNACES & ROLLING MILLS (COKE OVENS)",100,5,100,100,100,0.0006199781767681778,0.0005549389567147614,0.000936316739246773,0.01466983860039758,0.001466983860039758,-0.0019389716264311524,0.0038116051049246987,0.0013737729392211415,-0.002511337707775547,0.006441466067344635,0.58,0.0013927194281256681,0.0016359727026269047,0.5031189318398507,0.5833333333333357,-0.9215686274509781,1.6999999999999815,0.6,False,False,True
MOTOR VEHICLES & PASSENGER CAR BODIES,99,5,99,99,99,0.000613778395000496,0.0005549389567147614,0.00193020884342262,0.005705782186505721,0.000573452686307064,0.0008062415782607746,0.0030541761085844657,0.0015263614803444315,-0.002374966185921158,0.005226973888375291,0.6262626262626263,0.002523012094019452,0.001879427497470018,0.8402539742541812,0.6666666666666643,-0.6086956521739155,2.0810810810810705,0.6060606060606061,False,False,True
CHEMICALS & ALLIED PRODUCTS,97,8,97,97,97,0.0006013788314651324,0.0008879023307436182,0.0019217204378039468,0.00869106021031673,0.0008824434655490477,0.0001921312453278133,0.00365130963028008,0.0027431458024717997,-0.001997132763344964,0.007110434656897192,0.6701030927835051,0.002490499559285054,0.004163997437540034,0.5735931845689042,0.5052631578947411,-0.2947368421052494,1.3599999999999994,0.6597938144329897,False,False,True
"RAILROADS, LINE-HAUL OPERATING",95,5,95,95,95,0.0005889792679297689,0.0005549389567147614,0.0018307365178118443,0.013412032260224686,0.001376045475645825,-0.0008663126144539729,0.004527785650077661,8.446775413891751e-05,-0.0021727154583180953,0.0031745663197057868,0.5157894736842106,0.0026146863800852534,0.0009571074087201671,0.4560110881722834,0.7657157894741252,-0.31851851851852353,1.8214350765538632,0.5894736842105263,False,False,True
"SPORTING & ATHLETIC GOODS, NEC",93,5,93,93,93,0.0005765797043944053,0.0005549389567147614,0.0007890817222281382,0.008617075033707018,0.0008935490559821729,-0.0009622744274969207,0.002540437871953197,-5.8369784514254296e-05,-0.004095069268696086,0.00521904682619777,0.4838709677419355,0.000620014972315952,0.0004930966469427673,0.7970289907016159,0.8787878787878761,0.0,1.7999999999999972,0.5268817204301075,False,False,True
AGRICULTURAL CHEMICALS,92,5,92,92,92,0.0005703799226267236,0.0005549389567147614,0.000917828798570466,0.009061852842983189,0.0009447634679130384,-0.0009339075985390894,0.0027695651956800215,-0.0003120611574679061,-0.004545185281590725,0.00673682905694941,0.4891304347826087,0.002809435795667686,0.0020609318996416604,0.507198788454536,0.7601990049751244,-0.04999999999999005,1.333333333333305,0.6195652173913043,False,False,True
"ORTHOPEDIC, PROSTHETIC & SURGICAL APPLIANCES & SUPPLIES",92,5,92,92,92,0.0005703799226267236,0.0005549389567147614,-5.098880349352911e-05,0.006786257579045772,0.000707516261367556,-0.001437720675773939,0.0013357430687868806,0.00021431176505913054,-0.0030535688938879424,0.004193572506363143,0.5217391304347826,-2.8768179138113807e-05,0.0004810236182597713,0.9595879080867336,0.730769230769222,-0.7777777777777922,2.717391304347826,0.5108695652173914,False,False,True
RETAIL-VARIETY STORES,92,5,92,92,92,0.0005703799226267236,0.0005549389567147614,-0.0004545545703431458,0.02653074450414935,0.0027660213223903293,-0.005875956362228192,0.004966847221541899,6.488892156763365e-06,-0.0034226151647944792,0.002723576715362015,0.5108695652173914,0.0008317832361692335,0.00014873574615767104,0.8876873110636536,0.945454545454564,-0.08928571428568383,2.0952380952380847,0.5217391304347826,False,False,True
ROLLING DRAWING & EXTRUDING OF NONFERROUS METALS,88,5,88,88,88,0.0005455807955559965,0.0005549389567147614,0.0009769804924913516,0.012168544425463258,0.0012971711942569182,-0.001565475048252208,0.0035194360332349113,0.0017047625410002956,-0.003056665408854535,0.005470961397589464,0.6363636363636364,0.0014186828353217223,0.002790697674418534,-0.2351335596221947,0.40259740259740556,-2.375000000000149,2.079999999999984,0.6022727272727273,False,False,True
CONSTRUCTION MACHINERY & EQUIP,86,6,86,86,86,0.0005331812320206328,0.0006659267480577136,0.0016679194427196404,0.006277069215177615,0.0006768737810625329,0.0003412468318370759,0.002994592053602205,0.0008596087197066788,-0.0011124535006780318,0.005298945368917717,0.5813953488372093,0.001234875251656631,0.0003473428273705688,0.4809218657750573,0.8846153846153999,-1.2000000000000455,2.2857142857143384,0.5116279069767442,False,False,True
RETAIL-FAMILY CLOTHING STORES,86,5,86,86,86,0.0005331812320206328,0.0005549389567147614,0.0009074456054471413,0.00602865167535197,0.000650086228830758,-0.00036672340306114425,0.002181614613955427,0.0005155042570052868,-0.0034776665504974496,0.004718428778204372,0.5581395348837209,0.001907418598116421,0.002399999999999896,0.47974115172987436,0.5789473684210521,-0.3636363636363559,1.6571428571428726,0.627906976744186,False,False,True
BLANK CHECKS,85,7,85,85,85,0.0005269814502529511,0.0007769145394006659,0.0013918227287693535,0.010242347591422687,0.001110938576072567,-0.0007856168803328776,0.0035692623378715846,0.0015728365090896459,-0.00468666480725705,0.006844517460863958,0.6,0.0018961136733712408,0.0018402046165219275,0.6655597150217711,0.8695652173913035,0.18665422305179258,1.3787791257461648,0.611764705882353,False,False,True
RETAIL-DEPARTMENT STORES,85,4,85,85,85,0.0005269814502529511,0.0004439511653718091,0.003175330472013366,0.013807541268940496,0.0014976381244106254,0.00023995974816854023,0.006110701195858192,0.000509676677063118,-0.002972505879265211,0.006230066484820931,0.5529411764705883,0.00414684030162405,0.002501474926253654,0.12999477429290077,0.8106666666666645,-0.06349206349207341,1.2063492063492145,0.6235294117647059,False,True,False
BITUMINOUS COAL & LIGNITE SURFACE MINING,84,5,84,84,84,0.0005207816684852693,0.0005549389567147614,0.001840883715552499,0.00922125936269794,0.001006121881723418,-0.0001311151726254003,0.003812882603730398,0.0013458889539471224,-0.0038139932058747997,0.00789458745031576,0.5595238095238095,0.002389146475050658,0.002421090387374457,0.40706544253192184,0.7571428571428538,0.0,1.1000000000000032,0.6190476190476191,False,False,True
FARM MACHINERY & EQUIPMENT,83,4,83,83,83,0.0005145818867175876,0.0004439511653718091,0.0008660415044933762,0.0054238202096616485,0.000595341611630638,-0.00030082805430267407,0.0020329110632894267,0.0005205514468424727,-0.003019374305061276,0.00423538555907405,0.5421686746987951,0.0016710211492533046,0.0016930584603128084,0.17676741171222615,0.5374149659863698,-1.999999999999997,2.2424242424242267,0.5783132530120482,False,True,False
MISCELLANEOUS CHEMICAL PRODUCTS,83,5,83,83,83,0.0005145818867175876,0.0005549389567147614,-0.0014561282187815462,0.011768807913632582,0.001291794491600692,-0.003988045422318902,0.00107578898475581,-0.0005791388269777049,-0.004732347256209915,0.0035521942088349743,0.4457831325301205,-0.0013141635401156117,0.00012195121951211459,0.9957676050012888,0.9661835748792065,-0.5227272727272818,2.6216216216216184,0.5421686746987951,False,False,True
SERVICES-PERSONAL SERVICES,83,5,83,83,83,0.0005145818867175876,0.0005549389567147614,0.0006019033172356927,0.008006706325281807,0.0008788501947493305,-0.0011206430644729952,0.0023244496989443804,8.542627712276529e-05,-0.0031933430489214007,0.004063542207881447,0.5180722891566265,0.000768531101517798,0.0009114385538508624,0.6623697513530206,0.7599999999999909,-0.3636363636363774,1.7407407407407365,0.5903614457831325,False,False,True
ACCIDENT & HEALTH INSURANCE,80,4,80,80,80,0.0004959825414145422,0.0004439511653718091,-0.0005549922238455272,0.006216741598433946,0.0006950528406324502,-0.0019172957914851295,0.000807311343794075,-0.0014317554350765924,-0.004044310489304121,0.0020278921056768036,0.4,0.0012588878575232744,0.0010496183206106817,0.8748221816388394,0.8095238095237951,0.3888888888888905,1.6206896551724346,0.5625,False,True,False
NATURAL GAS TRANSMISSION & DISTRIBUTION,80,4,80,80,80,0.0004959825414145422,0.0004439511653718091,0.0006671955493152097,0.006966767322725358,0.0007789082658519057,-0.0008594646517545256,0.002193855750384945,0.0006995532567907522,-0.003383820356513462,0.00465890888716468,0.55,0.0011421647410384708,0.00027800945232145786,0.7767773396027323,0.9583333333332907,0.1621621621621683,1.1999999999999922,0.55,False,True,False
"SERVICES-CONSUMER CREDIT REPORTING, COLLECTION AGENCIES",80,4,80,80,80,0.0004959825414145422,0.0004439511653718091,0.00025586796031629936,0.004057250848993346,0.00045361443500589277,-0.0006332163322952505,0.001144952252927849,-0.00016830126803640496,-0.002655311633822921,0.0018100380088697699,0.4875,0.0007733902138999715,0.0011696386432191645,0.292438549291135,0.19417475728154235,-1.4545454545454604,2.556701030927854,0.5875,False,True,False
"SOAP, DETERGENTS, CLEANG PREPARATIONS, PERFUMES, COSMETICS",80,4,80,80,80,0.0004959825414145422,0.0004439511653718091,0.0024783065379395007,0.00890996772190302,0.0009961646751752047,0.0005258237745960994,0.004430789301282902,0.0015165520743797227,-0.0033437948206164634,0.004884379284588368,0.575,0.003252687606644393,0.0028256012616637966,0.1565257591520644,0.2531645569620109,-0.6153846153846241,1.240506329113929,0.675,False,True,False
TITLE INSURANCE,80,4,80,80,80,0.0004959825414145422,0.0004439511653718091,0.0008884641942036233,0.008068820254083934,0.0009021215293179399,-0.000879694003259539,0.002656622391666786,0.0005639737439238324,-0.0032618273449165633,0.005030318012672126,0.5375,0.0016737818294023411,0.0007301208018054802,1.0899725490253638,0.9038461538461516,0.1999999999999918,1.368421052631576,0.55,False,True,False
"FOOTWEAR, (NO RUBBER)",79,4,79,79,79,0.0004897827596468604,0.0004439511653718091,0.002734290993271953,0.010292554769632103,0.001158002884093152,0.00046460534044937517,0.0050039766460945306,0.0030242259219754528,-0.0034184292840544763,0.006022340596524778,0.6329113924050633,0.0021863944358057135,0.002419842710223698,0.6783326642212613,0.5806451612903446,-0.7142857142857244,2.3000000000000043,0.569620253164557,False,True,False
AIR-COND & WARM AIR HEATG EQUIP & COMM & INDL REFRIG EQUIP,77,4,77,77,77,0.0004773831961114969,0.0004439511653718091,0.0008441371682229358,0.014955541690794945,0.0017043421523491402,-0.0024963734503813785,0.004184647786827251,0.0012529281855366565,-0.002137945509473868,0.005059574071297564,0.6103896103896104,0.0008611051932596026,0.00030646644192457444,0.6934894915800492,0.8333333333333452,-0.9909090909090681,2.1714285714285864,0.5454545454545454,False,True,False
HOSPITAL & MEDICAL SERVICE PLANS,76,4,76,76,76,0.0004711834143438151,0.0004439511653718091,0.0033793742284429166,0.008320624055882082,0.000954441037020619,0.0015086697958825034,0.00525007866100333,0.0015081319944263345,-0.0013125464860214565,0.006426069521133821,0.618421052631579,0.002439694725562857,0.001946826083536591,0.24683993624348802,0.4214285714285942,-0.6965517241379248,1.3108108108108092,0.6447368421052632,False,True,False
"PLASTIC MATERIAL, SYNTH RESIN/RUBBER, CELLULOS (NO GLASS)",76,4,76,76,76,0.0004711834143438151,0.0004439511653718091,0.0018528275108318942,0.010814848144981282,0.001240548161939782,-0.0005786468865700786,0.004284301908233867,0.001239925653206732,-0.002671474391495652,0.007806911379032434,0.5921052631578947,0.0016967133420099346,0.0017003589646703622,0.08153712194002045,0.7822222222222182,0.14411428571427873,1.4000000000000057,0.631578947368421,False,True,False
REAL ESTATE AGENTS & MANAGERS (FOR OTHERS),74,7,74,74,74,0.00045878385080845157,0.0007769145394006659,-0.0006380267712358129,0.007804277881606955,0.0009072288758374246,-0.002416195367877165,0.0011401418254055392,-0.0004224050491593197,-0.004047646630392459,0.003053067570970588,0.44594594594594594,0.00016441237905779656,3.565439555367351e-17,1.477296324690545,0.9565217391304298,-0.21739130434781373,1.9999999999999871,0.527027027027027,False,False,True
"MISCELLANEOUS ELECTRICAL MACHINERY, EQUIPMENT & SUPPLIES",73,6,73,73,73,0.00045258406904076975,0.0006659267480577136,0.0009758363787555995,0.00684725694349225,0.0008014108078130036,-0.0005949288045578875,0.0025466015620690865,-0.00015044820544487625,-0.003052823874965014,0.005102504679363108,0.4931506849315068,0.0008943942876505267,-3.0321217059090407e-17,0.6560521429488452,1.0000000000000024,0.2727272727272615,1.6904761904762096,0.4931506849315068,False,False,True
WHOLESALE-INDUSTRIAL MACHINERY & EQUIPMENT,73,4,73,73,73,0.00045258406904076975,0.0004439511653718091,0.0021418366046865884,0.008412197266687316,0.0009845732185332374,0.00021207309636144325,0.0040716001130117335,0.0016818245803724451,-0.00368801013623583,0.00688210292414302,0.6164383561643836,0.0041627547156171925,0.0037109374999999556,0.5580395618151632,0.7759999999999991,0.062499999999987566,1.2,0.684931506849315,False,True,False
RADIO & TV BROADCASTING & COMMUNICATIONS EQUIPMENT,72,6,72,72,72,0.000446384287273088,0.0006659267480577136,-0.0004573762923886482,0.010152815232506041,0.0011965207498398495,-0.002802556962074753,0.0018878043772974566,-0.0008015389547931086,-0.004866067041722774,0.0034702891258773533,0.4583333333333333,0.0008492035602899839,0.0010004547521600261,1.1784228727637798,0.7833333333333314,-0.600000000000005,1.9000000000000128,0.6111111111111112,False,False,True
GENERAL INDUSTRIAL MACHINERY & EQUIPMENT,71,5,71,71,71,0.0004401845055054062,0.0005549389567147614,0.00012938632635986255,0.007700537799831945,0.0009138857019069002,-0.001661829649377662,0.001920602302097387,0.000518148365269369,-0.0020794892686602055,0.003035927946510558,0.5492957746478874,0.0002943046793984868,0.0006954102920722436,-1.521419029144871,0.7500000000000284,-0.9254658385093224,2.007142857142859,0.5352112676056338,False,False,True
"SERVICES-COMPUTER PROGRAMMING, DATA PROCESSING, ETC.",71,8,71,71,71,0.0004401845055054062,0.0008879023307436182,0.0009231253426124943,0.006987616602146328,0.0008292775217918118,-0.0007022586000994568,0.0025485092853244455,0.0007614867450266754,-0.002741111379467516,0.004195712661147877,0.5492957746478874,0.0006022035115703912,0.0006888238333046547,0.6993247294740486,0.5714285714285592,-2.238095238095233,2.963636363636381,0.5915492957746479,False,False,True
"WHOLESALE-DRUGS, PROPRIETARIES & DRUGGISTS' SUNDRIES",71,4,71,71,71,0.0004401845055054062,0.0004439511653718091,0.0005135342759755044,0.007032918635053776,0.0008346538839651571,-0.0011223873365962035,0.0021494558885472126,0.00012170801562702715,-0.0039571506383825235,0.004659289483633526,0.5070422535211268,-0.00018946675676686887,-0.0003819126183927902,1.4739997281581776,1.1168831168831161,0.16138793625176176,2.0980392156862613,0.4647887323943662,False,True,False
ARRANGEMENT OF TRANSPORTATION OF FREIGHT & CARGO,70,5,70,70,70,0.0004339847237377244,0.0005549389567147614,0.00037809387791487066,0.007166594599853804,0.0008565718897246637,-0.0013007870259454702,0.0020569747817752114,0.0002761897863692653,-0.002825805249805524,0.0032529966867985128,0.5428571428571428,6.350783606476275e-05,-0.0006690806045340318,1.1157931223513433,1.1200000000000045,-0.15686274509803588,2.4499999999999744,0.4714285714285714,False,False,True
"STEEL WORKS, BLAST FURNACES & ROLLING & FINISHING MILLS",70,4,70,70,70,0.0004339847237377244,0.0004439511653718091,0.0023274583377383734,0.015553229598849689,0.0018589664984091643,-0.0013161159991435887,0.0059710326746203355,0.0003825727433995601,-0.0057054616539886265,0.005212720221801029,0.5428571428571428,0.003969192049529649,0.002189980837667717,0.3860513190429281,0.6129032258064443,-2.999999999999877,3.0000000000001137,0.5857142857142857,False,True,False
CABLE & OTHER PAY TELEVISION SERVICES,69,4,69,69,69,0.00042778494197004267,0.0004439511653718091,0.00229603424213558,0.007886594701496523,0.0009494344310813662,0.00043514275721610223,0.004156925727055057,0.0016003657978965514,-0.002167820350228622,0.006672863826469283,0.5942028985507246,0.002730079279553864,0.0016611295681063657,0.5902416721213989,0.8685714087183656,0.24067796610170722,1.4545454545454557,0.5652173913043478,False,True,False
DRILLING OIL & GAS WELLS,69,4,69,69,69,0.00042778494197004267,0.0004439511653718091,0.002972485123665663,0.017816227777294462,0.0021448217797399713,-0.0012313655646246802,0.007176335811956007,0.00245545947480516,-0.004255528347476338,0.00968250918990722,0.5652173913043478,0.0026260597722407315,0.001487209994051287,0.17447542919752565,0.7666666666666563,-0.12499999999999734,1.7142857142857115,0.5652173913043478,False,True,False
MISCELLANEOUS FOOD PREPARATIONS & KINDRED PRODUCTS,69,5,69,69,69,0.00042778494197004267,0.0005549389567147614,0.0032244119318145066,0.010832442928631246,0.0013040728829661807,0.0006684290812007925,0.005780394782428221,0.0019849539065370726,-0.0024490313504748557,0.005574493221252582,0.6521739130434783,-0.0006953908673276632,-0.0006543646119617705,1.3126154742022174,1.1190476190476164,0.43589743589744023,1.8644067796610677,0.43478260869565216,False,False,True
MISC INDUSTRIAL & COMMERCIAL MACHINERY & EQUIPMENT,68,5,68,68,68,0.00042158516020236085,0.0005549389567147614,-8.551851381965707e-05,0.009553701067562209,0.0011585564299157408,-0.002356289116454509,0.0021852520888151947,0.0007064475109499944,-0.0025984970854693256,0.003667220949460288,0.5735294117647058,-0.0015502214730169907,0.0002862704683384407,0.8004838958721732,0.344827586206877,-1.4230769230769404,3.000000000000025,0.5294117647058824,False,False,True
MISCELLANEOUS MANUFACTURING INDUSTRIES,68,4,68,68,68,0.00042158516020236085,0.0004439511653718091,-0.0017766372729505699,0.010779907262359171,0.0013072557728549933,-0.004338858587746357,0.0007855840418452172,3.016907423228788e-06,-0.004591179043322196,0.0038833909500309836,0.5147058823529411,-0.0017630710497251623,-0.0001099142668719212,1.2203529681330978,0.979591836734673,0.21739130434781373,1.7538461538461547,0.5,False,True,False
ELECTRONIC & OTHER ELECTRICAL EQUIPMENT (NO COMPUTER EQUIP),67,4,67,67,67,0.0004153853784346791,0.0004439511653718091,0.0013089071082830904,0.005341151450659329,0.0006525255049499238,2.9957118581239823e-05,0.002587857097984941,0.0009968439987895865,-0.0016018324940680565,0.003626056128961229,0.5522388059701493,-0.0010552682927700376,-0.0007192174913693737,0.47447455546436684,1.148514851485145,0.0,3.500000000000014,0.43283582089552236,False,True,False
PAPERBOARD CONTAINERS & BOXES,67,4,67,67,67,0.0004153853784346791,0.0004439511653718091,0.001259357898951299,0.004831539163189899,0.0005902664549526378,0.00010243564724412885,0.002416280150658469,0.0015000500348953537,-0.0012915648341310254,0.004644250458822315,0.5970149253731343,0.0020453654124867383,0.002413127413127475,0.634205040464889,0.730769230769222,0.13333333333330682,1.3877551020408159,0.6417910447761194,False,True,False
COMPUTER & OFFICE EQUIPMENT,66,4,66,66,66,0.00040918559666699734,0.0004439511653718091,0.0001164218838228543,0.007734024337128262,0.0009519925869275632,-0.0017494835865551695,0.001982327354200878,0.0001336094595498627,-0.0035617272060189916,0.004538905706634842,0.5303030303030303,0.0002866445564492044,0.0007529523658556319,0.90868281106507,0.9036144578313253,0.38095238095238637,1.538461538461533,0.5909090909090909,False,True,False
SPECIAL INDUSTRY MACHINERY (NO METALWORKING MACHINERY),66,4,66,66,66,0.00040918559666699734,0.0004439511653718091,-0.00041547918685572144,0.008626368789761769,0.0010618325960693581,-0.0024966710751516633,0.0016657127014402205,6.87887571393939e-05,-0.004318415190934223,0.0047698052534531216,0.5303030303030303,0.00010449406786850749,0.0005558098476426008,1.3033427084493914,0.6190476190476313,-1.2380952380952626,2.8529411764706682,0.5454545454545454,False,True,False
"SEARCH, DETECTION, NAVIGATION, GUIDANCE, AERONAUTICAL SYS",65,4,65,65,65,0.0004029858148993155,0.0004439511653718091,0.001505442911993286,0.008394057186074996,0.00104115465520145,-0.0005352202122015561,0.0035461060361881283,0.0015331079143243343,-0.001269984831954959,0.004253024678627825,0.6923076923076923,0.0008361901152102592,0.001400284432775368,0.8929104820607056,0.6416184971098344,-0.008771929824553427,1.2155172413793074,0.676923076923077,False,True,False
REFUSE SYSTEMS,61,3,61,61,61,0.00037818668782858844,0.0003329633740288568,0.0003674269180211019,0.005747797844109916,0.0007359301024448598,-0.0010749960827708231,0.001809849918813027,0.00043110588517137537,-0.002955329456996959,0.0035062711281851366,0.5573770491803278,0.0012784665103762708,0.0017265680056376368,0.566921482455477,0.37333333333333485,-0.08695652173917491,1.4920634920634885,0.6557377049180327,False,True,False
"RETAIL-BUILDING MATERIALS, HARDWARE, GARDEN SUPPLY",61,3,61,61,61,0.00037818668782858844,0.0003329633740288568,0.0015516426739125057,0.004928521547592373,0.0006310325216357754,0.00031481893150638583,0.0027884664163186253,0.0013417624569938746,-0.0007308037761751614,0.003418166696072011,0.6721311475409836,0.000560180128897223,0.000964061067737064,0.9536181780135252,0.7499999999999989,-0.1538461538461779,1.6847826086956645,0.5245901639344263,False,True,False
SERVICES-ENGINEERING SERVICES,61,4,61,61,61,0.00037818668782858844,0.0004439511653718091,0.002699704163038957,0.022961492674968297,0.002939917880704986,-0.0030625348831428154,0.00846194320922073,0.00043671845578477017,-0.0026215216234830706,0.004728204189381179,0.5081967213114754,0.0029134415286887817,0.00047810941875557286,-1.2977555611410327,0.6956521739130286,-1.599999999999966,3.6658319421257626,0.5573770491803278,False,True,False
"WHOLESALE-ELECTRONIC PARTS & EQUIPMENT, NEC",61,4,61,61,61,0.00037818668782858844,0.0004439511653718091,-0.00032856956978683384,0.013765627284864638,0.0017625079678732106,-0.0037830851868183267,0.003125946047244659,0.0014086096566398704,-0.001976246244365957,0.004518518108576569,0.6229508196721312,-0.0017553239869036962,8.591900930813795e-17,1.0273073551120269,0.9999999999999787,0.0,1.7096774193548423,0.5409836065573771,False,True,False
AIRCRAFT ENGINES & ENGINE PARTS,60,4,60,60,60,0.0003719869060609067,0.0004439511653718091,0.0024969500121964877,0.00707956292944689,0.0009139676441391733,0.000705573429683708,0.004288326594709267,0.0020025331770690694,-0.0020060735364310998,0.004639097664381215,0.65,0.0010953128034395445,0.0011085245538189235,-0.22111124495872356,0.709677419354835,-0.42016806722689076,1.4545454545454235,0.5833333333333334,False,True,False
"BIOLOGICAL PRODUCTS, (NO DIAGNOSTIC SUBSTANCES)",60,3,60,60,60,0.0003719869060609067,0.0003329633740288568,0.0007395229254405359,0.0065672345595548885,0.0008478263359931295,-0.0009222166931059977,0.0024012625439870693,0.00019436021948264915,-0.003955331866845123,0.0036568597114518173,0.5166666666666667,0.002113811156763233,0.0007534848675122941,0.4278963001147365,0.8195876288659665,0.1971830985915301,1.406746031746038,0.6166666666666667,False,True,False
ELECTRICAL WORK,60,3,60,60,60,0.0003719869060609067,0.0003329633740288568,-0.00150731705279163,0.00811428914818132,0.0010475502245739273,-0.0035605154929565274,0.0005458813873732676,-0.0004696625420162427,-0.004072020642247138,0.0034057607347370246,0.4666666666666667,-0.0018638616811455096,0.0010207010940639634,7.56779295241792,-0.17142857142857792,-9.142857142856947,8.749999999999858,0.6,False,True,False
ELECTRONIC COMPONENTS & ACCESSORIES,60,3,60,60,60,0.0003719869060609067,0.0003329633740288568,-0.00042952741425541,0.010405296224911943,0.0013433179663812952,-0.0030624306283627487,0.0022033757998519282,-0.0015024967961465348,-0.004700189000400579,0.003455582188058743,0.38333333333333336,0.00010624645298304517,5.771560583459885e-17,0.6644842838815141,0.9098360655737817,-0.7000000000000028,2.2999999999999687,0.5166666666666667,False,True,False
ENGINES & TURBINES,60,3,60,60,60,0.0003719869060609067,0.0003329633740288568,-0.0006669612694986708,0.006127924202361068,0.0007911116127521928,-0.002217540030492969,0.0008836174914956271,-0.00048329693702262467,-0.00378194704323288,0.0024694188401640452,0.4666666666666667,-0.00018493216640200414,-0.0006631927996210543,1.0433949445352917,1.0769230769230969,0.05095541401272871,1.9517241379310433,0.48333333333333334,False,True,False
GENERAL BLDG CONTRACTORS - RESIDENTIAL BLDGS,60,3,60,60,60,0.0003719869060609067,0.0003329633740288568,0.00240251986657846,0.012342460875929637,0.001593404847456403,-0.0007205536344360897,0.00552559336759301,0.0007802277913934287,-0.0030498533436320516,0.005403009400176208,0.5833333333333334,0.005149106365830155,0.0038917549099466635,-0.3477955810108321,0.13999999999998636,-1.9105691056910639,1.873015873015884,0.6666666666666666,False,True,False
METAL FORGINGS & STAMPINGS,60,3,60,60,60,0.0003719869060609067,0.0003329633740288568,0.0006784951719271924,0.012417043812631466,0.0016030334631816506,-0.002463450415908843,0.0038204407597632276,0.0011487332542665547,-0.0031937535758699287,0.006075391582837725,0.5333333333333333,4.951509517612104e-05,0.0002085418752085467,1.410335001099373,0.7499999999999396,-2.2399999999999807,4.0,0.5333333333333333,False,True,False
PRINTED CIRCUIT BOARDS,60,3,60,60,60,0.0003719869060609067,0.0003329633740288568,0.0002636256770727488,0.005743796522541355,0.0007415209425268913,-0.0011897553702799582,0.0017170067244254557,0.0003443835800145986,-0.002613099878316548,0.0030829508965799866,0.55,0.000328595846275725,0.0013703993735317541,3.3834855912061657,0.6060606060605931,-3.250000000000064,5.999999999999872,0.5666666666666667,False,True,False
RAILROAD EQUIPMENT,60,3,60,60,60,0.0003719869060609067,0.0003329633740288568,-0.0003720649505027633,0.007133985594241927,0.0009209935799527535,-0.0021772123672101603,0.0014330824662046335,-0.00021435466017279007,-0.004202478433333532,0.0024384967732017336,0.48333333333333334,0.002030311893353356,0.0023424079954192318,-0.03631972587456597,0.7000000000000028,-0.7187499999999902,1.4642857142857273,0.6666666666666666,False,True,False
WHOLESALE-FARM PRODUCT RAW MATERIALS,60,3,60,60,60,0.0003719869060609067,0.0003329633740288568,-0.0003347130774994665,0.006593814858505499,0.0008512578378322271,-0.0020031784396506314,0.0013337522846516986,7.721137090009687e-05,-0.0046658133384800266,0.0036845372790844763,0.5166666666666667,-0.00022923600205152145,0.0,1.288599460864934,0.9871794871794911,0.0,1.6249999999999964,0.5,False,True,False
DEEP SEA FOREIGN TRANSPORTATION OF FREIGHT,59,3,59,59,59,0.00036578712429322487,0.0003329633740288568,0.0018801588911058764,0.011526467448215083,0.0015006182445390377,-0.0010610528681906373,0.00482137065040239,0.0018235204729390095,-0.0014256672634654134,0.007893674728763261,0.6440677966101694,0.0026078896977481426,0.001934235976789197,0.9074642638107466,0.8666666666666719,0.5714285714285592,1.1999999999999957,0.6271186440677966,False,True,False
WHOLESALE-COMPUTERS & PERIPHERAL EQUIPMENT & SOFTWARE,59,5,59,59,59,0.00036578712429322487,0.0005549389567147614,0.00036112401297026066,0.007768183472376021,0.001011331346567869,-0.0016210854263027626,0.002343333452243284,0.0008925516680098988,-0.0024501758504226912,0.004856509265253106,0.576271186440678,0.0011807679237057422,0.0008888888888889364,0.48909696264572944,0.714285714285699,-1.0000000000000142,1.7948717948718023,0.576271186440678,False,False,True
PATENT OWNERS & LESSORS,58,6,58,58,58,0.0003595873425255431,0.0006659267480577136,-0.0006584155995694363,0.013322648919392261,0.001749349505847835,-0.004087140631031193,0.00277030943189232,-6.424392824813755e-05,-0.002816719540159022,0.0035331468446768233,0.5,0.00013535060378578982,-0.0001188354129530733,1.1617270305174099,1.0000000000000009,0.0,1.9142857142856786,0.4827586206896552,False,False,True
RETAIL-MISCELLANEOUS RETAIL,58,3,58,58,58,0.0003595873425255431,0.0003329633740288568,0.0011917595581239012,0.008180882047842574,0.0010742024393483505,-0.0009136772229988656,0.0032971963392466677,0.0004071359841828644,-0.004559343373402733,0.007301451769522679,0.5344827586206896,0.0010957886429466062,0.000989046312093558,1.079144727240947,0.8000000000000048,0.0,1.8484848484848466,0.5689655172413793,False,True,False
SERVICES-EDUCATIONAL SERVICES,58,5,58,58,58,0.0003595873425255431,0.0005549389567147614,0.0006546887271263319,0.006050356531068054,0.0007944507336240713,-0.0009024347107768477,0.0022118121650295114,0.0002450765714010882,-0.0032271245838158824,0.00403884583416642,0.5517241379310345,0.00039113528944353286,5.064523636483272e-17,0.8264871699881293,0.7666666666666799,-0.0500000000000019,1.8666666666666507,0.5172413793103449,False,False,True
LUMBER & WOOD PRODUCTS (NO FURNITURE),57,3,57,57,57,0.0003533875607578613,0.0003329633740288568,-0.0007931668052687118,0.006147794539094784,0.0008142952791618819,-0.002389185552426,0.0008028519418885767,-0.001047929393016012,-0.00441054197501173,0.0034339936093816257,0.45614035087719296,0.0006626905738971666,8.821683011199224e-17,-2.1879430511009366,0.9999999999990905,-3.000000000000012,4.23333333333332,0.5263157894736842,False,True,False
METAL CANS,57,3,57,57,57,0.0003533875607578613,0.0003329633740288568,-0.0007006884625773068,0.004167849490619774,0.0005520451509702952,-0.0017826969584790854,0.00038132003332447175,-0.000972122231050864,-0.0027610318143492948,0.0019205275510994799,0.43859649122807015,-0.0006724106058680819,-0.0017382235355466564,1.0833571681217118,1.5000000000000124,0.2222222222222175,2.1249999999999623,0.40350877192982454,False,True,False
SERVICES-MISCELLANEOUS EQUIPMENT RENTAL & LEASING,57,4,57,57,57,0.0003533875607578613,0.0004439511653718091,-0.0008393086054291075,0.021363992703299996,0.002829729961162234,-0.006385579329307086,0.004706962118448871,0.001477936105897114,-0.0050094526838071534,0.008032021402803683,0.5263157894736842,0.0005903605776240907,0.0024807493847742064,1.0235060513429022,0.7142857142856737,0.016842105263160528,1.8666666666666742,0.5789473684210527,False,True,False
"COMMERCIAL BANKS, NEC",56,3,56,56,56,0.00034718777899017954,0.0003329633740288568,0.002071219487657898,0.008169232688040309,0.001091659636838613,-6.84334005457833e-05,0.004210872375861579,0.001307236134555921,-0.0022419149891191262,0.006061602229869598,0.6428571428571429,0.003287976240859867,0.0007526881720429685,0.08819389867941663,0.8807947019867538,-1.4000000000000057,1.886227544910183,0.5714285714285714,False,True,False
"GENERAL INDUSTRIAL MACHINERY & EQUIPMENT, NEC",55,3,55,55,55,0.0003409879972224978,0.0003329633740288568,7.16592273731431e-05,0.008404618189076122,0.001133278485426237,-0.002149566604062281,0.0022928850588085675,0.00019680709966536148,-0.0030790727346233886,0.0019700711980801637,0.5454545454545454,-0.00026928663012694973,0.0009129854624622595,1.3975859827751025,0.6285714285714253,-2.9999999999999716,3.000000000000033,0.6181818181818182,False,True,False
HEAVY CONSTRUCTION OTHER THAN BLDG CONST - CONTRACTORS,55,3,55,55,55,0.0003409879972224978,0.0003329633740288568,0.00010439196408170577,0.005858835713937456,0.0007900052465062727,-0.0014440183190705886,0.0016528022472340003,0.00042645277977574367,-0.002037132654390924,0.0035639365829095732,0.5454545454545454,0.002217027735814735,0.0035540726771595603,0.0030289815094536464,-0.14814814814811866,-1.944444444444413,1.923076923076923,0.6909090909090909,False,True,False
LABORATORY ANALYTICAL INSTRUMENTS,55,4,55,55,55,0.0003409879972224978,0.0004439511653718091,-0.00029916747388337664,0.0076752302254800625,0.0010349278324784754,-0.0023276260255411883,0.001729291077774435,-1.1205864687034023e-05,-0.003931423968191815,0.0027329311877032384,0.4909090909090909,0.0003551323838168806,4.209123391924787e-17,1.2835715926644191,0.9999999999999432,-2.838983050847525,4.08888888888896,0.509090909090909,False,True,False
RADIO BROADCASTING STATIONS,55,3,55,55,55,0.0003409879972224978,0.0003329633740288568,0.0017566412965449476,0.011194791789066141,0.0015095054168986048,-0.0012019893205763178,0.004715271913666213,0.0018297130784119349,-0.0039017815278924867,0.007257078746740834,0.6363636363636364,0.002204869417330254,0.0018430662557781528,0.8244346539764021,0.8499999999999996,0.45534230357670413,1.1599999999999966,0.6,False,True,False
PAPER MILLS,53,3,53,53,53,0.0003285884336871342,0.0003329633740288568,0.0004577464079164727,0.011337552158273487,0.0015573325582581227,-0.0025946254062694475,0.0035101182221023933,0.0013710046252265959,-0.001465262663397409,0.005245481219872668,0.6037735849056604,0.0014743827870915538,0.0021786492374727597,0.8564354713664424,0.8000000000000007,-0.09999999999999787,1.4054054054054024,0.6792452830188679,False,True,False
WATER TRANSPORTATION,51,4,51,51,51,0.00031618887015177064,0.0004439511653718091,-0.00016099209267021579,0.011010740670326239,0.001541812087105505,-0.0031829437833970054,0.002860959598056574,-0.0002605156408323102,-0.006190097531565048,0.005175370774559339,0.45098039215686275,-0.0008779198814404677,-0.0008349568605621123,1.356402144635668,1.0249999999999972,0.0,3.032258064516122,0.49019607843137253,False,True,False
RETAIL-EATING & DRINKING PLACES,49,3,49,49,49,0.0003037893066164071,0.0003329633740288568,0.0014976396594082175,0.004415572432967703,0.0006307960618525289,0.0002612793781772609,0.002733999940639174,0.0016085060542836748,-0.0007432007460582758,0.00372528126003455,0.6938775510204082,7.524508337327207e-05,1.5636944008805023e-16,0.9990650207670528,0.9999999999999787,0.5999999999999943,1.2857142857142836,0.5306122448979592,False,True,False
SUGAR & CONFECTIONERY PRODUCTS,49,3,49,49,49,0.0003037893066164071,0.0003329633740288568,-0.0012297605996852842,0.01004193306323616,0.0014345618661765944,-0.004041501857391409,0.001581980658020841,0.0002304039222446614,-0.002945569229678282,0.004262333556526963,0.5306122448979592,-0.0024877431064620065,-0.00021565279899362044,2.101920745141552,1.0200000000000007,0.3400000000000034,1.824324324324311,0.46938775510204084,False,True,False
"WATER, SEWER, PIPELINE, COMM & POWER LINE CONSTRUCTION",49,3,49,49,49,0.0003037893066164071,0.0003329633740288568,0.0017149602855982477,0.010443464029957966,0.001491923432851138,-0.0012092096427899826,0.004639130213986478,0.0022250681649179198,-0.001976598994603926,0.006642819320081176,0.6530612244897959,0.0023905102768428197,0.0028311234841692364,-0.39220165208940905,-0.2500000000000391,-3.500000000000014,1.833333333333324,0.6326530612244898,False,True,False
"ELECTRONIC COMPONENTS, NEC",47,3,47,47,47,0.00029138974308104355,0.0003329633740288568,0.0024307532383328607,0.013956471181261991,0.0020357605501953907,-0.0015593374400501053,0.006420843916715827,-0.0001752387628142912,-0.006594426348458542,0.010183776764336681,0.48936170212765956,0.0032834109370861613,0.001580527896317325,-8.768515704154014,0.5714285714285593,-13.300000000000125,5.799999999999983,0.5319148936170213,False,True,False
MINERAL ROYALTY TRADERS,46,3,46,46,46,0.0002851899613133618,0.0003329633740288568,-0.00426441284941612,0.01685913932885999,0.0024857444817350765,-0.00913647203361687,0.0006076463347846296,-0.0026173157759441495,-0.007342559400096416,0.004271665305502673,0.45652173913043476,-0.004693097339881978,-0.0017754105636928474,1.7209751523128454,1.0999999999999943,0.41025641025641063,2.2307692307692513,0.4782608695652174,False,True,False
"ORDNANCE & ACCESSORIES, (NO VEHICLES/GUIDED MISSILES)",46,3,46,46,46,0.0002851899613133618,0.0003329633740288568,0.0003547305170387901,0.007030286485272467,0.001036559191717909,-0.0016769254987283114,0.0023863865328058913,-0.00028936677361427127,-0.0026181784190471872,0.00484318527305403,0.5,0.002011281357720067,0.0015461260951725874,0.4791630831770595,0.8461538461538555,0.0,1.1666666666666714,0.6521739130434783,False,True,False
PRINTING TRADES MACHINERY & EQUIPMENT,46,1,46,46,46,0.0002851899613133618,0.00011098779134295228,0.0009638811114631999,0.005489395005591931,0.0008093671377313968,-0.0006224784784903378,0.0025502407014167377,0.0010964027999244186,-0.002763837884216382,0.003285705722528306,0.5869565217391305,0.00040407775486208715,0.0002623543591804392,0.8990134801583964,0.935399006138536,0.8685739102111535,0.9733150872391181,0.8043478260869565,False,True,False
COMPUTER STORAGE DEVICES,45,3,45,45,45,0.00027899017954568,0.0003329633740288568,-0.0005897606190550464,0.011262442302110872,0.0016789057720126089,-0.0038804159321997596,0.002700894694089667,0.0003263135085697544,-0.002235733528707896,0.004641347330028602,0.5555555555555556,-0.00045739391159124076,0.00048441789116746546,6.526382993567074,0.9399999999999977,-0.1285714285714233,1.6891891891891893,0.5111111111111111,False,True,False
"CANNED, FROZEN & PRESERVD FRUIT, VEG & FOOD SPECIALTIES",44,3,44,44,44,0.0002727903977779982,0.0003329633740288568,-0.0012656591282035649,0.013299716747659831,0.0020050077395451587,-0.005195474297712076,0.0026641560413049464,4.7663099973183467e-05,-0.0034155357880069907,0.0030180377818656645,0.5227272727272727,-0.0019059160637590782,-0.0007812500000000657,1.3001989999633674,1.0789473684210624,0.5750000000000011,1.5249999999999986,0.4090909090909091,False,True,False
INSTRUMENTS FOR MEAS & TESTING OF ELECTRICITY & ELEC SIGNALS,44,4,44,44,44,0.0002727903977779982,0.0004439511653718091,0.00016117121079998719,0.011206392121512046,0.001689427178211377,-0.0031501060584943116,0.003472448480094286,-0.0013324888434277536,-0.006902234299895443,0.0020607562364280355,0.4090909090909091,0.00032133413872982786,-0.0009776763891151427,2.0206894998940386,1.6923076923076834,-3.222222222222134,6.666666666666762,0.45454545454545453,False,True,False
BITUMINOUS COAL & LIGNITE MINING,43,4,43,43,43,0.0002665906160103164,0.0004439511653718091,0.004663825665784794,0.02649133904522949,0.004039891330593805,-0.0032543613421790645,0.012582012673748654,0.004205962728099177,-0.003943374849992895,0.014735564866284656,0.6511627906976745,0.005423077076712379,0.006078431372548982,0.9509434656097553,0.12500000000006395,-3.125,1.4000000000000057,0.6511627906976745,False,True,False
BOOKS: PUBLISHING OR PUBLISHING & PRINTING,42,3,42,42,42,0.00026039083424263465,0.0003329633740288568,-0.00045076788829000734,0.005869682210325936,0.000905711628266188,-0.002225962679691736,0.0013244269031117213,-0.00017495523951384807,-0.003520905693702985,0.002588393846541635,0.4523809523809524,-8.069904880293227e-05,-0.00011918951132299045,0.9923794965154278,0.9500000000000242,0.4499999999999993,1.4647887323943551,0.5,False,True,False
HOUSEHOLD APPLIANCES,42,4,42,42,42,0.00026039083424263465,0.0004439511653718091,0.0032066246246524044,0.012436858461721259,0.0019190489236479793,-0.0005547112656976352,0.006967960515002444,0.0026670239762767523,-0.0014721930085783911,0.007522327233588085,0.5952380952380952,0.0035899352080475586,0.0021317365269461017,0.3223672957448446,0.7811764705882337,-0.15714285714285633,1.5142857142857176,0.6428571428571429,False,True,False
MORTGAGE BANKERS & LOAN CORRESPONDENTS,42,3,42,42,42,0.00026039083424263465,0.0003329633740288568,0.004590570524583847,0.00994749145422277,0.0015349312551058546,0.0015821052645763724,0.007599035784591322,0.0029178735730107956,-0.0011141573181150189,0.0071352592199421866,0.6904761904761905,0.006323787608517896,0.004256015714519482,-0.03397768348263445,0.4999999999999982,-0.5000000000000071,1.0000000000000009,0.7380952380952381,False,True,False
SERVICES-AMUSEMENT & RECREATION SERVICES,41,4,41,41,41,0.0002541910524749529,0.0004439511653718091,-0.000730918470942005,0.008859147891902678,0.0013835664534059553,-0.0034427087196176776,0.0019808717777336673,-0.000507695931056588,-0.003186360939311263,0.002277824262699417,0.4878048780487805,-2.162351162576826e-06,0.00030892801977149903,0.739662720559142,0.9411764705882152,0.06666666666665341,2.000000000000005,0.5365853658536586,False,True,False
"BLANKBOOKS, LOOSELEAF BINDERS & BOOKBINDG & RELATD WORK",40,2,40,40,40,0.0002479912707072711,0.00022197558268590456,0.0002571647654026262,0.007201825656297978,0.0011387086192669285,-0.001974704128360554,0.002489033659165806,-0.0010138827584475502,-0.004215714852720054,0.004314696717122003,0.45,6.399457414662212e-05,7.218431190194159e-17,1.0489743589743583,0.9333333333333371,0.5333333333333339,1.5666666666666749,0.525,False,True,False
CIGARETTES,40,2,40,40,40,0.0002479912707072711,0.00022197558268590456,-0.002239924250745437,0.006019873435011517,0.0009518255640289001,-0.004105502356242081,-0.0003743461452487928,-0.0018560747717772728,-0.004616035800433129,0.0010781888483106404,0.325,-0.00120241223328791,-0.001186842997626236,1.1042953575023549,1.0612244897959249,0.914893617021276,1.1846153846153893,0.375,False,True,False
CONVERTED PAPER & PAPERBOARD PRODS (NO CONTANERS/BOXES),40,2,40,40,40,0.0002479912707072711,0.00022197558268590456,-0.0004384892384549165,0.004994683786065369,0.0007897288478139868,-0.001986357780170331,0.0011093793032604978,-0.0015691355817176677,-0.0036335047600452404,0.0017689887131949495,0.45,-0.0008750832019717051,-0.0002637710467314271,1.24915095666192,1.0163934426229584,0.7021276595744645,1.5087719298245605,0.475,False,True,False
DRAWING & INSULATING OF NONFERROUS WIRE,40,2,40,40,40,0.0002479912707072711,0.00022197558268590456,0.0005334977540434931,0.008906069676010767,0.0014081732588175943,-0.0022265218332389917,0.0032935173413259776,-0.0005900774925904021,-0.005011835847763327,0.0032387629460254794,0.425,0.0007373269613967262,-0.0015267175572519951,0.3101223544973742,1.0714285714285865,-0.5357142857142806,4.678571428571436,0.475,False,True,False
ELECTRIC LIGHTING & WIRING EQUIPMENT,40,2,40,40,40,0.0002479912707072711,0.00022197558268590456,-2.267117631209606e-05,0.007233088747761535,0.001143651748053079,-0.0022642286024961308,0.0022188862498719385,0.00015334260849225387,-0.005146284960035823,0.0020970548581637463,0.525,-0.00034988055226570745,0.0004982561036373121,3.244568250377074,0.799999999999983,-1.4000000000000057,7.30769230769222,0.55,False,True,False
"ELECTRONIC COILS, TRANSFORMERS & OTHER INDUCTORS",40,2,40,40,40,0.0002479912707072711,0.00022197558268590456,0.0015814741246754159,0.008782862196513648,0.0013886924458186244,-0.0011403630691290878,0.004303311318479919,0.0009246081871964497,-0.00441651471362904,0.0066618673550334455,0.55,0.00276981276623591,0.0020958083832335332,-4.389892857142828,-0.5714285714285592,-11.833333333333348,4.83333333333332,0.625,False,True,False
ELECTRONIC CONNECTORS,40,2,40,40,40,0.0002479912707072711,0.00022197558268590456,0.00018778134323338126,0.007964101912296752,0.0012592350780280142,-0.002280319409701527,0.002655882096168289,0.00039730417254750473,-0.002338438537436182,0.002585237894680332,0.6,-0.0003465229335209768,-2.673947554492188e-17,1.8347139871622644,0.600000000000005,-0.2857142857142923,2.4499999999999744,0.5,False,True,False
FABRICATED STRUCTURAL METAL PRODUCTS,40,2,40,40,40,0.0002479912707072711,0.00022197558268590456,-0.0005825910895557393,0.0071293176271731455,0.0011272440932327138,-0.002791989512291858,0.0016268073331803798,-0.0008871790101764546,-0.003341008642748538,0.0029061101745288774,0.425,0.0004775421520159518,0.0002565418163162273,-0.25472599949071634,0.3666666666666648,-4.399999999999977,3.599999999999852,0.575,False,True,False
FATS & OILS,40,2,40,40,40,0.0002479912707072711,0.00022197558268590456,8.170593401197286e-05,0.005546454630651355,0.000876971478582312,-0.0016371581640093585,0.0018005700320333042,-0.0001709823630198417,-0.004051831835111076,0.003398771296032974,0.5,0.0003573060921578127,-0.00032430679422738976,0.931288187686717,1.0400000000000063,0.35294117647058765,1.4313725490196156,0.475,False,True,False
GAS & OTHER SERVICES COMBINED,40,2,40,40,40,0.0002479912707072711,0.00022197558268590456,0.0006808313959362779,0.007697570729090687,0.0012170927977084751,-0.0017046704875723333,0.003066333279444889,0.00024408414077748807,-0.002475604038967,0.00393442622950814,0.525,0.0026168014684298736,0.0012169680111265696,0.7311815034786371,0.8217054263565909,0.2882096069869105,1.1932773109243833,0.65,False,True,False
GRAIN MILL PRODUCTS,40,2,40,40,40,0.0002479912707072711,0.00022197558268590456,0.0011468925672712704,0.006487402727733962,0.0010257484359214256,-0.0008635743671347239,0.0031573595016772646,0.0006680991333424587,-0.0028852622084666506,0.0033356811214120064,0.6,0.000623184491625299,0.0003935974809760551,0.9069630965679665,0.8934426229508224,0.5897435897436,1.2682926829268197,0.575,False,True,False
"HEATING EQUIP, EXCEPT ELEC & WARM AIR; & PLUMBING FIXTURES",40,2,40,40,40,0.0002479912707072711,0.00022197558268590456,0.0007047515651355953,0.008360264264772745,0.0013218738458797435,-0.001886121172788702,0.0032956243030598928,0.0003060486611555531,-0.005441999946364384,0.005452929264161171,0.55,-0.0015167122802054063,0.0011913626209976308,1.502452217772023,0.6969696969696659,-0.10526315789474085,2.1176470588235468,0.575,False,True,False
"INDUSTRIAL TRUCKS, TRACTORS, TRAILERS & STACKERS",40,2,40,40,40,0.0002479912707072711,0.00022197558268590456,0.003963430193432616,0.015460029002203968,0.0024444452169612423,-0.0008276824318114188,0.008754542818676651,0.003263093712381866,-0.003571074923435108,0.005674452370168422,0.675,0.003821676076947278,0.001986201128998602,0.14135938498221345,0.6821705426356663,-1.4769230769230892,1.8604651162790742,0.6,False,True,False
"MEASURING & CONTROLLING DEVICES, NEC",40,2,40,40,40,0.0002479912707072711,0.00022197558268590456,0.0002175613465504454,0.005678727379616075,0.0008978856365373217,-0.001542294501062705,0.0019774171941635958,-0.0006932634868580794,-0.0034233930686348338,0.002943591100494456,0.475,0.00303373294189535,0.0017422170118536926,-1.5884129290355928,0.12800000000002001,-4.534883720930338,1.9236641221373907,0.575,False,True,False
"METAL SHIPPING BARRELS, DRUMS, KEGS & PAILS",40,2,40,40,40,0.0002479912707072711,0.00022197558268590456,0.0012472246150735525,0.005437514399638637,0.000859746515641057,-0.00043787855558291913,0.002932327785730024,0.0003791831762983127,-0.002033175745935808,0.00442654231662122,0.525,-6.460940713456809e-05,0.0010567632850243265,1.0095516669052556,0.8653846153845935,0.42307692307692085,1.3809523809523854,0.575,False,True,False
MOTOR HOMES,40,2,40,40,40,0.0002479912707072711,0.00022197558268590456,0.001536665164628732,0.007444137004710519,0.0011770214074614414,-0.0007702967939956932,0.0038436271232531573,0.002024286654656297,-0.004853810953748777,0.0056247259201153,0.575,0.002504842903595516,0.0037903300360543958,0.6695992230164498,0.20930232558140327,-0.6296296296296359,1.5348837209302246,0.6,False,True,False
NEWSPAPERS: PUBLISHING OR PUBLISHING & PRINTING,40,3,40,40,40,0.0002479912707072711,0.0003329633740288568,0.00048236856137434637,0.005714309460795946,0.0009035116575581919,-0.0012885142874397098,0.0022532514101884023,-0.0004743006521446408,-0.0027900890773779816,0.003806535015911487,0.5,0.0012129080009364776,0.00020161290322577192,0.7568625697973513,0.8999999999999986,-0.7000000000000028,1.9999999999999896,0.55,False,True,False
REFRIGERATION & SERVICE INDUSTRY MACHINERY,40,2,40,40,40,0.0002479912707072711,0.00022197558268590456,-0.00034075787867784383,0.011045653787961632,0.0017464712107812651,-0.0037638414518091235,0.003082325694453436,0.00044890973416932835,-0.001771023577628125,0.00395272417574163,0.575,0.0010102903574800662,0.00198843094721608,0.5424717666767698,0.0,-1.5769230769230638,1.0188679245282868,0.725,False,True,False
RETAIL-LUMBER & OTHER BUILDING MATERIALS DEALERS,40,2,40,40,40,0.0002479912707072711,0.00022197558268590456,0.0009647300864825186,0.005750885630750309,0.0009092948578152519,-0.0008174878348353751,0.002746948007800412,-0.00017578609276646708,-0.00216080203726676,0.0022223185346542736,0.5,0.003667517966795353,0.0029397192402973045,0.3992675605609312,0.4088888888888707,-0.1555555555555404,1.0000000000000207,0.725,False,True,False
"SERVICES-DETECTIVE, GUARD & ARMORED CAR SERVICES",40,2,40,40,40,0.0002479912707072711,0.00022197558268590456,0.0005733688519175449,0.005716546827365807,0.0009038654162742658,-0.0011982073639800162,0.002344945067815106,9.499606702667845e-05,-0.0028999726245102827,0.0036306213759638717,0.525,0.0008553953120845857,0.0017441860465117272,0.871886791671586,0.7272727272727117,-0.2857142857142796,2.5454545454545396,0.6,False,True,False
"SERVICES-GENERAL MEDICAL & SURGICAL HOSPITALS, NEC",40,2,40,40,40,0.0002479912707072711,0.00022197558268590456,-0.0039668032064600015,0.01950841800396544,0.0030845517219583256,-0.01001252458149832,0.002078918168578317,-0.0007523706052342488,-0.0037553488767393555,0.0021119053583429697,0.4,-0.003494772128500569,-0.00019160758766044388,3.936972437284937,1.0500000000000398,-0.7916666666666572,4.616666666666684,0.475,False,True,False
SERVICES-SKILLED NURSING CARE FACILITIES,40,2,40,40,40,0.0002479912707072711,0.00022197558268590456,0.0011554627418742009,0.005334526500461732,0.0008434626989993169,-0.0004977241481644603,0.002808649631912862,-0.0009737903912305735,-0.0026354998204638092,0.003915043933971863,0.5,0.0018999945256196493,0.0009730781706131356,-0.13991950453266422,0.5087719298245474,-1.3671875,1.6140350877193015,0.65,False,True,False
SHIP & BOAT BUILDING & REPAIRING,40,2,40,40,40,0.0002479912707072711,0.00022197558268590456,-0.00029640881143416716,0.006457989035491885,0.0010210977228274163,-0.002297760348175903,0.0017049427253075687,-0.0007395524845194305,-0.003423604539004977,0.0022460558173355216,0.475,0.00014349370230213625,6.56809276521526e-17,0.9583136222651749,0.9999999999999842,0.5666666666666819,1.3492063492063626,0.525,False,True,False
SWITCHGEAR & SWITCHBOARD APPARATUS,40,2,40,40,40,0.0002479912707072711,0.00022197558268590456,-0.0013372919080686147,0.025553430555793216,0.004040352129362447,-0.009256382081619009,0.0065817982654817805,-3.276007905582065e-05,-0.003155201844290901,0.004075109917462242,0.5,-0.0006031895439875534,0.000364298724954463,1.7788982361904206,0.8461538461538417,-0.8461538461538555,3.3333333333333335,0.525,False,True,False
TOTALIZING FLUID METERS & COUNTING DEVICES,40,2,40,40,40,0.0002479912707072711,0.00022197558268590456,-4.810783918481943e-06,0.004563474935271108,0.0007215487420273082,-0.0014190463182920062,0.0014094247504550421,-0.0008352900241197971,-0.0031875951810563918,0.00258559020465692,0.425,0.001378587253943991,0.003116461748633884,-0.47071895424835536,-0.6222222222222248,-5.199999999999818,3.200000000000074,0.65,False,True,False
WHOLESALE-CHEMICALS & ALLIED PRODUCTS,40,2,40,40,40,0.0002479912707072711,0.00022197558268590456,0.0024107775628863046,0.010591941846738137,0.0016747330539871308,-0.0008716992229284718,0.005693254348701081,-0.00026734661144692425,-0.001426520475628345,0.003330053185801161,0.475,0.0006190804591890684,0.00024968789013728095,0.9896162430995485,0.9135802469135739,0.0,2.4819277108433764,0.525,False,True,False
WHOLESALE-GROCERIES & RELATED PRODUCTS,40,2,40,40,40,0.0002479912707072711,0.00022197558268590456,0.0008583129579104719,0.006901383858562708,0.0010912046000089751,-0.0012804480581071194,0.002997073973928063,-0.0003171292500410111,-0.003284931733110184,0.004001535012546002,0.475,0.0014896760249374784,0.00014275517487508934,0.6530590588384431,0.9183673469387813,-0.009090909090900823,1.4444444444444464,0.525,False,True,False
"WOOD HOUSEHOLD FURNITURE, (NO UPHOLSTERED)",40,2,40,40,40,0.0002479912707072711,0.00022197558268590456,7.787609536855202e-05,0.008399171881159333,0.001328025680185229,-0.0025250542377944964,0.002680806428531601,-4.464737992376132e-05,-0.003299196672238087,0.0028041214703777833,0.5,-0.0009092090779482488,-0.0021413276231263025,1.033110333052799,1.1046511627906928,0.7000000000000028,1.5128205128205123,0.425,False,True,False
COMPUTER COMMUNICATIONS EQUIPMENT,39,2,39,39,39,0.00024179148893958933,0.00022197558268590456,0.000624194064796255,0.004581445936463586,0.0007336184795637326,-0.0008136981551486609,0.002062086284741171,0.00032197958905079253,-0.0023725397184280045,0.0035571053449193262,0.5384615384615384,-0.0005154776197202181,0.00032454887706081864,1.0245764874517203,0.9390243902439149,-0.6666666666666525,2.16666666666665,0.5384615384615384,False,True,False
"COMPUTER PERIPHERAL EQUIPMENT, NEC",39,3,39,39,39,0.00024179148893958933,0.0003329633740288568,0.0003791552520574279,0.006561171443221254,0.0010506282700016784,-0.0016800761571458618,0.0024383866612607175,0.0015064477293208448,-0.003031996581901806,0.004340498175796317,0.5641025641025641,0.0018240938126553774,0.003612716763005842,0.5998238631036139,0.7199999999999989,0.1600000000000037,1.240000000000002,0.6153846153846154,False,True,False
"PAINTS, VARNISHES, LACQUERS, ENAMELS & ALLIED PRODS",39,2,39,39,39,0.00024179148893958933,0.00022197558268590456,0.0013730288181683747,0.0046245724478201555,0.0007405242482073142,-7.839870831796106e-05,0.0028244563446547105,0.0014673863744722924,-0.0010712345949867577,0.0039794787094097695,0.6410256410256411,0.0017629189871669045,0.0014237213886758703,0.7018746318766174,0.6904761904762053,-0.15000000000000568,1.7499999999999964,0.6666666666666666,False,True,False
"RETAIL-RETAIL STORES, NEC",39,2,39,39,39,0.00024179148893958933,0.00022197558268590456,0.010679369389108306,0.04326516957034938,0.006927971727364081,-0.002899455196525293,0.024258193974741903,0.0034772255550944535,-0.0028702679639272966,0.010281247959679565,0.5897435897435898,0.010655258527730417,0.0033444816053511393,-1.8156627829890415,0.7000000000000028,-0.3500000000000014,1.3513513513513513,0.6153846153846154,False,True,False
SERVICES-AUTO RENTAL & LEASING (NO DRIVERS),39,4,39,39,39,0.00024179148893958933,0.0004439511653718091,0.0012851571369857015,0.0093859289538333,0.0015029514751230392,-0.0016606277542554552,0.004230942028226858,0.00021595235334451613,-0.004485416906473403,0.003920742405491173,0.5128205128205128,0.001828579822700444,0.0,0.8420941867084293,1.0,-0.799999999999983,2.1774193548387006,0.48717948717948717,False,True,False
SERVICES-TO DWELLINGS & OTHER BUILDINGS,39,2,39,39,39,0.00024179148893958933,0.00022197558268590456,-0.0010839853837882512,0.007452475624192596,0.0011933511629793748,-0.003422953663227826,0.0012549828956513235,0.0012393565178676746,-0.004808508392728476,0.003376533987851691,0.5384615384615384,-0.0020603960970367804,-0.0005178127589063615,1.4057830712073769,1.1111111111111112,0.12121212121214016,2.3181818181818414,0.41025641025641024,False,True,False
WHOLESALE-PETROLEUM BULK STATIONS & TERMINALS,39,2,39,39,39,0.00024179148893958933,0.00022197558268590456,-0.006310847724315858,0.023665821067053505,0.003789564235748815,-0.013738393626383535,0.0011166981777518195,-0.0018840755119760573,-0.017191149826195132,0.008803630238143087,0.46153846153846156,-0.004180671245786989,0.00018261504747997333,2.093028737378358,0.9914529914529886,-0.45833333333334086,4.0000000000000036,0.5384615384615384,False,True,False
"COATING, ENGRAVING & ALLIED SERVICES",38,2,38,38,38,0.00023559170717190754,0.00022197558268590456,0.000510958710457888,0.01631987846371479,0.0026474338770651395,-0.004678011688589785,0.005699929109505562,0.00010744829511378541,-0.0053812122691700446,0.006642185607177073,0.5263157894736842,0.00032557518992458017,-0.00041675349031058175,-0.25775246940881513,0.9999999999999786,-1.5714285714285632,2.9999999999999463,0.5,False,True,False
METAL MINING,38,2,38,38,38,0.00023559170717190754,0.00022197558268590456,-0.001823519308880215,0.018454266733516123,0.0029936773754371407,-0.00769112696473701,0.004044088346976581,0.002268122913522945,-0.013783327811263815,0.010333090386386823,0.5526315789473685,5.679844289023809e-05,0.002869261477045994,0.6097949039264821,0.7124999999999915,-1.4000000000000057,3.030000000000001,0.5526315789473685,False,True,False
METALWORKG MACHINERY & EQUIPMENT,38,2,38,38,38,0.00023559170717190754,0.00022197558268590456,0.0012822796430087928,0.016462339766483768,0.0026705441520564624,-0.003951986895021874,0.006516546181039459,0.0010899148907724393,-0.003460350789984511,0.003738209675171418,0.5789473684210527,0.0018166047347912854,0.0013864241348714157,1.3255468631402425,0.5892857142857112,-0.3037974683544419,1.700000000000017,0.6052631578947368,False,True,False
RETAIL-MISCELLANEOUS SHOPPING GOODS STORES,38,3,38,38,38,0.00023559170717190754,0.0003329633740288568,0.002866435271165032,0.011181373030649533,0.0018138582232251487,-0.0006887268463562596,0.006421597388686324,0.0006109459109138889,-0.00353160911430027,0.005410583995042074,0.5526315789473685,0.003432994055307972,0.002976190476190461,-0.7799899524089158,0.6000000000000227,-1.8666666666666742,2.5237113402061877,0.631578947368421,False,True,False
WHOLESALE-HARDWARE & PLUMBING & HEATING EQUIPMENT & SUPPLIES,38,2,38,38,38,0.00023559170717190754,0.00022197558268590456,0.00014868980747191526,0.006693040778017905,0.0010857545866962092,-0.0019793891824526548,0.0022767687973964854,7.434498212603214e-05,-0.0025370573973473223,0.0033940080537326655,0.5263157894736842,-0.0005049556198859588,0.0019151170692531182,1.1334456318763753,0.5866666666666637,-0.07999999999998408,2.0163265306122438,0.5526315789473685,False,True,False
AIR COURIER SERVICES,37,2,37,37,37,0.00022939192540422578,0.00022197558268590456,-0.003505030076581914,0.01945760618319896,0.003198810751904367,-0.009774699150314474,0.0027646389971506453,-1.4706205140569209e-05,-0.0079111745010258,0.004827801102906641,0.4864864864864865,-0.003317236287614078,0.002453928691719122,0.9261624227213777,0.8883999999999972,0.16666666666665042,1.5448275862068832,0.5135135135135135,False,True,False
ELECTROMEDICAL & ELECTROTHERAPEUTIC APPARATUS,37,2,37,37,37,0.00022939192540422578,0.00022197558268590456,0.0011132690098793231,0.00565904353909892,0.0009303410269447875,-0.0007101994029324605,0.002936737422691107,0.0012849276263516068,-0.0031027168942114095,0.004493404033406717,0.5945945945945946,0.001498877051353562,0.0015420993111956174,0.4080882018762532,0.7887323943662005,-0.06349206349207341,1.5142857142856974,0.6216216216216216,False,True,False
ELECTRONIC COMPUTERS,37,2,37,37,37,0.00022939192540422578,0.00022197558268590456,0.0025364320355407382,0.0116141382304779,0.0019093525635150012,-0.0012058989889486638,0.00627876306003014,-1.0376242760298717e-05,-0.003404220051447847,0.00388288108943285,0.4864864864864865,0.005122139798399989,0.0008431703204047401,-1.5891730643398074,0.5416666666666478,-1.4864864864864789,2.708333333333357,0.5945945945945946,False,True,False
SERVICES-MEDICAL LABORATORIES,37,2,37,37,37,0.00022939192540422578,0.00022197558268590456,0.0008261007915801942,0.005879161650779862,0.000966528221592702,-0.0010682945227415018,0.00272049610590189,0.0005227134658774885,-0.0031793527390836613,0.00307224943622324,0.5945945945945946,-0.00032950056813622094,-5.750795523238221e-17,1.1221319275182207,1.0000000000000113,0.18055555555554925,1.9069767441860306,0.4864864864864865,False,True,False
TRANSPORTATION SERVICES,37,4,37,37,37,0.00022939192540422578,0.0004439511653718091,0.0030538414438059302,0.01211052074711046,0.001990957346565479,-0.0008484349554624083,0.006956117843074269,0.0016481193323838374,-0.0023467747724246887,0.004110290355373421,0.6216216216216216,0.0026910022016113757,0.0028061376798613822,-0.28278588821239903,0.3541666666666998,-1.1969696969697279,1.7937500000000266,0.6486486486486487,False,True,False
"CEMENT, HYDRAULIC",34,3,34,34,34,0.00021079258010118043,0.0003329633740288568,-6.0408135627265646e-05,0.0059497292989623765,0.0010203701567529785,-0.002060333642863103,0.001939517371608572,-0.00040649387472420405,-0.0035273537197730138,0.002671763046549552,0.4411764705882353,0.0011454404462289962,0.00129854798725068,-0.049025575790285,0.08108108108108415,-2.400000000000091,3.4400000000000546,0.5882352941176471,False,True,False
"COMMUNICATIONS SERVICES, NEC",34,2,34,34,34,0.00021079258010118043,0.00022197558268590456,0.0009003098004215719,0.007726264026490116,0.0013250433489805182,-0.001696775163580244,0.0034973947644233875,-0.00019882256455261774,-0.003657373335211637,0.003896986637201981,0.5,0.0015901166883332436,0.0011990407673860913,0.378181887937866,0.7761194029850759,0.1428571428571398,1.512953367875656,0.5882352941176471,False,True,False
RADIOTELEPHONE COMMUNICATIONS,34,3,34,34,34,0.00021079258010118043,0.0003329633740288568,-0.0008741576752676055,0.009162575020079734,0.0015713686522057688,-0.003954040233590912,0.0022057248830557015,-0.0010665167183322149,-0.006436454175652969,0.004239169794418051,0.4117647058823529,-0.0004673393203494987,0.00018274853801165955,0.7707878522769598,0.9600000000000023,0.5600000000000023,1.1200000000000045,0.5882352941176471,False,True,False
WHOLESALE-PETROLEUM & PETROLEUM PRODUCTS (NO BULK STATIONS),34,3,34,34,34,0.00021079258010118043,0.0003329633740288568,-0.005646771121883052,0.013998277871226834,0.0024006848493470924,-0.010352113426603353,-0.0009414288171627518,-0.003139333987033956,-0.013865241692054246,0.005104062478750844,0.4117647058823529,-0.005895182756156837,-0.002792096219931264,1.1957066753516277,1.1047619047619015,0.8761904761904777,1.638095238095237,0.35294117647058826,False,True,False
"COMMUNICATIONS EQUIPMENT, NEC",33,2,33,33,33,0.00020459279833349867,0.00022197558268590456,0.0001636762507404956,0.006649656554960367,0.0011575566259979418,-0.0021051347362154704,0.002432487237696461,0.00048459612587230857,-0.003932524795532915,0.004331680224211081,0.5757575757575758,0.0009406142208528529,0.0013108221476509413,2.7871645021644786,0.0,-6.300000000000026,5.000000000000071,0.6060606060606061,False,True,False
"AIR TRANSPORTATION, SCHEDULED",32,3,32,32,32,0.00019839301656581688,0.0003329633740288568,0.0007846668148229659,0.009058337604245632,0.0016013029865597978,-0.0023538870388342377,0.0039232206684801695,-9.773773453231483e-05,-0.0039055517545318877,0.0028970965108780777,0.5,0.002372936389600658,0.0019083969465648535,0.3533252583979334,0.6111111111111079,-1.066666666666644,1.888888888888908,0.625,False,True,False
"WHOLESALE-MACHINERY, EQUIPMENT & SUPPLIES",29,2,29,29,29,0.00017979367126277156,0.00022197558268590456,-0.0016499031789429701,0.010031226181745814,0.0018627519381497857,-0.0053008969777165495,0.0020010906198306097,0.0001391978968472026,-0.00234705627562594,0.0033339168104109806,0.5172413793103449,-0.0002499150165453832,0.00047842311740502224,1.244022420324133,0.8484848484848518,-1.1764705882353108,2.999999999999988,0.5172413793103449,True,True,False
WHOLESALE-MISCELLANEOUS NONDURABLE GOODS,29,3,29,29,29,0.00017979367126277156,0.0003329633740288568,-0.008596517963964557,0.024757377268907612,0.004597329544326656,-0.0176072838708448,0.00041424794291568777,-0.0019249536938587097,-0.016907799906691615,0.00671625090630711,0.4482758620689655,-0.008857695240702066,-0.001307189542483654,0.8780886699507364,1.1428571428571184,0.7500000000000018,1.599999999999997,0.3793103448275862,True,True,False
ELECTRICAL INDUSTRIAL APPARATUS,28,2,28,28,28,0.00017359388949508977,0.00022197558268590456,0.0014938095214490337,0.0076423019788949284,0.001444259320015198,-0.0013369387457807542,0.004324557788678822,0.00021805286522240527,-0.002487211071804418,0.005060737503129312,0.5714285714285714,0.004172897211473419,0.0014011208967174024,-2.148256118881107,0.0,-3.409090909090909,2.107142857142869,0.5714285714285714,True,True,False
RETAIL-DRUG STORES AND PROPRIETARY STORES,28,2,28,28,28,0.00017359388949508977,0.00022197558268590456,-0.0009889552266209795,0.010519003285851784,0.0019879047667596497,-0.004885248569469893,0.0029073381162279337,-0.001011697147305326,-0.005869759621625644,0.006573181561403703,0.4642857142857143,-0.0015515799290908526,0.0004737412019491687,1.1448598473752303,0.9333333333333371,0.526315789473697,1.4363636363636476,0.5714285714285714,True,True,False
SERVICES-MISCELLANEOUS AMUSEMENT & RECREATION,28,4,28,28,28,0.00017359388949508977,0.0004439511653718091,0.0010173765188309473,0.010489623199161599,0.0019823524522682386,-0.0028680342876148002,0.004902787325276695,-0.0007055645722586095,-0.0015508644688376723,0.00173452070070115,0.42857142857142855,0.003291223339681952,0.00027089666797092235,0.7384688635810998,0.897727272727296,0.29545454545453514,1.1999999999999886,0.6071428571428571,True,True,False
"SPECIAL INDUSTRY MACHINERY, NEC",28,3,28,28,28,0.00017359388949508977,0.0003329633740288568,0.002502184849458973,0.01159772195325508,0.002191763433084801,-0.0017936714793872367,0.006798041178305183,0.00034123137347875834,-0.005461586009548898,0.007489884653692685,0.5357142857142857,0.004083960661489254,-0.0008020772441170106,-1.7585761327942606,0.8300000000000001,-4.146666666666685,1.4666666666666508,0.5,True,True,False
SERVICES-HOME HEALTH CARE SERVICES,27,2,27,27,27,0.00016739410772740798,0.00022197558268590456,-0.0008311872669026928,0.013426790870246945,0.002583987107763294,-0.00589580199811875,0.0042334274643133635,-0.00048621492418499557,-0.009958826913779854,0.005403654772361431,0.48148148148148145,0.0017465438312914102,0.0010530010530010263,0.5167736342035896,0.24999999999993053,-1.8999999999999773,2.7631578947367226,0.5925925925925926,True,True,False
MEAT PACKING PLANTS,26,2,26,26,26,0.00016119432595972623,0.00022197558268590456,0.002951346809755065,0.009232851248487049,0.0018107111031590373,-0.0005976469524366481,0.006500340571946778,0.002931223186597089,-0.00033326769068006646,0.006305390496274201,0.7307692307692307,0.0007215929800634386,0.0009149130832570711,0.8640136571851791,0.8799999999999955,0.5663716814159298,1.1327433628318595,0.6538461538461539,True,True,False
MISCELLANEOUS PRODUCTS OF PETROLEUM & COAL,26,2,26,26,26,0.00016119432595972623,0.00022197558268590456,0.0005396256604111068,0.00529049563685527,0.0010375515572654812,-0.0014939753918292362,0.0025732267126514496,-0.00018004977236202833,-0.0023831932337802274,0.004773996794578537,0.5,0.00043991825095230074,0.0016919191919192206,0.8812587518199753,0.2298850574712513,-0.7199999999999989,3.362637362637365,0.5384615384615384,True,True,False
ADHESIVES & SEALANTS,25,2,25,25,25,0.00015499454419204444,0.00022197558268590456,-1.096388882500604e-05,0.008618326344864279,0.0017236652689728558,-0.0033893478160118033,0.0033674200383617915,0.0014120032829526468,-0.004432440399524057,0.004313139192883625,0.56,0.0008838117895242102,0.0024687182955698576,-0.4061474655029589,0.0,-1.1235955056179776,3.121951219512198,0.68,True,True,False
"AIRCRAFT PARTS & AUXILIARY EQUIPMENT, NEC",25,2,25,25,25,0.00015499454419204444,0.00022197558268590456,0.0016809877292574026,0.004746743535300875,0.000949348707060175,-0.00017973573658054036,0.0035417111950953456,0.0013150036805418376,-0.00020352754811237168,0.005792892488947936,0.72,0.001066122001231212,0.0017033542976940472,0.9376616078936055,0.8443243243243246,0.2999999999999936,1.2000000000000028,0.56,True,True,False
"GAMES, TOYS & CHILDREN'S VEHICLES (NO DOLLS & BICYCLES)",25,2,25,25,25,0.00015499454419204444,0.00022197558268590456,0.0023363861422785845,0.009963813433095568,0.0019927626866191135,-0.001569428723494878,0.006242201008052047,-0.0009141800945847451,-0.0024191689085149605,0.004624253906170331,0.44,0.0010015082852722634,-0.0005260389268807093,0.9553747899159681,1.0400000000000063,0.785714285714302,1.4857142857142946,0.36,True,True,False
SERVICES-COMPUTER PROGRAMMING SERVICES,25,2,25,25,25,0.00015499454419204444,0.00022197558268590456,0.0023374729611145505,0.006205069096656243,0.0012410138193312485,-9.491412477469641e-05,0.0047698600470037975,0.000917591289741667,-0.0008190915972095484,0.005290589694593467,0.56,-0.001527458174248052,-0.001306774034046713,1.4841341114947328,1.4193548387096702,0.9666666666666401,2.375000000000031,0.32,True,True,False
WHOLESALE-LUMBER & OTHER CONSTRUCTION MATERIALS,25,2,25,25,25,0.00015499454419204444,0.00022197558268590456,-0.004022591435257372,0.007516169435490011,0.0015032338870980021,-0.006968929853969456,-0.0010762530165452874,-0.0032854577844991205,-0.010748282098262438,0.00021026615596931794,0.28,-0.004927730712408238,-0.0041397784000974346,2.238709913072959,1.4280230326295582,0.5381818181818144,3.1889896848150774,0.36,True,True,False
RETAIL-FURNITURE STORES,24,3,24,24,24,0.00014879476242436266,0.0003329633740288568,0.0022874331995814986,0.014419147101213696,0.002943296077008729,-0.0034814271113556105,0.008056293510518607,0.0016870282424395978,-0.00845794265821611,0.00751340886972676,0.5416666666666666,0.0009204294792548518,-0.0022500803600127885,0.894643065268065,0.8124999999999993,0.3939393939393909,1.3636363636363722,0.5,True,True,False
BOTTLED & CANNED SOFT DRINKS & CARBONATED WATERS,23,2,23,23,23,0.0001425949806566809,0.00022197558268590456,0.0001949671398311373,0.009690197137670359,0.0020205457782588782,-0.0037653025855562635,0.004155236865218538,-9.84009840097506e-05,-0.003304498958062596,0.004779547391126381,0.4782608695652174,0.0019812349705452988,0.0025056769242816335,-1.1861190982930163,-0.28000000000002956,-3.323999999999978,1.4333333333333347,0.5652173913043478,True,True,False
"BROADWOVEN FABRIC MILLS, COTTON",23,2,23,23,23,0.0001425949806566809,0.00022197558268590456,0.005546957596394264,0.01181461425683107,0.0024635173690734924,0.0007184635530102191,0.010375451639778308,0.006029007204068844,-0.0011089448925933438,0.010977031975099139,0.7391304347826086,0.003986292700477412,0.004059539918809273,0.8416547236998283,0.9302325581395336,0.2500000000000002,1.0000000000000009,0.6521739130434783,True,True,False
LEATHER & LEATHER PRODUCTS,22,2,22,22,22,0.0001363951988889991,0.00022197558268590456,-0.0015497193193994068,0.008668110499830132,0.0018480473680133724,-0.005171892160705616,0.002072453521906803,-0.0007061884680814113,-0.005859769500334955,0.0013123851936740136,0.45454545454545453,-0.0017967881191030286,-3.489579139295705e-17,1.3315151515151482,0.960000000000008,0.224999999999973,1.8857142857142863,0.5,True,True,False
MALT BEVERAGES,22,2,22,22,22,0.0001363951988889991,0.00022197558268590456,0.008812248894438988,0.028927075034809,0.006167273119493773,-0.003275606419768807,0.020900104208646783,0.0005574016196589179,-0.0018261523147901511,0.0040383055129553785,0.5454545454545454,0.008777158752971824,0.0016330974414806906,-0.359673824598751,0.7368421052631609,0.47727272727272924,1.1951219512194997,0.6818181818181818,True,True,False
"METAL DOORS, SASH, FRAMES, MOLDINGS & TRIM",22,1,22,22,22,0.0001363951988889991,0.00011098779134295228,-0.001228373636360234,0.005118752654412631,0.0010913217327679552,-0.003367364232585426,0.0009106169598649579,-0.0023485124000136703,-0.0036415393973809125,-3.9322928164530965e-05,0.22727272727272727,-0.003989248236476042,-0.004471168670983753,2.3412442607897095,1.9000000000000483,0.9550000000000001,5.111111111111081,0.2727272727272727,True,True,False
POULTRY SLAUGHTERING AND PROCESSING,22,2,22,22,22,0.0001363951988889991,0.00022197558268590456,0.0020391056872758264,0.006172898924239617,0.0013160664726386633,-0.0005403845990959535,0.004618595973647607,0.0011035946609274736,-0.0024525952213387573,0.00514623164042958,0.5909090909090909,-0.0009053001095196765,-0.0012412723041117983,1.157933179785514,1.078431372549014,0.6530612244897965,1.448979591836751,0.36363636363636365,True,True,False
SERVICES-MOTION PICTURE THEATERS,22,2,22,22,22,0.0001363951988889991,0.00022197558268590456,0.0010280706126231402,0.006175610028861608,0.0013166444820861868,-0.0015525525722657858,0.0036086937975120664,0.00016205453833978856,-0.003480319272901958,0.0064124908097572255,0.5909090909090909,0.0017490803110522062,0.00047573739295914775,0.5947871572871483,0.8571428571428388,0.0,1.7142857142857029,0.5454545454545454,True,True,False
"SERVICES-RACING, INCLUDING TRACK OPERATION",22,2,22,22,22,0.0001363951988889991,0.00022197558268590456,-0.00014787284469377338,0.018211469667680672,0.0038826983790379898,-0.007757961667608233,0.007462215978220686,0.0006782896871684444,-0.01426426521351802,0.008401987245616057,0.5454545454545454,0.0002385079545132367,-1.519188594177828e-17,1.2613373674334163,0.8447488584474665,-0.7371428571428648,4.285714285714295,0.5,True,True,False
SHORT-TERM BUSINESS CREDIT INSTITUTIONS,22,2,22,22,22,0.0001363951988889991,0.00022197558268590456,-0.00013676969036030282,0.016828970905079052,0.0035879486524905795,-0.0071691490492418386,0.006895609668521233,0.00204598682242829,-0.005624236829001321,0.008944627369561631,0.5909090909090909,-0.0008905912262380387,-0.0007841599686335508,0.9702636101272479,1.0333333333333172,-0.49999999999998934,1.9583333333333435,0.45454545454545453,True,True,False
WHOLESALE-METALS SERVICE CENTERS & OFFICES,22,2,22,22,22,0.0001363951988889991,0.00022197558268590456,0.001811666367337981,0.008126322442445372,0.0017325377660660272,-0.001584107654151432,0.005207440388827394,0.0008582704268284445,-0.0012823566860428832,0.0037284249380891477,0.6818181818181818,0.0009296311676241974,-7.704753833108024e-05,0.6653461235733915,0.5381818181818248,-0.0500000000000019,1.565714285714291,0.5,True,True,False
CONSTRUCTION - SPECIAL TRADE CONTRACTORS,21,2,21,21,21,0.00013019541712131733,0.00022197558268590456,0.0021685256253351384,0.006793619733221206,0.001482489365249137,-0.0007371535305531699,0.005074204781223447,0.0014253781289005263,-0.0009473235934539907,0.007023771545211877,0.6666666666666666,0.0028215392908794846,0.0012755102040815601,-0.14793650793650073,0.8799999999999999,0.0,1.6799999999999784,0.5714285714285714,True,True,False
GOLD AND SILVER ORES,21,2,21,21,21,0.00013019541712131733,0.00022197558268590456,-0.006295687680802378,0.02068643643486932,0.004514150515318147,-0.015143422690825945,0.0025520473292211894,0.0016057412264899927,-0.012739268864095137,0.0052867381835358055,0.5238095238095238,-0.005526241203931835,-0.000742574257425735,3.584407259407255,1.0749999999999993,0.1599999999999966,4.28000000000003,0.47619047619047616,True,True,False
SERVICES-ADVERTISING AGENCIES,21,2,21,21,21,0.00013019541712131733,0.00022197558268590456,0.0025610383310572596,0.004442514324116981,0.0009694361031519833,0.0006609435688793722,0.004461133093235147,0.0025115247488778176,-0.001190260358871251,0.004711602655565873,0.6190476190476191,0.0006244091313482599,-0.0010420737267161806,0.9980862532112864,1.0999999999999943,0.6571428571428686,1.3571428571428612,0.42857142857142855,True,True,False
SERVICES-COMMERCIAL PHYSICAL & BIOLOGICAL RESEARCH,21,1,21,21,21,0.00013019541712131733,0.00011098779134295228,0.001524641629531223,0.006674143385653182,0.0014564174887497405,-0.0013299366484182686,0.004379219907480714,0.0031532980854361648,0.000745084398837372,0.004643697555672775,0.7619047619047619,0.001111494481919635,0.0021265284423180523,0.8776190476190496,0.33333333333335585,-0.16666666666669272,1.6250000000000024,0.6190476190476191,True,True,False
"WHOLESALE-GROCERIES, GENERAL LINE",21,1,21,21,21,0.00013019541712131733,0.00011098779134295228,-0.00870868322672989,0.03788228311831715,0.00826659189940172,-0.02491120334955726,0.007493836896097481,-0.0023199749073205475,-0.03405301705472827,0.009282703013620695,0.47619047619047616,-0.009295457961533318,-0.004496699669967039,11.16679138321996,6.11111111111108,-6.227222222222256,24.499999999999982,0.42857142857142855,True,True,False
"ABRASIVE, ASBESTOS & MISC NONMETALLIC MINERAL PRODS",20,1,20,20,20,0.00012399563535363554,0.00011098779134295228,0.0003844910407898892,0.006248112722859245,0.0013971204779394575,-0.0023538650959714475,0.0031228471775512257,0.0006046910134816243,-0.003073615035746681,0.004781484608521236,0.55,0.002248316891946712,0.003976143141153021,0.33784332343495715,0.0,-1.096153846153833,1.7333333333333676,0.7,True,True,False
AIRCRAFT & PARTS,20,1,20,20,20,0.00012399563535363554,0.00011098779134295228,-0.0006848800152374724,0.004319823076207915,0.0009659418049173153,-0.00257812595287541,0.0012083659224004656,-0.0017783116042627697,-0.0048713537841952054,0.0018812793742266237,0.45,-0.0005576670424166733,-0.0018239299610895152,2.249999999999961,7.000000000000028,-21.999999999999886,11.499999999999488,0.4,True,True,False
AUTO CONTROLS FOR REGULATING RESIDENTIAL & COMML ENVIRONMENTS,20,1,20,20,20,0.00012399563535363554,0.00011098779134295228,0.0020427134393860235,0.005007997064482506,0.0011198221867302282,-0.0001521380466052236,0.0042375649253772706,0.002320097385506954,-0.0018926080698440546,0.004500418002818176,0.65,0.002148415444066402,0.0029615004935834156,0.4198236473343938,-0.026666666666642413,-1.477611940298521,1.1808510638298018,0.65,True,True,False
BALL & ROLLER BEARINGS,20,1,20,20,20,0.00012399563535363554,0.00011098779134295228,0.0008638930019528021,0.004304696478108697,0.0009625593947554981,-0.001022723411767974,0.0027505094156735784,0.001973360167731759,-0.0032967429279641843,0.004452450352517671,0.6,0.0008482143874264391,-0.00027821570991371116,0.9062341838005953,0.9999999999999906,-0.2857142857142695,2.1470588235294232,0.5,True,True,False
"BROADWOVEN FABRIC MILLS, MAN MADE FIBER & SILK",20,1,20,20,20,0.00012399563535363554,0.00011098779134295228,-4.383083805787264e-05,0.007043395218223993,0.0015749510500345813,-0.003130734896125652,0.003043073220009907,-0.000998343487040883,-0.00599177716581668,0.0011799637574571621,0.5,-0.0012170285911978934,-0.0027595722662987566,1.538394993894992,2.080000000000041,-0.6428571428571418,3.519999999999982,0.4,True,True,False
"CANNED, FRUITS, VEG, PRESERVES, JAMS & JELLIES",20,1,20,20,20,0.00012399563535363554,0.00011098779134295228,0.0034175356234673318,0.007316514428976434,0.0016360223621549362,0.00021093179364365658,0.0066241394532910065,0.002947087352462679,-0.0009828577985170537,0.006728841876067978,0.7,0.001556128603792363,0.0014522035610557392,0.8101449567820259,0.7450980392157052,0.6132075471698166,0.9999999999999821,0.75,True,True,False
CARPETS & RUGS,20,1,20,20,20,0.00012399563535363554,0.00011098779134295228,0.0030090575161638533,0.004213565830034216,0.0009421819623626831,0.0011623808699329945,0.004855734162394712,0.003459011508586907,-0.0005743687926287887,0.005224223184912005,0.7,0.0033607391306172073,0.004878048780487722,-3.8499999999999965,-4.000000000000034,-8.999999999999986,0.0,0.85,True,True,False
COGENERATION SERVICES & SMALL POWER PRODUCERS,20,1,20,20,20,0.00012399563535363554,0.00011098779134295228,-0.0005525407541283268,0.009626392262208093,0.0021525267476375275,-0.00477149317949788,0.0036664116712412267,-0.0012248925167732336,-0.004706003364827398,0.0035605949949439313,0.45,0.0009095155840908947,0.0017353497164460869,0.9491161729012599,0.7388462631429327,0.30138637733573803,1.3291139240506382,0.6,True,True,False
"CONSTRUCTION, MINING & MATERIALS HANDLING MACHINERY & EQUIP",20,1,20,20,20,0.00012399563535363554,0.00011098779134295228,0.0005194618732021969,0.0020829549298029154,0.0004657628817107621,-0.00039343337495089683,0.0014323571213552906,0.00016190510072056161,-0.000919085050934158,0.0015717580021924649,0.6,0.002541730782126944,0.0022365220120849636,0.2855483093909762,0.1764705882353008,-0.4854368932038835,0.999999999999965,0.75,True,True,False
COOKIES & CRACKERS,20,1,20,20,20,0.00012399563535363554,0.00011098779134295228,0.003708170338914264,0.006956145054660625,0.0015554413203570149,0.0006595053510145151,0.006756835326814013,0.003211305885797976,0.00026660721957800495,0.006465969950906472,0.8,0.000550992416015243,-9.740507322557962e-18,0.9121368508212587,0.9124999999999872,0.5285714285714351,1.3333333333333195,0.5,True,True,False
ELECTRIC HOUSEWARES & FANS,20,1,20,20,20,0.00012399563535363554,0.00011098779134295228,-0.0022679752323728057,0.012151471631674087,0.0027171516595083543,-0.00759359248500918,0.0030576420202635683,-0.005172735130897114,-0.012344946943104184,0.0024143900193108058,0.4,-0.0038193919450161826,-0.008128078817733949,1.5649316111424807,1.545454545454561,0.0,2.434782608695662,0.3,True,True,False
"ELECTRIC, GAS & SANITARY SERVICES",20,1,20,20,20,0.00012399563535363554,0.00011098779134295228,0.0023220674385415843,0.004774069122192461,0.001067514308650509,0.00022973939358658657,0.004414395483496582,0.0022299292283835116,-0.0014802001650403122,0.005582272410964781,0.65,0.0008344214642159578,0.0003317850033178313,0.8330988712628603,0.8654970760234024,-0.08421052631577272,1.2760736196318923,0.55,True,True,False
"FABRICATED RUBBER PRODUCTS, NEC",20,1,20,20,20,0.00012399563535363554,0.00011098779134295228,0.0018865637988796182,0.0053144310616957515,0.0011883429115688079,-0.0004425883077952453,0.004215715905554482,0.0012375423983404807,-0.0011611978061371458,0.0026351488079795577,0.65,-0.001080535518219934,-0.0030938326887849027,1.5491476530005965,2.0555555555555807,-0.16363636363636982,3.1299999999999955,0.4,True,True,False
FLAT GLASS,20,1,20,20,20,0.00012399563535363554,0.00011098779134295228,0.0024837292468687273,0.006645498600505407,0.0014859786615109808,-0.0004287889296927948,0.005396247423430249,0.0013132701500878042,-0.001805876487260984,0.005283967243120801,0.65,0.003405061851577548,0.0020573108008818384,-0.7795027195027167,-0.9333333333333371,-2.9999999999999245,1.0769230769230813,0.7,True,True,False
"GASKETS, PACKG & SEALG DEVICES & RUBBER & PLASTICS HOSE",20,1,20,20,20,0.00012399563535363554,0.00011098779134295228,-0.0009000913489737083,0.004839884293511128,0.0010822310283524425,-0.0030212641645444957,0.0012210814665970788,-0.0007509412229146657,-0.0038814078391407048,0.00027595503779277285,0.4,-0.0011161576581366467,-0.0016310679611650487,1.1367319526840498,1.3793103448276058,-0.9333333333333371,3.187499999999943,0.35,True,True,False
"GLASS PRODUCTS, MADE OF PURCHASED GLASS",20,1,20,20,20,0.00012399563535363554,0.00011098779134295228,0.0005707336118371675,0.005023454755397786,0.0011232786314964028,-0.001630892505895782,0.0027723597295701173,0.0009229601051804266,-0.0014512308009045566,0.0027790605531374754,0.6,6.523602188926332e-05,-0.0002655337227826345,0.9570703185703158,0.874999999999974,0.20000000000004547,1.7272727272727388,0.5,True,True,False
GUIDED MISSILES & SPACE VEHICLES & PARTS,20,1,20,20,20,0.00012399563535363554,0.00011098779134295228,0.005441772636271324,0.014935962317205105,0.003339782705064589,-0.0011042014656552704,0.011987746738197918,0.0010656665442704163,-0.003575238019989812,0.004233879938669388,0.65,0.0030078553371154825,-0.00013810247203434336,0.4624626363974221,1.0000000000000109,0.5300000000000106,1.3275362318840698,0.45,True,True,False
"HEATING EQUIPMENT, EXCEPT ELECTRIC & WARM AIR FURNACES",20,1,20,20,20,0.00012399563535363554,0.00011098779134295228,0.01267006134401225,0.014066794345689618,0.003145430838247166,0.0065050169010478056,0.018835105786976697,0.012744879845881962,0.001467577612693513,0.02286540758923891,0.8,0.01319407414156007,0.010986842105263076,0.5543225806451615,0.4954838709677387,0.24774193548387302,0.7432258064516117,0.8,True,True,False
INDUSTRIAL & COMMERCIAL FANS & BLOWERS & AIR PURIFYING EQUIP,20,1,20,20,20,0.00012399563535363554,0.00011098779134295228,0.0014821303124272183,0.0035948976919510166,0.0008038435611359571,-9.340306739925755e-05,0.003057663692253694,0.0011087060572076914,-0.0017053596997074873,0.0034063136187214692,0.65,0.0017282566667561976,0.002927829014785595,0.49569778399941383,0.09090909090907283,-1.0434782608695738,1.9130434782608596,0.55,True,True,False
"INSURANCE CARRIERS, NEC",20,1,20,20,20,0.00012399563535363554,0.00011098779134295228,0.0015153578723978913,0.007653657950747752,0.0017114099454403708,-0.0018390056206652355,0.004869721365461018,0.0006538065055316723,-0.0022109188250381074,0.008063836813680903,0.55,-0.0008026616458406272,0.0003887808941959811,1.2432360368389819,0.8787878787878977,-0.041666666666668246,1.6750000000000043,0.55,True,True,False
LAND SUBDIVIDERS & DEVELOPERS (NO CEMETERIES),20,1,20,20,20,0.00012399563535363554,0.00011098779134295228,0.0020864758026186815,0.004771510748225556,0.0010669422388403227,-4.730985508350806e-06,0.004177682590745714,0.0011677402633436364,-0.0017713745866792829,0.005413714767923272,0.65,0.0020845571420757087,0.002434570906877663,0.04833333333333811,0.0,-2.1428571428571224,0.9999999999999787,0.75,True,True,False
LAWN & GARDEN TRACTORS & HOME LAWN & GARDENS EQUIP,20,1,20,20,20,0.00012399563535363554,0.00011098779134295228,-0.00034202179060661227,0.0048626902222593145,0.0010873305890495388,-0.0024731897451437082,0.0017891461639304835,-0.0010798811182968545,-0.0033163723361888018,0.0021272965470210694,0.4,0.0008216879028226206,0.00013646288209600787,0.7955605170543245,0.5555555555555635,-0.13888888888892048,1.7647058823529242,0.55,True,True,False
MANIFOLD BUSINESS FORMS,20,1,20,20,20,0.00012399563535363554,0.00011098779134295228,-0.0016459395994885666,0.005093793316312349,0.00113900681186085,-0.0038783929507358325,0.0005865137517586992,-0.00041413653643995046,-0.004981950665365871,0.0010689240808904265,0.45,-0.001713989269289167,-0.0024912805181863834,1.1147272727272732,1.1200000000000045,0.8799999999999955,1.3599999999999994,0.3,True,True,False
MISCELLANEOUS TRANSPORTATION EQUIPMENT,20,1,20,20,20,0.00012399563535363554,0.00011098779134295228,-0.002075088479871464,0.012656444477940157,0.0028300670206126027,-0.007622019840272165,0.0034718428805292374,0.0004151026762864152,-0.003846639948289568,0.0038226116264644815,0.6,-0.004509005779027307,-0.0027005836745361785,1.4715273472442572,1.1492537313432776,0.0923076923076958,2.0447761194029916,0.4,True,True,False
"MOTORCYCLES, BICYCLES & PARTS",20,1,20,20,20,0.00012399563535363554,0.00011098779134295228,-0.001076300764146722,0.006414671851511342,0.0014343642313333796,-0.003887654657560146,0.001735053129266702,-0.001103116297466412,-0.0068891872533160745,0.003461340596460561,0.4,0.0010940514842579124,-0.0023084025854109565,0.5919354413702299,1.1666666666666714,-1.777777777777785,1.6507936507936833,0.45,True,True,False
MOTORS & GENERATORS,20,1,20,20,20,0.00012399563535363554,0.00011098779134295228,-0.001314762298416295,0.004398138519559125,0.0009834536704194491,-0.0032423314924384153,0.0006128068956058252,-0.0009572840575332491,-0.0037241959556141564,0.0009888654997692878,0.45,-0.0006757495806639718,-0.0011742339521360003,1.334421775289703,1.2888888888889167,-0.10714285714286119,2.2222222222222223,0.3,True,True,False
OFFICE FURNITURE (NO WOOD),20,1,20,20,20,0.00012399563535363554,0.00011098779134295228,-0.00018948473012542075,0.0054244334086852655,0.001212940184124115,-0.002566847491008686,0.0021878780307578445,-0.0014553499338347637,-0.0048793775943647795,0.005187818725487116,0.45,-0.0001068454587498803,0.00023534949399853453,1.0002382800627565,0.9090909090909004,-0.09677419354839077,1.6562500000000036,0.55,True,True,False
"OFFICE MACHINES, NEC",20,1,20,20,20,0.00012399563535363554,0.00011098779134295228,0.004360989530715809,0.010073006880525995,0.0022523928122679224,-5.370038132931909e-05,0.008775679442760937,0.0019562305914903456,-0.0024054982817870415,0.005456312968793072,0.65,0.0036024364175595105,0.0027586206896551384,0.6045436507936491,0.8000000000000007,-0.19999999999999574,1.3999999999999968,0.6,True,True,False
OPTICAL INSTRUMENTS & LENSES,20,1,20,20,20,0.00012399563535363554,0.00011098779134295228,0.0022801759689091055,0.006666504788644289,0.0014906757879736498,-0.0006415485755192482,0.005201900513337459,0.0015899543994428327,-0.0034321926132314723,0.0072077091899222095,0.6,0.0036883263314687977,0.0023923444976076255,-0.5621175989345124,-0.7999999999999781,-4.514285714285669,3.361538461538465,0.6,True,True,False
PLASTICS FOAM PRODUCTS,20,1,20,20,20,0.00012399563535363554,0.00011098779134295228,-0.002402571097253587,0.008561547754123723,0.0019144202770831299,-0.006154834840336522,0.0013496926458293475,-0.0025531233675849738,-0.00454063283009656,0.002278352891054543,0.5,-0.004005558865388286,-0.00384163073304582,4.822947330447293,2.2857142857142367,-2.333333333333343,7.333333333333296,0.4,True,True,False
"PLASTICS, FOIL & COATED PAPER BAGS",20,1,20,20,20,0.00012399563535363554,0.00011098779134295228,0.003788284159314355,0.005342524752374021,0.0011946248517783543,0.0014468194498287808,0.006129748868799929,0.0022233719683233317,0.0006215116945573673,0.005734057895317633,0.8,0.0033554260603029422,0.0024262029923169553,0.6097826086956544,0.6521739130434875,0.2608695652174012,0.8260869565217447,0.9,True,True,False
REAL ESTATE OPERATORS (NO DEVELOPERS) & LESSORS,20,1,20,20,20,0.00012399563535363554,0.00011098779134295228,0.0014603855089418381,0.00504858480789106,0.0011288978820617125,-0.0007522543398991183,0.0036730253577827946,0.0020776510329847033,-0.0019114522254713674,0.003589370461086755,0.65,0.0017141786645027124,0.0014240956992310782,0.7831721355047937,0.8214285714285602,0.4137931034482671,1.1000000000000063,0.7,True,True,False
RETAIL-AUTO & HOME SUPPLY STORES,20,1,20,20,20,0.00012399563535363554,0.00011098779134295228,0.0026405415636161175,0.005714645410442248,0.0012778335605056052,0.00013598778502513145,0.0051450953422071035,0.002462679609726402,-0.0022790654159225007,0.005708954081920238,0.65,0.0009176801448478482,0.0017557549746391615,0.5913333333333306,0.49333333333332047,-0.4399999999999977,1.3999999999999773,0.55,True,True,False
RETAIL-CATALOG & MAIL-ORDER HOUSES,20,1,20,20,20,0.00012399563535363554,0.00011098779134295228,0.0010091707322767813,0.005797491576875121,0.0012963585264875216,-0.001531691979638761,0.0035500334441923237,8.18188204026011e-05,-0.001188248165406912,0.003156385913454424,0.55,0.0003091456272557299,0.0012696800406297325,0.9640684652902513,0.3750000000000142,-0.6271186440677562,1.5039999999999965,0.65,True,True,False
"RETAIL-HOME FURNITURE, FURNISHINGS & EQUIPMENT STORES",20,1,20,20,20,0.00012399563535363554,0.00011098779134295228,0.003219116025927673,0.004236797970886001,0.0009473768269834274,0.0013622574450401553,0.005075974606815191,0.003178125940676632,0.00017047370061509717,0.005316288824839553,0.85,0.003955639480186815,0.0029523809523809906,-0.04293666028432205,0.042253521126762165,-1.0111111111111388,1.1333333333333446,0.7,True,True,False
RETAIL-JEWELRY STORES,20,1,20,20,20,0.00012399563535363554,0.00011098779134295228,0.0031671104192598234,0.005961264282623003,0.0013329792167786553,0.0005544711543736588,0.005779749684145988,0.0020229375319986845,-0.001273053715158375,0.00442460414722331,0.7,0.006362101229328463,0.0036213140196585275,-1.2674431013659726,-0.6086956521739155,-3.399999999999963,0.7142857142857143,0.75,True,True,False
"RETAIL-RADIO, TV & CONSUMER ELECTRONICS STORES",20,1,20,20,20,0.00012399563535363554,0.00011098779134295228,0.0030517004523384576,0.009638578089969865,0.00215525158156127,-0.0011725926475216319,0.007275993552198547,0.0006236251460348457,-0.0019029270979127545,0.004398605302337929,0.6,0.0025427026833529298,0.0013215276860049086,0.7449291138450783,0.847826086956523,0.07894736842105562,1.414893617021275,0.55,True,True,False
RUBBER & PLASTICS FOOTWEAR,20,1,20,20,20,0.00012399563535363554,0.00011098779134295228,0.00014081033881969564,0.0104313972757489,0.0023325313408880657,-0.004430951089320913,0.004712571766960304,0.00045495887150340687,-0.005485606342058585,0.002235807737206592,0.55,-0.0014643214949068408,-0.0023106123122628524,1.0388550948676714,1.3500000000000156,-1.3999999999999702,2.1374999999999744,0.45,True,True,False
"SAWMILLS & PLANTING MILLS, GENERAL",20,1,20,20,20,0.00012399563535363554,0.00011098779134295228,0.0009782290090898913,0.004586262032956524,0.0010255193668317166,-0.001031788949900273,0.0029882469680800557,0.0013724632479591046,-0.0023594800667463335,0.0047683287569125045,0.55,-0.00048074046461553795,0.0002464571780652621,1.1327691197691188,0.8333333333333255,0.0,2.4399999999999977,0.6,True,True,False
"SERVICES-AUTOMOTIVE REPAIR, SERVICES & PARKING",20,1,20,20,20,0.00012399563535363554,0.00011098779134295228,0.0026135755803251438,0.005707800260042549,0.0012763029383446116,0.00011202182116970506,0.005115129339480582,0.0010936026853917,-0.0024255075190733346,0.0057524564484123675,0.65,0.002079294481582097,0.00020120724346070221,0.7456043956043932,0.8928571428571428,0.17857142857142475,1.2142857142857137,0.55,True,True,False
SERVICES-EMPLOYMENT AGENCIES,20,1,20,20,20,0.00012399563535363554,0.00011098779134295228,0.0008902276899329641,0.0037995841324512227,0.0008496128406390498,-0.0007750134777195736,0.0025554688575855017,0.002500271472829116,-0.0034229930322744948,0.0033670735797732606,0.6,1.629477978283677e-05,0.0012207527975585694,1.1368125511875526,0.6486486486486348,-0.1515151515151429,1.9454545454545458,0.6,True,True,False
"SERVICES-ENGINEERING, ACCOUNTING, RESEARCH, MANAGEMENT",20,1,20,20,20,0.00012399563535363554,0.00011098779134295228,-0.0006864208049665529,0.008147517942881655,0.0018218403968182628,-0.004257227982730348,0.002884386372797242,-0.0018961725995092183,-0.006713700499970561,0.0022338448479378823,0.35,0.0024398211185844873,0.0006272401433692727,0.6430310907335601,0.8673469387755044,0.22727272727273587,1.255102040816316,0.55,True,True,False
SERVICES-HEALTH SERVICES,20,1,20,20,20,0.00012399563535363554,0.00011098779134295228,0.002019502930126145,0.005594493303898996,0.0012509667327185543,-0.0004323918660022216,0.004471397726254512,0.00117428956494681,-0.0027250503605907713,0.005761856824531395,0.6,0.003494272732691571,0.003229839549906183,0.3151383335294092,0.13333333333333838,-1.1304347826087178,1.2222222222222159,0.65,True,True,False
SERVICES-HOSPITALS,20,1,20,20,20,0.00012399563535363554,0.00011098779134295228,0.001805593434599882,0.008437357308089529,0.0018866504491342822,-0.0018922414457033109,0.005503428314903075,0.00026699934977103025,-0.0023733877699514887,0.003970421657357256,0.55,0.0024094246227898543,0.0015177797051171228,-0.19951901813357437,0.3928571428571408,-1.2631578947368152,2.000000000000008,0.65,True,True,False
SERVICES-LEGAL SERVICES,20,1,20,20,20,0.00012399563535363554,0.00011098779134295228,-0.001723375153221699,0.0064709666561515045,0.0014469521323289272,-0.004559401332586396,0.0011126510261429982,-0.0037109034606071724,-0.007389148127916324,0.0023462925326785747,0.4,-0.0011923589398389303,-0.002091344532145959,1.3573756188296522,1.0476190476190423,-0.6388888888888999,2.6842105263157916,0.4,True,True,False
SERVICES-OFFICES & CLINICS OF DOCTORS OF MEDICINE,20,2,20,20,20,0.00012399563535363554,0.00022197558268590456,0.012047720228955007,0.02164337673703921,0.004839606164665726,0.0025620921462101848,0.02153334831169983,0.0072071816701018,-0.001308651964729367,0.026670078517984617,0.7,0.011008563899718512,0.006636979166666723,0.6790487760726409,0.7211267605633778,0.09014084507042382,1.081690140845073,0.7,True,True,False
TOBACCO PRODUCTS,20,1,20,20,20,0.00012399563535363554,0.00011098779134295228,0.001557536670148654,0.009118342746682552,0.0020389234223724332,-0.002438753237701315,0.0055538265779986225,0.00011303135447853331,-0.005657927063543844,0.0049366873604785875,0.55,-0.0008605642090306849,-0.0026139594606988848,1.496354895104896,1.9999999999999896,-2.9230769230769424,5.333333333333338,0.4,True,True,False
TRUCK & BUS BODIES,20,1,20,20,20,0.00012399563535363554,0.00011098779134295228,0.0051490805180879,0.006981572675789813,0.001561127109292112,0.0020892713838753605,0.00820888965230044,0.0051549025722410005,0.00014829695143681217,0.007891003694599826,0.85,0.004202009148751595,0.005369127516778504,-0.004220969089392379,-0.19999999999999574,-0.9999999999999984,0.777777777777781,0.75,True,True,False
TRUCK TRAILERS,20,1,20,20,20,0.00012399563535363554,0.00011098779134295228,-0.006116017875978434,0.01855656965926648,0.004149375118732996,-0.014248793108695108,0.002016757356738238,-0.0031215122423021314,-0.006384510884948543,-0.0003927112786680177,0.25,-0.010405587523930332,-0.006881720430107459,3.456249999999997,1.8750000000000044,0.2500000000000169,3.750000000000009,0.3,True,True,False
TRUCKING & COURIER SERVICES (NO AIR),20,1,20,20,20,0.00012399563535363554,0.00011098779134295228,-0.0016856426033390489,0.004337104174817674,0.000969805976039045,-0.003586462316375577,0.00021517710969747917,-0.0019725486918351805,-0.0053161647968120035,0.001018150899923134,0.4,0.0004521578079191957,-0.0013837638376383154,0.9102463204842547,1.085889570552136,0.7654320987654201,1.286585365853667,0.35,True,True,False
"WATCHES, CLOCKS, CLOCKWORK OPERATED DEVICES/PARTS",20,1,20,20,20,0.00012399563535363554,0.00011098779134295228,0.0018762602845663404,0.00595796137201491,0.001332240663514325,-0.0007349314159217366,0.004487451985054417,0.0017998386220056317,-0.002645740959352096,0.005185070876354714,0.65,0.0017464794935453068,0.0021652832912306325,0.8700198412698436,0.8285714285714262,0.4857142857142805,1.0285714285714371,0.65,True,True,False
"WHOLESALE-APPAREL, PIECE GOODS & NOTIONS",20,1,20,20,20,0.00012399563535363554,0.00011098779134295228,0.004597882681413887,0.0062579143479998605,0.0013993121879498963,0.0018552307930320908,0.007340534569795684,0.0038356442259054172,-0.0004930136289902874,0.009325194920479415,0.7,0.004620599655111799,0.006571318129107062,0.5632827367257345,0.33333333333334103,0.16666666666667793,0.8400000000000034,0.8,True,True,False
"WHOLESALE-BEER, WINE & DISTILLED ALCOHOLIC BEVERAGES",20,1,20,20,20,0.00012399563535363554,0.00011098779134295228,0.002434632155896952,0.005915563778354882,0.0013227602733637013,-0.00015797797989590238,0.005027242291689806,0.002673167771558535,-0.0020403609010647373,0.005766499614894458,0.6,0.0003569647222275552,-0.0014026474971507578,2.0749999999999984,0.9166666666666916,-2.666666666666669,5.500000000000031,0.5,True,True,False
WHOLESALE-MISC DURABLE GOODS,20,1,20,20,20,0.00012399563535363554,0.00011098779134295228,-0.0003350596799714451,0.006099658759934882,0.0013639251626766467,-0.0030083529988176724,0.0023382336388747824,-6.485496051001315e-05,-0.004351920705662025,0.0024966135696072,0.5,0.003558565665034897,0.002944793217267572,-0.5866704545454573,0.27199999999998,-1.740000000000009,0.7750000000000057,0.75,True,True,False
WHOLESALE-MOTOR VEHICLE SUPPLIES & NEW PARTS,20,1,20,20,20,0.00012399563535363554,0.00011098779134295228,0.00214601886185248,0.004873048905356677,0.0010896468610058468,1.0311014281020204e-05,0.004281726709423939,0.0007081227707846044,-0.0019410934300821373,0.0038385502493368164,0.6,0.0018322861917684375,0.0014232270657124218,0.7238220678652754,0.7766990291262246,0.23463687150838877,1.262135922330108,0.6,True,True,False
"MACHINE TOOLS, METAL CUTTING TYPES",19,1,19,19,19,0.00011779585358595377,0.00011098779134295228,0.0035167166322373424,0.004662353092270398,0.0010696171562268961,0.001420267006032626,0.005613166258442059,0.003610220398992345,-0.0005569567286045317,0.006275094045449648,0.7368421052631579,0.004566317325473735,0.00764192139737984,0.3789473684210511,0.0,-0.2499999999999858,1.0999999999999943,0.6842105263157895,True,True,False
NONFERROUS FOUNDRIES (CASTINGS),19,1,19,19,19,0.00011779585358595377,0.00011098779134295228,0.0017724390641793415,0.019581389763884852,0.004492278902887149,-0.007032427585479471,0.010577305713838154,0.00029765736997064483,-0.002496598753189619,0.004460644464655575,0.5263157894736842,1.674523625000734e-05,-0.0005803830528149155,1.1802454345582623,1.0909090909091,0.6666666666666525,1.7391304347826024,0.47368421052631576,True,True,False
OFFICE FURNITURE,19,1,19,19,19,0.00011779585358595377,0.00011098779134295228,-0.00026589343205724676,0.010754421073645446,0.0024672334029634045,-0.005101670901865519,0.004569884037751026,-0.0006552119839260575,-0.004665790518654062,0.006522018538807292,0.42105263157894735,-0.0018056098285848708,0.0005535055350552404,1.4091228070175421,0.960000000000008,-0.16000000000000605,2.0266666666666615,0.5263157894736842,True,True,False
PRIMARY PRODUCTION OF ALUMINUM,19,1,19,19,19,0.00011779585358595377,0.00011098779134295228,0.003112581784241366,0.014477676976633713,0.003321406888335359,-0.003397375716895938,0.00962253928537867,0.0009863530989310551,-0.006789069504622684,0.01332050786429708,0.631578947368421,0.0024068558704346214,0.003989786147462564,0.6526315789473639,-0.2500000000000213,-4.000000000000021,6.300000000000026,0.631578947368421,True,True,False
RETAIL-SHOE STORES,19,2,19,19,19,0.00011779585358595377,0.00022197558268590456,0.0006370362867546568,0.022822539974745558,0.0052358497570964835,-0.00962522923715445,0.010899301810663764,0.003494141904101203,-0.001937657052144763,0.011655522712744091,0.7368421052631579,0.004258362049358768,0.007974481658692186,-0.4360557275541815,0.0,-2.400000000000002,1.7999999999999972,0.7368421052631579,True,True,False
"SPECIALTY CLEANING, POLISHING AND SANITATION PREPARATIONS",19,1,19,19,19,0.00011779585358595377,0.00011098779134295228,-0.0010909828674704922,0.010423503951127167,0.002391315808450539,-0.005777961852033549,0.0035959961170925646,-0.0011473603988488017,-0.002964594605373571,0.005917461067687677,0.3684210526315789,-0.0006552388107142102,-0.0013563153433171933,1.0824332735595157,1.1774193548387046,0.5338983050847419,1.3728813559322073,0.47368421052631576,True,True,False
WHOLESALE-DURABLE GOODS,19,1,19,19,19,0.00011779585358595377,0.00011098779134295228,-0.0012855482088533112,0.004020397539114416,0.0009223424518873341,-0.003093339414552486,0.0005222429968458637,-0.0015129735714687414,-0.0034632697148402605,0.00024601955822079044,0.3157894736842105,0.0030088814800042336,0.0009251860885655026,-0.31591891044574966,0.4634146341463637,-1.333333333333343,1.5609756097560645,0.5789473684210527,True,True,False
WHOLESALE-MOTOR VEHICLES & MOTOR VEHICLE PARTS & SUPPLIES,19,1,19,19,19,0.00011779585358595377,0.00011098779134295228,-0.0008939593432430064,0.006456387720892627,0.0014811969271414655,-0.0037971053204402788,0.0020091866339542663,-0.00031288507657131325,-0.0030913712308469877,0.0030265334268027794,0.47368421052631576,-0.00016263455084170343,0.00028350028350032153,1.0080542264752776,0.9454545454545381,0.3333333333333144,1.8666666666666625,0.5263157894736842,True,True,False
DENTAL EQUIPMENT & SUPPLIES,18,1,18,18,18,0.000111596071818272,0.00011098779134295228,0.0016730169661817302,0.003990440920997653,0.0009405559450539109,-0.0001704726861239353,0.003516506618487396,0.00017575565913383528,-0.0007832128501677209,0.003974322568519454,0.5555555555555556,0.0029829243927463256,0.0018294399099352018,0.2983333333333363,0.4375000000000018,-0.6399999999999864,1.0714285714285612,0.6666666666666666,True,True,False
RETAIL-CONVENIENCE STORES,18,1,18,18,18,0.000111596071818272,0.00011098779134295228,-0.0007898655525101931,0.005794351717336008,0.0013657417973027364,-0.0034667194752235563,0.0018869883702031698,0.00019491798642959053,-0.005149835682362087,0.0038364819438195964,0.5555555555555556,-0.002542453044541036,-0.0033670033670034467,1.2962962962962914,1.6666666666666607,0.6666666666666525,2.5000000000000355,0.2777777777777778,True,True,False
"INVESTORS, NEC",17,1,17,17,17,0.00010539629005059021,0.00011098779134295228,0.000343697601700768,0.006401656543466405,0.0015526297710375554,-0.0026994567495328406,0.003386851952934377,-0.00043068469882951224,-0.0008444007052111865,0.004074139421264295,0.47058823529411764,-0.0012776654743401955,5.880796117597138e-17,0.9775149911044093,0.9999999999999957,0.613333333333325,1.2048192771084338,0.5294117647058824,True,True,False
"WHOLESALE-JEWELRY, WATCHES, PRECIOUS STONES & METALS",17,1,17,17,17,0.00010539629005059021,0.00011098779134295228,-0.0031430891557398355,0.01034888986331183,0.002509974471430505,-0.008062639119743626,0.001776460808263955,-0.0024311603312478975,-0.00777908086889874,0.003156254315191516,0.4117647058823529,-0.000406160143432356,0.001954397394136813,1.2686274509803925,0.8499999999999996,0.0,1.700000000000017,0.5882352941176471,True,True,False
PULP MILLS,16,1,16,16,16,9.919650828290844e-05,0.00011098779134295228,0.0023247385338712352,0.006693691229684288,0.001673422807421072,-0.000955170168674066,0.0056046472364165364,0.005361093745621154,-0.004293234101882325,0.007446742947657044,0.5625,0.003537456317858236,0.004672897196261564,0.5070512820512836,0.40000000000000335,-0.3999999999999915,1.0666666666666678,0.6875,True,True,False
OPERATORS OF NONRESIDENTIAL BUILDINGS,15,1,15,15,15,9.299672651522667e-05,0.00011098779134295228,-0.0001358902929019396,0.007979554885304309,0.0020603122120621082,-0.004174102228543672,0.0039023216427397926,0.0017740089922381247,-0.0060265598458583884,0.006284803813744262,0.5333333333333333,0.0014776965797610971,0.0022209883398111208,0.9109841269841271,0.8095238095238176,0.5600000000000023,1.1199999999999974,0.6,True,True,False
RETAIL-FOOD STORES,15,1,15,15,15,9.299672651522667e-05,0.00011098779134295228,0.00015145032936057657,0.00651805574595501,0.0016829547569156874,-0.0031471409941941707,0.003450041652915324,-0.001432575127460139,-0.004178420940166552,0.0021650416468493357,0.4,-0.0007865551686297926,-0.0034856700232378055,2.0761904761904844,2.2857142857142874,0.8571428571428388,4.285714285714295,0.4,True,True,False
"MILLWOOD, VENEER, PLYWOOD, & STRUCTURAL WOOD MEMBERS",14,1,14,14,14,8.679694474754488e-05,0.00011098779134295228,0.001625080854822598,0.005627135823442362,0.0015039153085830985,-0.001322593150000275,0.004572754859645471,0.0018168493326755457,-0.0037728413477882868,0.006362832167173497,0.7142857142857143,0.006630421738676374,0.006002400960384239,-0.6421647555343238,-0.7500000000000284,-1.5416666666666856,0.0,0.9285714285714286,True,True,False
"WHOLESALE-ELECTRICAL APPARATUS & EQUIPMENT, WIRING SUPPLIES",14,1,14,14,14,8.679694474754488e-05,0.00011098779134295228,0.004619913476086884,0.011082741446718229,0.0029619872428442127,-0.0011855815198877724,0.01042540847206154,0.004815853761735293,-0.0006975923979518357,0.011393418227088064,0.6428571428571429,0.00710797866830559,0.003726299473722096,-2.1468909878000724,-3.3333333333333335,-5.950413223140471,1.6969696969697383,0.7142857142857143,True,True,False
X-RAY APPARATUS & TUBES & RELATED IRRADIATION APPARATUS,14,1,14,14,14,8.679694474754488e-05,0.00011098779134295228,0.0012494547531252801,0.00979092026407495,0.002616733509242193,-0.003879342924989418,0.006378252431239979,-0.0007439334046786764,-0.0024016719357046693,0.0038919072434225794,0.42857142857142855,0.0019428690543371282,0.0007868852459016543,-2.6530612244898046,-5.00000000000019,-13.714285714285623,0.28571428571402585,0.7857142857142857,True,True,False
RETAIL-WOMEN'S CLOTHING STORES,13,1,13,13,13,8.059716297986311e-05,0.00011098779134295228,0.001272086341744629,0.009841440480090143,0.0027295244827224576,-0.004077781644391388,0.006621954327880646,0.00046393570483719356,-0.006009437023031249,0.009646611112130228,0.5384615384615384,-0.0011092312498833126,-0.0013020833333332949,1.095022624434389,1.058823529411763,0.7647058823529457,1.4705882352941175,0.46153846153846156,True,True,False
"RETAIL-HOBBY, TOY & GAME SHOPS",12,1,12,12,12,7.439738121218133e-05,0.00011098779134295228,-0.0031074304177584927,0.009696253074605093,0.0027990671613769935,-0.0085936020540574,0.0023787412185404147,-0.0026995984535015147,-0.011722980379990696,0.00351824009756017,0.4166666666666667,-0.00232127634372651,0.00038051750380512097,1.3473326745718064,0.8181818181818169,0.09999999999999787,1.4240000000000008,0.5833333333333334,True,True,False
SERVICES-MEMBERSHIP SPORTS & RECREATION CLUBS,12,2,12,12,12,7.439738121218133e-05,0.00022197558268590456,0.0015887198473165884,0.006092610204964953,0.0017587850709519883,-0.0018584988917493088,0.005035938586382485,0.00018167841925170747,-0.00333041248858693,0.00289346018337877,0.5833333333333334,0.0032549909450222277,0.002854424357754594,0.060451893035694836,0.01867142442221648,-0.2413793103448286,1.2500000000000178,0.6666666666666666,True,True,False
PUBLIC BLDG & RELATED FURNITURE,11,1,11,11,11,6.819759944449956e-05,0.00011098779134295228,-0.0034767933618370284,0.01164032322855955,0.0035096895079627646,-0.010355784797444046,0.00340219807376999,-0.002471337151041383,-0.004500683036183423,0.0030491692256639927,0.36363636363636365,-0.003373280585850749,0.001004016064256871,3.7363636363636457,0.5000000000000782,-0.3999999999999915,5.200000000000031,0.5454545454545454,True,True,False
SERVICES-ADVERTISING,11,1,11,11,11,6.819759944449956e-05,0.00011098779134295228,-0.002119242967781108,0.01385714903782703,0.004178087638409692,-0.010308294739064104,0.006069808803501889,-0.0022126260034619656,-0.016072713978053123,0.005190192985481713,0.36363636363636365,0.0008313241944925813,0.006369426751592384,0.5878787878787853,0.6666666666666673,0.0,2.400000000000002,0.6363636363636364,True,True,False
COMMERCIAL PRINTING,10,1,10,10,10,6.199781767681777e-05,0.00011098779134295228,0.0023467948750077717,0.007429977910483867,0.0023495653161867665,-0.002258353144718291,0.006951942894733835,-0.0005497215699922391,-0.002758747587962524,0.00759398050432474,0.5,0.000822075728653134,-0.0008928571428571561,0.9033333333333345,0.9333333333333371,0.40000000000000924,1.1999999999999922,0.5,True,True,False
SERVICES-MOTION PICTURE & VIDEO TAPE PRODUCTION,10,1,10,10,10,6.199781767681777e-05,0.00011098779134295228,0.001583297762969812,0.0281976370953296,0.008916875785609598,-0.015893778776824997,0.019060374302764624,-0.0063769060696793455,-0.01214356336655866,0.0050979330565640215,0.3,0.0017369008803757337,-0.0021097046413501804,0.67205882352941,1.0000000000000009,0.374999999999992,2.0000000000000018,0.4,True,True,False
SERVICES-TESTING LABORATORIES,9,1,9,9,9,5.5798035909136e-05,0.00011098779134295228,0.0011945887901883526,0.0025991549727461573,0.0008663849909153858,-0.0005035257920058035,0.0028927033723825085,0.0010136491666476477,-0.0006077729471170882,0.0026024687778196135,0.6666666666666666,0.0010190291827498446,0.0018853695324283347,0.37923961096373277,0.3199999999999932,0.15999999999996817,0.6153846153846022,0.7777777777777778,True,True,False
"WOMEN'S, MISSES', AND JUNIORS OUTERWEAR",9,1,9,9,9,5.5798035909136e-05,0.00011098779134295228,0.00028471598696640417,0.004201201911584503,0.0014004006371948344,-0.002460069261935471,0.0030295012358682793,-0.001533079685326704,-0.0023305581089736816,0.003888919873582575,0.3333333333333333,-0.0012490840823768622,-0.0013377926421404443,1.7698412698412784,1.2499999999999956,0.12499999999997513,2.714285714285732,0.4444444444444444,True,True,False
TELEPHONE & TELEGRAPH APPARATUS,8,3,8,8,8,4.959825414145422e-05,0.0003329633740288568,-0.018356341753146002,0.042235587480552735,0.014932535157448244,-0.04762411066174456,0.010911427155452555,-0.006787596080858238,-0.04881998282771649,0.005015144928304403,0.375,-0.021249928571813292,-0.011401425178147356,1.3383125000000033,1.1099999999999999,0.25249999999998884,1.4444444444444335,0.375,True,True,False
AIRCRAFT,7,1,7,7,7,4.339847237377244e-05,0.00011098779134295228,0.0014999607165479215,0.007174072962243984,0.002711544706504293,-0.0038146669082004927,0.006814588341296336,0.0024115885732783186,-0.0035942647659478995,0.007867978868319338,0.7142857142857143,0.0008942038487225384,0.0002874802357339404,0.9055238095238077,0.9733333333333197,0.5066666666666606,1.0720000000000027,0.5714285714285714,True,True,False
"HOTELS, ROOMING HOUSES, CAMPS & OTHER LODGING PLACES",7,1,7,7,7,4.339847237377244e-05,0.00011098779134295228,-0.002156512979768529,0.005189273702086579,0.0019613611001097955,-0.006000780735983728,0.00168775477644667,-0.0026437444847585527,-0.005623032014288686,-0.0012700159311669385,0.14285714285714285,0.0017445030528256248,0.001776988005330926,0.8114285714285704,0.8400000000000034,0.5999999999999943,1.1599999999999966,0.7142857142857143,True,True,False
MEDICINAL CHEMICALS & BOTANICAL PRODUCTS,7,1,7,7,7,4.339847237377244e-05,0.00011098779134295228,0.007603740048413849,0.02422821673350321,0.009157405169631882,-0.01034477408406464,0.02555225418089234,0.014781090550866955,-0.021028972964878795,0.02530196078431364,0.5714285714285714,0.007413257454804775,0.004109589041095917,0.5437226890756318,0.6470588235294126,-1.1500000000000021,1.7499999999999893,0.5714285714285714,True,True,False
OPERATORS OF APARTMENT BUILDINGS,7,1,7,7,7,4.339847237377244e-05,0.00011098779134295228,-0.00046885140190488096,0.019620765824812165,0.007415952415012585,-0.015004118135329546,0.014066415331519786,0.001246242615172746,-0.016150998037400957,0.011576541105054359,0.7142857142857143,0.0025213266387483775,0.0020477815699658708,0.673839285714286,0.625,-0.35343750000000007,1.5250000000000026,0.5714285714285714,True,True,False
"SERVICES-SPECIALTY OUTPATIENT FACILITIES, NEC",7,1,7,7,7,4.339847237377244e-05,0.00011098779134295228,0.004340759079980929,0.005074824336445808,0.001918103305939141,0.0005812766003402124,0.008100241559621645,0.003956069516899509,-0.00047951945598067626,0.010694079906678372,0.7142857142857143,0.0015349485100237912,0.0009973404255319528,0.4685714285714247,0.6399999999999864,-1.5200000000000387,2.5600000000000023,0.5714285714285714,True,True,False
SERVICES-NURSING & PERSONAL CARE FACILITIES,6,1,6,6,6,3.7198690606090664e-05,0.00011098779134295228,0.0033519171951136603,0.007718016192765449,0.0031508669164689073,-0.0028237819611653977,0.009527616351392718,0.00023960751094981867,1.376508541799798e-06,0.00372280452666312,0.8333333333333334,-0.005077148073683842,-0.0052563075690828945,1.3913018490200812,1.3647058823529372,1.216374269005847,1.6287425149700592,0.16666666666666666,True,True,False
OPHTHALMIC GOODS,4,1,4,4,4,2.479912707072711e-05,0.00011098779134295228,0.0008314738112573126,0.0039011612651406345,0.0019505806325703172,-0.002991664228580509,0.004654611851095134,-0.0006849192734992783,-0.0027344638794662415,0.00039549501433112314,0.5,0.001251642087855354,0.0010222261164169316,-13.916666666667274,-19.66666666666773,-48.66666666666788,-10.66666666666644,0.75,True,True,False
GENERAL BLDG CONTRACTORS - NONRESIDENTIAL BLDGS,3,1,3,3,3,1.8599345303045332e-05,0.00011098779134295228,-0.008071404043266691,0.010167945395584537,0.0058704660112461485,-0.019577517425309145,0.0034347093387757602,-0.0071013844404603,-0.018689597453251015,0.0015767697639112416,0.3333333333333333,-0.009749437367775208,-0.00791227096057759,13.333333333333366,10.500000000000162,0.0,29.499999999999936,0.3333333333333333,True,True,False
"SERVICES-MISC HEALTH & ALLIED SERVICES, NEC",3,1,3,3,3,1.8599345303045332e-05,0.00011098779134295228,0.024491453679769477,0.02464197372676017,0.01422705016450867,-0.003393564642667518,0.05237647200220647,0.02902731312520557,-0.002103340893742118,0.04655038880784498,0.6666666666666666,0.020087442087187112,0.02290950744558984,0.3511111111111123,0.20000000000000284,-0.4800000000000004,1.3333333333333346,0.6666666666666666,True,True,False
"AIR TRANSPORTATION, NONSCHEDULED",2,1,2,2,2,1.2399563535363555e-05,0.00011098779134295228,-0.002018892381588952,0.0034670504815766954,0.0024515749062389664,-0.006823979197817326,0.002786194434639422,-0.004470467287827918,-0.004470467287827918,0.0004326825246500146,0.5,-0.003872936412372681,-0.008094791177850749,2.319999999999993,0.8799999999999955,0.8799999999999955,3.759999999999991,0.5,True,True,False
"JEWELRY, SILVERWARE & PLATED WARE",1,1,1,1,1,6.199781767681778e-06,0.00011098779134295228,-0.01232686064540291,,,,,-0.01232686064540291,-0.01232686064540291,-0.01232686064540291,0.0,-0.008849557522123803,-0.008849557522123803,1.0799999999999992,1.0799999999999992,1.0799999999999992,1.0799999999999992,0.0,True,True,False
OIL & GAS FIELD EXPLORATION SERVICES,1,1,1,1,1,6.199781767681778e-06,0.00011098779134295228,-0.00897226634372647,,,,,-0.00897226634372647,-0.00897226634372647,-0.00897226634372647,0.0,-0.009132420091324133,-0.009132420091324133,1.0624999999999996,1.0624999999999996,1.0624999999999996,1.0624999999999996,0.0,True,True,False
RETAIL-APPAREL & ACCESSORY STORES,1,1,1,1,1,6.199781767681778e-06,0.00011098779134295228,0.008107708489035935,,,,,0.008107708489035935,0.008107708489035935,0.008107708489035935,1.0,0.014084507042253657,0.014084507042253657,0.7699999999999978,0.7699999999999978,0.7699999999999978,0.7699999999999978,1.0,True,True,False
"WHOLESALE-MEDICAL, DENTAL & HOSPITAL EQUIPMENT & SUPPLIES",1,1,1,1,1,6.199781767681778e-06,0.00011098779134295228,-0.015442486336932614,,,,,-0.015442486336932614,-0.015442486336932614,-0.015442486336932614,0.0,-0.026222314911365927,-0.026222314911365927,3.121625269978395,3.121625269978395,3.121625269978395,3.121625269978395,0.0,True,True,False
