ticker,n_days,total_volume,total_trades,last_close
A,1,1308897,24391,134.07
AA,1,4825422,45891,27.71
AAA,1,6593,44,25.09
AAAU,1,1445875,1645,20.13
AACG,1,15145,162,1.18
AACI,1,31351,103,10.94
AACIW,1,3999,6,0.025
AACT,1,315230,169,10.51
AACT.WS,1,44812,1,0.18
AADI,1,196146,1921,1.77
AADR,1,1444,26,56.1
AAGR,1,44347,332,0.92
AAGRW,1,18098,39,0.0232
AAL,1,27998162,75511,14.95
AAMC,1,1659,57,4.5
AAME,1,7646,82,2.51
AAN,1,326024,4393,10.45
AAOI,1,3351110,22967,18.89
AAON,1,782372,14849,78.67
AAP,1,1172318,21158,64.14
AAPB,1,31561,380,21.64
AAPD,1,120064,811,20.72
AAPL,1,38219218,521417,188.32
AAPU,1,118360,1054,26.24
AAPX,1,5379,93,25.28
AAPY,1,30,22,25.9761
AAT,1,234290,4312,22.18
AAU,1,135339,154,0.135
AAXJ,1,673723,4230,64.8
AB,1,426301,5771,32.9
ABAT,1,711475,6904,2.36
ABBV,1,5246598,76358,174.79
ABCB,1,326657,6487,47.32
ABCL,1,892750,7573,5.02
ABCS,1,296,37,25.0697
ABEO,1,377279,2405,5.28
ABEQ,1,2984,14,28.5715
ABEV,1,8647503,12992,2.56
ABG,1,335233,9138,206.79
ABIO,1,51005,258,1.65
ABL,1,55787,859,12.35
ABLLL,1,4073,23,25.548
ABLLW,1,204966,265,0.79
ABLV,1,57836,204,2.8
ABM,1,736351,8236,40.38
ABNB,1,3493147,60753,150.54
ABOS,1,384100,3569,3.02
ABR,1,5200815,33895,12.12
ABRpD,1,12298,115,17.4
ABRpE,1,7834,91,17.57
ABRpF,1,31650,318,18.08
ABSI,1,789251,5665,4.11
ABT,1,6462513,69262,112.43
ABTS,1,58434,132,0.9701
ABUS,1,4323042,11935,2.54
ABVC,1,311695,1854,1.3
ABVX,1,57327,614,12.77
AC,1,6463,161,32.76
ACA,1,145360,3716,82.57
ACAC,1,8142,62,11.11
ACAD,1,999941,14943,25.68
ACAH,1,201,3,10.6728
ACB,1,8565505,11064,0.408
ACCD,1,357114,6409,13.31
ACCO,1,297045,2894,6.32
ACDC,1,675754,7803,7.33
ACEL,1,267587,2391,10.21
ACES,1,28039,298,30.4241
ACET,1,1654579,7153,3.38
ACGL,1,1861764,31203,82.76
ACGLN,1,21807,281,20.49
ACGLO,1,11975,220,23.56
ACHC,1,359693,8997,80.23
ACHL,1,567490,598,0.94
ACHR,1,3605970,18142,5.18
ACHR.WS,1,11761,49,0.94
ACHV,1,13024,193,4.37
ACI,1,3667734,18726,21.35
ACIC,1,279645,4782,11.4
ACIO,1,66598,176,34.58
ACIU,1,217527,1051,2.83
ACIW,1,976012,11116,29.73
ACLS,1,2532829,47213,122.25
ACLX,1,428315,9476,61.56
ACM,1,914490,18013,88.49
ACMR,1,1070997,14206,16.97
ACN,1,1638768,39515,368.48
ACNB,1,11728,352,36.06
ACNT,1,2997,65,9.66
ACON,1,100158,571,1.92
ACONW,1,3300,5,0.0497
ACP,1,303638,1216,6.73
ACPpA,1,233,5,22.7
ACR,1,11691,142,9.86
ACRE,1,1003660,6893,8.66
ACRS,1,1107951,3814,1.18
ACRV,1,287625,1232,3.54
ACRpC,1,5484,50,23.805
ACRpD,1,1987,46,21.45
ACSI,1,1120,40,50.01
ACST,1,6015,108,2.45
ACT,1,494248,8789,26.79
ACTG,1,416785,2811,4.26
ACTV,1,6481,53,32.8282
ACU,1,9450,766,49.09
ACV,1,38609,351,22.9
ACVA,1,576518,9648,14.39
ACVF,1,2682,51,38.27
ACWI,1,4332611,22931,104.45
ACWV,1,98979,990,101.74
ACWX,1,906047,4105,50.48
ACXP,1,67477,370,3.07
ADAG,1,43172,390,3.5
ADAP,1,1580999,3053,1.15
ADBE,1,1602516,58769,615.86
ADC,1,701446,12507,57.97
ADCT,1,1001416,3584,3.93
ADCpA,1,17267,110,18.56
ADD,1,142457,303,0.2784
ADEA,1,482608,7292,12.95
ADFI,1,15564,30,8.52
ADI,1,2569588,48303,194.06
ADIL,1,12757,63,1.1779
ADIV,1,558,9,13.7961
ADM,1,3437617,37714,52.7
ADMA,1,974056,7090,5.17
ADME,1,27955,63,40.2053
ADN,1,425750,1891,0.1653
ADNT,1,2066884,21605,33.62
ADNWW,1,7299,19,0.024
ADOC,1,9218,38,11.7801
ADOCR,1,1372283,768,0.205
ADOCW,1,235032,77,0.0389
ADP,1,1076852,29890,251.08
ADPT,1,1226414,9581,3.67
ADPV,1,1940,14,26.3087
ADRT,1,2753,12,11.56
ADSE,1,89095,436,8.93
ADSEW,1,14916,54,0.9395
ADSK,1,744944,22247,261.51
ADT,1,1529700,10966,6.64
ADTH,1,121373,1476,2.66
ADTN,1,740827,8539,6.4
ADTX,1,71959,513,3.84
ADUS,1,209051,3962,90.91
ADV,1,506396,5525,3.89
ADVE,1,2077,23,31.3735
ADVM,1,15184093,43010,1.97
ADX,1,165012,708,18.8
ADXN,1,1553,34,9.88
AE,1,19523,206,24.25
AEE,1,1641470,22611,67.92
AEF,1,43824,156,4.97
AEFC,1,39054,292,22.32
AEG,1,879216,2786,5.79
AEHL,1,91783,359,1.44
AEHR,1,2196810,25122,16.83
AEI,1,4528,74,1.2499
AEIS,1,343067,9314,100.88
AEL,1,265104,3851,55.35
AELpA,1,40378,211,23.4
AELpB,1,5900,80,25.08
AEM,1,2590516,28902,47.17
AEMB,1,98,4,37.5907
AEMD,1,5913,80,1.74
AENT,1,122062,324,1.67
AEO,1,2505694,22706,21.62
AEON,1,16323,934,9.0
AEON.WS,1,16098,5,0.1429
AEP,1,3255024,39434,75.94
AER,1,1022507,16688,77.31
AERT,1,25118,181,2.5
AES,1,6336144,36603,16.2
AESC,1,54350,173,64.58
AESI,1,276801,5496,17.28
AESR,1,25594,66,14.68
AETH,1,3334,68,33.3856
AEVA,1,603691,2696,0.8791
AEY,1,1313006,5305,0.709
AEYE,1,27621,321,5.11
AEZS,1,10428,121,1.695
AFB,1,81634,381,10.8344
AFBI,1,5326,100,16.94
AFCG,1,67546,1224,11.33
AFG,1,646162,12278,120.63
AFGB,1,3926,110,24.15
AFGC,1,8000,133,21.78
AFGD,1,10755,156,23.54
AFGE,1,9807,141,19.29
AFIB,1,422978,1019,0.1923
AFIF,1,33054,49,9.13
AFJK,1,8412,62,10.17
AFJKU,1,1189,9,10.3401
AFK,1,2706,102,13.29
AFL,1,1767104,31012,78.11
AFLG,1,3630,27,28.7221
AFMC,1,89,3,27.2117
AFMD,1,379476,787,0.5303
AFRI,1,31558,356,10.56
AFRIW,1,16264,68,1.4
AFRM,1,33165327,271248,49.22
AFSM,1,0,0,27.2688
AFT,1,105048,396,13.76
AFTY,1,291,12,13.3101
AFYA,1,94919,2001,20.39
AG,1,3841609,9554,4.65
AGAE,1,10123,78,1.21
AGBA,1,149179,311,0.3643
AGBAW,1,941,4,0.0076
AGCO,1,846365,16870,117.42
AGD,1,37455,205,9.4
AGE,1,15136,65,0.3612
AGEN,1,6812588,10619,0.6973
AGFY,1,851835,3819,0.7139
AGG,1,12446860,28663,97.66
AGGH,1,102718,348,21.605
AGGY,1,75279,392,43.36
AGI,1,2201608,13549,12.1
AGIH,1,0,0,24.35
AGIO,1,519258,9074,24.18
AGL,1,7366223,39892,7.09
AGM,1,53603,2597,181.58
AGM.A,1,818,30,146.22
AGMH,1,359,21,1.73
AGMpC,1,3705,34,25.06
AGMpD,1,2013,15,24.65
AGMpE,1,1750,10,23.9999
AGMpF,1,10627,277,22.05
AGNC,1,11633747,42680,9.35
AGNCL,1,17222,267,23.0
AGNCM,1,19511,211,24.45
AGNCN,1,14916,157,25.72
AGNCO,1,20859,201,24.33
AGNCP,1,29580,274,23.21
AGNG,1,3756,44,28.67
AGO,1,199148,5842,82.1
AGOX,1,39357,201,24.59
AGQ,1,1360622,4766,24.08
AGQI,1,12182,114,13.461
AGR,1,496773,8298,30.02
AGRH,1,34,2,25.83
AGRI,1,1872394,2506,0.239
AGRIW,1,119194,56,0.0107
AGRO,1,804180,7762,9.78
AGRX,1,176080,727,1.2
AGS,1,400362,4228,8.92
AGTI,1,150537,2362,6.93
AGX,1,45804,1364,45.84
AGYS,1,126292,4329,88.44
AGZ,1,44314,365,107.89
AGZD,1,21064,137,21.9739
AHCO,1,1056930,10535,7.11
AHG,1,30321,284,1.64
AHH,1,235744,2794,11.81
AHHpA,1,1289,15,22.99
AHLT,1,2012,9,22.88
AHLpC,1,11325,110,25.88
AHLpD,1,8034,92,21.2
AHLpE,1,6961,119,20.61
AHOY,1,57,3,22.45
AHR,1,1630336,6247,13.06
AHT,1,281050,1550,1.51
AHTpD,1,1827,18,13.8
AHTpF,1,1165,19,12.5
AHTpG,1,183,5,16.41
AHTpH,1,202,4,12.4
AHTpI,1,4857,53,11.85
AHYB,1,4517,29,45.3497
AI,1,7597202,64274,26.84
AIA,1,60697,675,56.56
AIDB,1,14,4,28.5519
AIEQ,1,15603,207,35.3463
AIF,1,105196,512,14.39
AIG,1,5004756,48589,68.41
AIGpA,1,30451,241,25.25
AIH,1,17417,68,0.495
AIHS,1,8234,66,0.61
AIM,1,1043519,1994,0.38
AIMAU,1,400,10,11.18
AIMAW,1,25000,2,0.0126
AIMD,1,34067,248,0.9115
AIN,1,95854,3031,89.02
AINC,1,779,31,2.33
AIO,1,127706,916,19.79
AIP,1,165462,2545,6.82
AIQ,1,372612,2831,32.5
AIR,1,110888,3465,61.35
AIRC,1,1112952,15492,32.26
AIRE,1,1801234,6391,1.37
AIRG,1,19589,292,4.17
AIRI,1,7690,122,4.25
AIRL,1,428,5,25.603
AIRR,1,50363,553,58.74
AIRS,1,59671,923,6.89
AIRT,1,1061,35,17.22
AIRTP,1,1396,14,19.0
AISP,1,213508,1199,1.4
AISPW,1,34528,26,0.0494
AIT,1,288475,5275,184.55
AITR,1,12486,33,10.22
AIU,1,823,31,1.005
AIV,1,973419,5747,7.51
AIVI,1,2367,25,39.5102
AIVL,1,6723,48,95.504
AIXI,1,145399,662,2.15
AIYY,1,49605,569,17.0515
AIZ,1,422921,12638,174.57
AIZN,1,21241,139,20.59
AJAN,1,37500,83,24.63
AJG,1,712761,18310,237.03
AJX,1,370572,3424,4.5
AJXA,1,17653,101,24.9
AKA,1,5644,100,10.0801
AKAM,1,1548480,28444,126.78
AKAN,1,1074097,1946,0.36
AKBA,1,1438647,5074,1.63
AKLI,1,15204,76,0.2398
AKO.A,1,626,19,12.0
AKO.B,1,5371,88,15.0
AKR,1,591735,6737,17.17
AKRO,1,1061105,12367,18.6
AKTS,1,1571225,5210,0.6583
AKTX,1,845,22,2.45
AKYA,1,223847,2848,5.93
AL,1,1123977,11233,41.85
ALAR,1,160522,1454,12.92
ALB,1,2381113,43409,114.33
ALBT,1,7630,99,0.403
ALC,1,1018013,13940,77.17
ALCC,1,44835,248,10.61
ALCE,1,37225,171,0.9716
ALCO,1,43414,768,28.91
ALCY,1,633151,115,10.54
ALCYW,1,25000,3,0.15
ALDX,1,282409,2621,3.23
ALE,1,581766,5345,57.75
ALEC,1,581790,6964,6.25
ALEX,1,325732,3803,17.21
ALG,1,65980,2360,216.01
ALGM,1,1341656,20249,30.69
ALGN,1,1125623,25455,295.0
ALGS,1,166952,274,0.677
ALGT,1,173441,5626,77.94
ALHC,1,1057525,6901,6.67
ALIM,1,41975,617,3.89
ALIT,1,8203251,38590,9.23
ALK,1,2112795,21578,36.51
ALKS,1,1045054,12078,26.77
ALKT,1,417536,6286,25.31
ALL,1,3681102,55414,161.75
ALLE,1,747928,17934,130.52
ALLG,1,43572,312,1.03
ALLK,1,745408,4320,1.27
ALLO,1,2717613,18276,4.37
ALLR,1,88309,278,0.4393
ALLT,1,10066,140,1.87
ALLY,1,3030973,31147,36.19
ALLpB,1,24131,184,25.81
ALLpH,1,83705,575,23.54
ALLpI,1,6984,113,23.04
ALLpJ,1,53051,372,27.1
ALNT,1,118061,683,28.25
ALNY,1,1605073,15944,169.5
ALOT,1,3420,59,17.49
ALPN,1,1636785,11044,28.41
ALPP,1,34979,234,0.536
ALRM,1,179303,3632,64.58
ALRN,1,34893,252,4.78
ALRS,1,36515,2266,22.24
ALSAR,1,2762,24,0.1001
ALSN,1,435217,9448,61.67
ALT,1,4217864,28467,9.69
ALTG,1,1886854,8566,11.74
ALTGpA,1,508,8,25.67
ALTI,1,44007,409,5.7
ALTL,1,189239,267,33.51
ALTM,1,9692840,32775,4.6
ALTO,1,398898,3984,1.85
ALTR,1,352111,7319,90.11
ALTY,1,11281,67,11.24
ALUM,1,4,4,28.73
ALUR,1,3914,83,2.96
ALV,1,546087,11075,109.5
ALVO,1,139555,1141,15.49
ALVR,1,1142647,3232,0.6726
ALX,1,6541,668,216.82
ALXO,1,421955,5561,13.82
ALYA,1,41445,224,1.13
ALZN,1,15444,159,0.94
ALpA,1,11285,109,25.16
AM,1,2414658,17728,11.92
AMAL,1,158213,2956,24.15
AMAM,1,846958,4767,27.79
AMAT,1,6665653,96576,173.89
AMAX,1,7147,55,7.8054
AMBA,1,1024964,8899,54.65
AMBC,1,221912,4450,15.58
AMBI,1,3054,22,6.0
AMBO,1,57424,91,0.1349
AMBP,1,631515,4753,3.66
AMBP.WS,1,1000,2,0.080201
AMC,1,10754744,40578,4.09
AMCR,1,12782179,51608,9.16
AMCX,1,431285,8465,17.04
AMD,1,43252086,403859,169.35
AMDS,1,34270,78,13.1
AMDY,1,152794,1691,20.78
AME,1,950037,22950,166.3
AMED,1,189221,3508,93.91
AMEH,1,99111,2891,36.71
AMG,1,392053,6986,154.3
AMGN,1,5609951,97761,294.85
AMH,1,1763611,19588,35.02
AMHpG,1,6303,51,23.81
AMHpH,1,9219,149,24.635
AMID,1,1457,14,31.45
AMIX,1,30975,261,5.25
AMJ,1,201585,1112,26.33
AMJB,1,131,1,26.3282
AMK,1,195381,2596,31.31
AMKR,1,1447257,20789,30.17
AMLI,1,417529,758,0.7151
AMLP,1,1876564,12755,43.42
AMLX,1,541028,8125,15.46
AMN,1,489251,8521,74.96
AMNA,1,2,2,38.0788
AMNB,1,13444,347,44.43
AMND,1,2,2,39.828
AMOM,1,2030,57,37.3436
AMP,1,289821,10692,394.83
AMPD,1,237,3,22.46
AMPE,1,11749,112,1.76
AMPG,1,14811,67,2.03
AMPGW,1,800,1,0.11
AMPH,1,370808,8583,54.6
AMPL,1,313253,5161,13.62
AMPS,1,953585,8634,5.99
AMPX,1,317975,2587,4.3
AMPY,1,279061,2598,6.11
AMR,1,130171,6695,370.91
AMRC,1,277001,5345,22.39
AMRK,1,279225,6067,26.34
AMRN,1,810066,2261,1.23
AMRX,1,946498,11467,5.46
AMS,1,1137,28,2.6976
AMSC,1,931507,11251,10.93
AMSF,1,58551,2396,49.01
AMST,1,6783,87,2.37
AMSWA,1,104389,1431,10.96
AMT,1,1718445,31530,193.64
AMTB,1,104184,1556,22.16
AMTD,1,51516,237,1.69
AMTR,1,2,2,52.2213
AMTX,1,248619,3480,3.53
AMUB,1,5197,26,16.5892
AMWD,1,107115,3449,93.38
AMWL,1,841993,3069,1.08
AMX,1,1589616,11520,17.29
AMZA,1,22107,274,36.23
AMZD,1,7297,70,15.54
AMZN,1,41289628,399916,169.84
AMZP,1,394,29,29.6074
AMZU,1,304120,1383,31.71
AMZY,1,49187,618,22.27
AN,1,318286,9506,147.01
ANAB,1,254907,3686,23.13
ANDE,1,150172,4066,52.33
ANEB,1,2960,38,2.505
ANET,1,2430617,53688,275.89
ANEW,1,263,10,39.6513
ANF,1,1346079,21153,107.32
ANGH,1,6561,67,0.9642
ANGI,1,775808,6138,2.37
ANGL,1,881978,3669,28.83
ANGO,1,278587,3536,6.15
ANIK,1,49051,1342,23.66
ANIP,1,51848,2406,55.91
ANIX,1,102242,1020,4.48
ANL,1,345,7,8.86
ANNX,1,695231,5265,5.35
ANRO,1,218754,1101,18.98
ANSC,1,255681,21,10.14
ANSCU,1,257,2,10.23
ANSCW,1,2487,2,0.16
ANSS,1,395917,11032,345.33
ANTE,1,1624,22,0.74
ANTX,1,60012,1600,20.0
ANVS,1,132172,1274,10.84
ANY,1,1510061,4877,2.375
AOA,1,127682,1007,70.16
AOD,1,139994,484,8.04
AOK,1,76472,894,36.031
AOM,1,131898,1036,41.55
AOMR,1,45035,450,10.37
AON,1,1228575,23113,307.18
AONC,1,615,41,5.92
AONCW,1,52390,53,0.215
AOR,1,131561,863,53.65
AORT,1,121754,2042,16.99
AOS,1,815650,16038,80.25
AOSL,1,250274,5182,22.5
AOTG,1,3093,24,36.35
AOUT,1,16250,300,8.94
AP,1,18047,123,2.5
AP.WS,1,604,6,0.077
APA,1,6171000,52891,30.47
APAM,1,355026,6580,42.39
APCB,1,29687,199,29.43
APCX,1,52563,638,2.01
APCXW,1,4027,20,0.58
APD,1,2948702,48036,219.91
APDN,1,101942,458,0.6
APEI,1,86187,1967,11.125
APG,1,1424140,16028,34.87
APGE,1,177123,3487,37.0
APH,1,1822679,27962,104.86
API,1,84363,1027,2.88
APIE,1,31060,74,26.7962
APLD,1,3148093,20432,5.02
APLE,1,923155,9181,16.06
APLM,1,358553,768,0.714
APLS,1,2618393,16887,68.12
APLT,1,777854,5476,2.71
APLY,1,64724,704,18.42
APM,1,28609,176,1.39
APMU,1,6898,23,24.887
APO,1,3015360,44393,107.41
APOG,1,112386,2932,54.33
APOS,1,56871,476,27.06
APOpA,1,208464,363,61.83
APP,1,3373748,40374,46.55
APPF,1,192411,6757,236.73
APPN,1,263287,6871,32.64
APPS,1,10834900,56618,3.81
APRD,1,1871,13,24.92
APRE,1,9771,398,6.8799
APRH,1,3974,19,24.846
APRJ,1,6516,27,24.7553
APRQ,1,12215,30,24.7054
APRT,1,1147,5,34.3653
APRW,1,31637,41,29.9381
APRZ,1,0,0,30.8285
APT,1,33003,336,5.0
APTM,1,30000,2,10.71
APTO,1,47298,367,2.07
APTV,1,3679835,45621,81.29
APUE,1,59130,93,30.46
APVO,1,269943,515,0.147
APWC,1,1433,21,1.281
APYX,1,35713,359,2.58
AQB,1,16570,296,2.38
AQMS,1,151455,478,0.5781
AQN,1,3455283,9249,5.75
AQNB,1,14558,232,24.95
AQNU,1,25492,424,20.72
AQST,1,1096244,3104,2.68
AQU,1,4154,20,10.8
AQUNR,1,1269,6,0.189358
AQWA,1,1740,45,16.27
AR,1,5194003,35935,21.63
ARAY,1,285520,2283,2.49
ARB,1,14002,79,26.712
ARBB,1,8981,105,1.2002
ARBE,1,58398,307,1.83
ARBEW,1,2500,24,0.21
ARBK,1,1229653,4915,2.24
ARBKL,1,7384,65,9.56
ARC,1,64852,462,2.94
ARCB,1,348522,9792,139.81
ARCC,1,5523435,30367,20.01
ARCH,1,279639,9709,171.01
ARCM,1,193,7,100.26
ARCO,1,682346,7263,11.87
ARCT,1,445441,7787,37.91
ARDC,1,72405,422,13.71
ARDX,1,6278821,30708,9.27
ARE,1,1002949,18902,117.9
AREB,1,166970,251,0.2332
AREBW,1,3095,14,0.009463
AREC,1,86999,772,1.29
AREN,1,24448,251,1.19
ARES,1,2177012,37929,135.55
ARGD,1,6198,41,22.99
ARGOpA,1,5913,46,23.74
ARGT,1,44225,602,49.34
ARGX,1,186003,6733,394.89
ARHS,1,817743,10751,12.0
ARI,1,1097142,8561,10.65
ARIS,1,131085,2077,8.75
ARIZ,1,505,3,11.15
ARIZR,1,1400,7,0.181
ARIZW,1,100561,8,0.1618
ARKA,1,6739,114,44.9155
ARKB,1,2143980,11386,45.6
ARKC,1,1064,22,29.4801
ARKD,1,5852,80,32.6152
ARKF,1,668456,4726,27.3
ARKG,1,2178820,19262,29.87
ARKK,1,14530284,97934,48.44
ARKO,1,150810,1882,8.08
ARKQ,1,104930,1552,53.88
ARKR,1,1586,62,14.59
ARKW,1,291636,3086,74.61
ARKX,1,104164,729,14.42
ARKY,1,519,26,29.9134
ARKZ,1,4129,31,29.9491
ARL,1,2131,73,21.38
ARLO,1,713623,6818,8.71
ARLP,1,506753,4115,19.85
ARM,1,106502818,910332,113.89
ARMK,1,2979217,31506,29.41
ARMN,1,59147,253,3.07
ARMP,1,29762,179,3.96
AROC,1,798110,7095,16.17
AROW,1,47336,1021,24.25
ARP,1,107,2,25.9618
ARQ,1,43726,247,3.23
ARQQ,1,1866708,2914,0.538
ARQQW,1,17998,53,0.0929
ARQT,1,1317376,10572,5.7
ARR,1,1155646,11143,18.56
ARRW,1,915,18,9.7501
ARRWW,1,4000,1,0.1
ARRY,1,2692490,25492,14.16
ARRpC,1,14106,151,21.08
ARTL,1,26663,100,1.41
ARTLW,1,2800,3,0.015
ARTNA,1,17328,578,35.64
ARVN,1,1050104,13801,48.28
ARVR,1,726,2,35.3372
ARW,1,1259911,19888,113.4
ARWR,1,1761570,21480,30.85
ARYD,1,146,6,11.14
AS,1,1208005,8731,15.18
ASA,1,32375,164,14.41
ASAI,1,196171,1956,13.74
ASAN,1,1780098,18666,18.96
ASB,1,1015609,12606,19.92
ASBA,1,34099,243,22.73
ASBpE,1,5412,37,20.21
ASBpF,1,3216,34,19.255
ASC,1,590540,6942,15.95
ASCAW,1,503400,46,0.025
ASCB,1,125,3,10.87
ASCBR,1,22693,32,0.0609
ASEA,1,55161,71,14.75
ASET,1,14493,23,29.5133
ASG,1,309595,1085,5.38
ASGI,1,51450,357,17.67
ASGN,1,431876,11687,95.57
ASH,1,742353,12350,91.4
ASHR,1,4896301,7735,22.98
ASHS,1,8882,103,25.4625
ASHX,1,387,3,17.6061
ASIA,1,2243,25,24.775
ASIX,1,119796,2766,25.63
ASLE,1,481356,5589,9.02
ASLN,1,214012,1850,0.56
ASM,1,257916,376,0.4564
ASMB,1,2419135,3506,0.9751
ASML,1,1148796,41694,922.94
ASND,1,518792,8956,139.25
ASNS,1,7440,60,1.15
ASO,1,942174,16701,66.34
ASPI,1,333318,1630,3.04
ASPN,1,696810,7851,11.84
ASPS,1,42766,455,2.79
ASR,1,123982,2593,313.0
ASRT,1,476988,2489,0.793
ASRV,1,13554,93,2.91
ASST,1,245412,595,0.533
ASTE,1,85013,2569,35.41
ASTI,1,37099,213,0.72
ASTL,1,1395395,11914,7.94
ASTLW,1,35120,108,1.07
ASTR,1,129901,982,1.94
ASTS,1,8295620,30636,3.18
ASTSW,1,144199,142,0.77
ASUR,1,256472,3418,9.75
ASX,1,6712248,17231,9.43
ASXC,1,2116117,2099,0.2864
ASYS,1,45258,318,4.06
ATAI,1,837094,2745,1.75
ATAT,1,105983,1881,18.04
ATCOL,1,870,7,24.1333
ATCOpD,1,3258,55,24.37
ATCOpH,1,11512,111,23.9
ATEC,1,1149090,12281,16.65
ATEK,1,10089,54,11.11
ATEK.WS,1,97063,42,0.035
ATEN,1,1133421,9061,12.65
ATER,1,329472,992,0.364
ATEX,1,248055,2891,31.85
ATFV,1,3372,31,19.341
ATGE,1,512107,9366,49.17
ATGL,1,7142,277,11.88
ATHA,1,174393,1437,3.17
ATHE,1,7641,133,1.97
ATHM,1,710915,6159,25.38
ATHpA,1,273293,534,24.73
ATHpB,1,22838,164,21.82
ATHpC,1,34253,334,24.875
ATHpD,1,46051,399,18.68
ATHpE,1,20818,323,26.2
ATI,1,1250000,16518,40.75
ATIF,1,4256,77,0.812
ATIP,1,11259,127,6.28
ATKR,1,339716,6552,148.65
ATLC,1,5964,230,32.28
ATLCL,1,1749,88,23.4937
ATLCP,1,6164,45,21.8
ATLCZ,1,27147,100,24.83
ATLO,1,5343,108,18.31
ATLX,1,50391,949,18.97
ATMP,1,6704,34,21.4435
ATMU,1,538956,6581,21.85
ATNF,1,107170,449,0.2089
ATNFW,1,6257,9,0.0054
ATNI,1,276213,2619,34.04
ATNM,1,72375,1159,5.15
ATO,1,800129,18809,112.93
ATOM,1,292449,2680,7.635
ATOS,1,410734,1104,0.94
ATPC,1,178428,401,0.43
ATR,1,616939,12345,132.12
ATRA,1,3483797,10473,0.8259
ATRC,1,649673,11135,32.39
ATRI,1,7823,839,368.34
ATRO,1,95635,1903,17.99
ATS,1,97826,1258,41.1
ATSG,1,548728,7978,14.48
ATUS,1,3538379,14917,2.02
ATXG,1,89866,490,1.2
ATXI,1,971355,1222,0.1408
ATXS,1,465854,5370,15.26
AU,1,917307,9767,17.85
AUB,1,304010,6030,33.0
AUBN,1,249,18,20.36
AUBpA,1,21115,123,24.22
AUDC,1,146552,1952,13.67
AUGT,1,22120,56,26.89
AUGW,1,14828,92,26.5124
AUGX,1,262522,2594,4.32
AUGZ,1,15,1,35.1766
AUID,1,22876,183,9.85
AULT,1,1945447,6015,0.4
AUMI,1,801,3,24.625
AUMN,1,113173,314,0.4613
AUPH,1,1052762,8449,7.91
AUR,1,4519871,18244,3.24
AURA,1,141874,1371,8.2
AUROW,1,15371,49,0.2958
AUSF,1,50230,142,38.155
AUST,1,223721,813,0.8203
AUTL,1,12049732,34638,6.0
AUUD,1,63218,255,0.23
AUVI,1,382190,2520,1.96
AUVIP,1,2577,44,4.57
AVA,1,602450,9183,32.9
AVAH,1,45385,538,2.46
AVAL,1,99149,407,2.58
AVAV,1,181947,6014,124.57
AVB,1,796072,16294,174.53
AVBP,1,130184,1949,22.0
AVD,1,179697,2796,10.29
AVDE,1,307878,1297,59.42
AVDL,1,507698,4896,14.7
AVDS,1,13362,31,50.0492
AVDV,1,248500,1946,60.78
AVDX,1,1745987,16492,11.91
AVEE,1,761,23,51.08
AVEM,1,389288,2192,56.01
AVES,1,41364,342,45.82
AVGE,1,17824,229,65.27
AVGO,1,2738661,98065,1274.76
AVGR,1,2321,90,2.71
AVGV,1,12578,97,55.93
AVHI,1,400,4,10.9999
AVIE,1,1275,12,59.0961
AVIG,1,43163,198,41.121
AVIR,1,845726,5393,4.26
AVIV,1,12984,142,50.39
AVK,1,51599,301,11.9
AVLC,1,2149,20,57.9582
AVLV,1,179148,695,59.28
AVMA,1,256,5,54.1666
AVMC,1,942,15,56.4637
AVMU,1,2824,23,46.55
AVMV,1,897,4,55.9161
AVNM,1,4801,27,52.9359
AVNS,1,252673,4884,19.33
AVNT,1,332653,7694,37.01
AVNV,1,4,3,53.371
AVNW,1,395034,5675,33.1
AVO,1,200248,2966,10.39
AVPT,1,658183,6926,7.97
AVPTW,1,3314,14,1.04
AVRE,1,30846,203,41.31
AVRO,1,140543,565,1.3
AVSC,1,43403,286,49.11
AVSD,1,4093,42,53.2226
AVSE,1,1472,20,47.5726
AVSF,1,18904,104,46.24
AVSU,1,7455,84,58.1025
AVT,1,1710252,19689,44.72
AVTE,1,59450,995,20.53
AVTR,1,4333686,35752,23.3
AVTX,1,21963,283,4.55
AVUS,1,154913,1191,84.01
AVUV,1,570133,5466,86.99
AVXL,1,1118028,8891,5.69
AVY,1,346249,10458,202.97
AWAY,1,16467,159,19.3
AWEG,1,15,7,22.5838
AWF,1,147960,594,10.39
AWH,1,26357,289,4.67
AWI,1,496362,10447,104.61
AWIN,1,4857953,2881,0.095
AWINW,1,2675,30,0.0093
AWK,1,877314,19346,121.83
AWP,1,171525,636,3.71
AWR,1,230839,5497,75.11
AWRE,1,4326,60,1.68
AX,1,452669,9627,50.32
AXDX,1,179166,751,1.29
AXGN,1,284708,3484,9.87
AXL,1,662441,6708,8.12
AXNX,1,777299,8935,67.95
AXON,1,299606,13402,269.0
AXP,1,4090530,66928,211.21
AXR,1,1102,74,20.92
AXS,1,703661,11819,58.81
AXSM,1,493084,11185,95.68
AXSpE,1,29886,393,22.39
AXTA,1,8740726,60148,31.05
AXTI,1,111908,950,2.47
AY,1,551684,6680,18.4
AYI,1,228306,7658,241.78
AYRO,1,13250,217,1.8
AYTU,1,4393,77,2.65
AYX,1,1125201,9304,47.66
AZ,1,60774,250,1.0623
AZEK,1,2664319,32622,45.97
AZN,1,28902271,213318,63.52
AZO,1,269295,18538,2731.66
AZPN,1,178579,11253,189.81
AZTA,1,650065,14388,64.04
AZTD,1,25869,90,21.3837
AZTR,1,7971,75,1.03
AZUL,1,2092963,12034,7.42
AZZ,1,93121,3068,67.2
B,1,220069,5481,34.67
BA,1,5722860,77431,209.22
BAB,1,378595,711,26.57
BABA,1,33063341,260098,70.78
BABX,1,177423,811,13.21
BAC,1,35407091,124565,33.12
BACA,1,151,3,10.27
BACK,1,6384,91,2.06
BACpB,1,31901,279,25.15
BACpE,1,10997,97,22.59
BACpK,1,84076,505,24.8701
BACpL,1,5705,373,1193.0
BACpM,1,63862,473,23.63
BACpN,1,39215,440,22.52
BACpO,1,59377,398,19.84
BACpP,1,41083,281,18.85
BACpQ,1,26996,285,19.2
BACpS,1,172222,523,21.27
BAER,1,8455,155,5.76
BAERW,1,5968,12,0.2183
BAFN,1,4383,42,12.7
BAH,1,417919,12559,144.62
BAK,1,429494,3415,7.05
BALI,1,9566,146,27.6009
BALL,1,1872128,26842,59.14
BALT,1,154822,347,28.9
BALY,1,224308,3948,11.18
BAM,1,2352814,16771,39.98
BAMA,1,3887,9,27.7018
BAMB,1,3452,8,25.495
BAMD,1,13072,21,26.556
BAMG,1,11389,48,29.49
BAMO,1,5023,26,27.6986
BAMU,1,4266,10,25.22
BAMV,1,9317,32,28.3406
BAMY,1,3602,8,26.5349
BANC,1,1728280,16674,12.96
BANCpF,1,25141,280,22.44
BAND,1,120222,2762,14.17
BANF,1,41166,1700,86.9
BANL,1,11738,143,1.37
BANR,1,142575,3718,44.1
BANX,1,6678,61,18.51
BAOS,1,478797,4020,3.81
BAP,1,226176,5377,152.1
BAPR,1,8455,65,39.4
BAR,1,457381,692,20.1
BARK,1,2910182,6828,1.04
BARK.WS,1,1369,9,0.045
BASE,1,352703,6238,27.49
BATL,1,12258,241,6.36
BATRA,1,18606,644,43.53
BATRK,1,88206,2348,40.56
BATT,1,50459,423,8.87
BAUG,1,13605,106,37.32
BAX,1,7901087,72373,40.46
BAYAR,1,100,1,0.15
BAYAU,1,2535,18,10.3
BB,1,8467481,16596,2.79
BBAG,1,117779,627,45.8
BBAI,1,1921403,4839,1.72
BBAI.WS,1,56000,98,0.288
BBAR,1,829500,5448,5.05
BBAX,1,614980,1633,47.31
BBBI,1,645,17,50.0663
BBBL,1,114,5,49.3787
BBBS,1,8411,7,50.24
BBC,1,913,39,26.7269
BBCA,1,250383,1423,63.34
BBCB,1,885,24,45.3482
BBCP,1,52300,741,8.08
BBD,1,32761226,28047,2.73
BBDC,1,363580,2998,8.78
BBDO,1,15929,257,2.51
BBEM,1,522,19,48.6466
BBEU,1,343470,1722,56.04
BBGI,1,61458,149,0.8266
BBH,1,4853,192,162.38
BBHY,1,95330,237,45.85
BBIB,1,2,1,97.371
BBIN,1,46092,393,56.76
BBIO,1,1047824,14698,32.96
BBIP,1,0,0,98.005
BBJP,1,670293,2890,54.36
BBLB,1,86,17,89.7892
BBLG,1,19393,180,3.11
BBLGW,1,5975,115,7.5
BBLU,1,377413,260,11.04
BBMC,1,12867,64,85.0918
BBN,1,268702,1467,16.93
BBP,1,3135,73,58.2213
BBRE,1,15519,246,86.2413
BBSA,1,588,12,47.605
BBSB,1,115,8,98.45
BBSC,1,4025,42,59.72
BBSI,1,18697,1024,111.8
BBU,1,6497,74,22.84
BBUC,1,28748,474,24.38
BBUS,1,158409,976,90.1
BBVA,1,1842048,5875,9.81
BBW,1,102155,2800,22.13
BBWI,1,1869769,29535,44.37
BBY,1,1815312,33826,75.49
BC,1,464014,9993,84.68
BCAB,1,521523,3725,2.91
BCAL,1,46114,1049,15.61
BCAN,1,858630,2433,0.175
BCAT,1,230623,957,15.54
BCBP,1,68491,1210,10.29
BCC,1,195993,6969,137.53
BCD,1,16181,165,30.23
BCDA,1,1078490,2528,0.4021
BCDAW,1,6846,33,0.0221
BCDF,1,2470,13,23.8476
BCE,1,4848400,44378,37.95
BCEL,1,491841,1483,0.268
BCH,1,73771,1849,22.18
BCHP,1,1821,12,30.0808
BCI,1,215149,888,19.16
BCIM,1,136,4,20.2903
BCLI,1,1148921,682,0.3919
BCML,1,24088,417,19.91
BCO,1,177843,4633,81.47
BCOV,1,85169,1743,2.32
BCOW,1,370,1,7.6
BCPC,1,79283,3501,143.43
BCRX,1,1812454,15235,5.32
BCS,1,6272220,10221,7.35
BCSA,1,111865,7,10.97
BCSAW,1,10650,23,0.021
BCSF,1,188837,2525,14.93
BCTX,1,42873,430,3.92
BCTXW,1,3926,49,1.3799
BCUS,1,16388,74,26.6996
BCV,1,17077,85,15.335
BCVpA,1,581,17,23.57
BCX,1,184028,713,8.51
BCYC,1,70960,1356,16.8
BCpA,1,26547,341,24.54
BCpB,1,615374,1636,24.39
BCpC,1,23469,333,24.3
BDC,1,653577,14820,84.23
BDCX,1,1672,25,31.3293
BDCZ,1,709,7,18.504
BDEC,1,7231,33,39.46
BDGS,1,100,1,27.2946
BDJ,1,443757,1071,7.93
BDL,1,205,16,25.5098
BDN,1,2907734,12926,4.12
BDRX,1,1420346,6088,1.3
BDRY,1,414892,2179,12.55
BDSX,1,64003,1133,1.99
BDTX,1,1736749,6794,4.47
BDVG,1,6940,63,10.657
BDX,1,1633102,29159,240.71
BE,1,2932048,23696,11.52
BEAM,1,719235,10314,28.11
BEAT,1,8883,163,1.79
BEATW,1,170,2,0.37
BECN,1,506799,8813,86.33
BECO,1,432,8,20.0356
BEDU,1,1002,32,1.8
BEDZ,1,187,7,28.2703
BEEM,1,112549,1196,7.43
BEEMW,1,2068,21,1.2999
BEEP,1,8423,134,3.95
BEEZ,1,2780,27,29.3195
BEKE,1,3633438,24376,13.41
BELFA,1,4418,161,72.5
BELFB,1,80956,2119,69.84
BEMB,1,27,9,51.29
BEN,1,2244547,23809,26.83
BENF,1,159476,520,0.2995
BENFW,1,21176,23,0.01
BEP,1,565609,6256,23.95
BEPC,1,1499799,24827,25.4
BEPH,1,12943,134,16.13
BEPI,1,10488,79,16.83
BEPpA,1,10208,65,17.5154
BERY,1,3014829,43954,55.91
BERZ,1,254120,646,2.98
BEST,1,496,37,2.2
BETE,1,2129,53,59.2799
BETH,1,849,31,61.19
BETR,1,1182849,2258,0.5308
BETRW,1,33734,41,0.14
BETS,1,18432595,116371,3.5
BETZ,1,21404,300,18.22
BF.A,1,53528,1426,58.56
BF.B,1,1095678,15404,56.93
BFAC,1,629,11,10.9224
BFAC.WS,1,75955,34,0.0428
BFAM,1,304396,6594,99.0
BFC,1,15151,780,83.16
BFEB,1,33658,193,38.2
BFH,1,423772,8299,35.32
BFI,1,110587,445,0.581
BFIIW,1,9600,22,0.044848
BFIN,1,15943,371,10.42
BFIT,1,228,13,21.48
BFIX,1,379,7,22.9352
BFK,1,161272,944,10.18
BFLY,1,1062097,3673,0.9539
BFLY.WS,1,4838,15,0.033301
BFOR,1,2159,38,62.5484
BFRG,1,319861,1749,4.59
BFRGW,1,3751,21,0.7501
BFRI,1,307102,1178,0.729
BFRIW,1,9109,14,0.029
BFS,1,39344,945,37.96
BFST,1,28262,514,21.38
BFSpD,1,7455,25,22.855
BFSpE,1,5275,82,22.5
BFX,1,88530,387,0.5202
BFZ,1,35721,161,11.8
BG,1,2265639,33248,86.5
BGB,1,162155,583,11.59
BGC,1,1567457,12428,7.28
BGFV,1,287718,5646,5.06
BGH,1,50855,262,14.07
BGI,1,5119,49,3.88
BGIG,1,4578,19,26.4229
BGLC,1,45909,125,0.448
BGLD,1,8136,67,18.54
BGNE,1,237797,5318,142.88
BGR,1,42710,231,12.1
BGRN,1,17665,309,46.72
BGS,1,1071491,9978,9.8
BGSF,1,2800,126,10.22
BGT,1,97196,267,12.565
BGX,1,72885,503,11.93
BGXX,1,914155,2129,0.17
BGY,1,93747,363,5.32
BH,1,2438,226,151.73
BH.A,1,118,30,762.0
BHAC,1,168615,47,10.45
BHAT,1,58358,189,1.03
BHB,1,31318,508,24.99
BHC,1,1044777,8218,8.13
BHE,1,256438,5146,29.51
BHF,1,308898,6889,52.64
BHFAL,1,23031,186,23.41
BHFAM,1,29490,344,16.53
BHFAN,1,47959,346,19.94
BHFAO,1,20686,281,24.93
BHFAP,1,30440,381,24.31
BHIL,1,700410,1610,0.1776
BHK,1,130588,669,10.88
BHLB,1,210596,3721,22.64
BHM,1,4864,105,13.96
BHP,1,1781904,21854,60.04
BHR,1,137680,980,2.15
BHRB,1,10862,559,56.12
BHRpB,1,6180,122,13.13
BHRpD,1,561,6,21.4186
BHV,1,10232,30,10.85
BHVN,1,624113,8397,46.92
BHYB,1,0,0,53.8006
BIAF,1,9166,55,1.57
BIB,1,120107,994,56.165
BIBL,1,22715,199,36.37
BIDU,1,1874075,31786,103.17
BIG,1,571939,5801,5.57
BIGC,1,458034,5285,8.46
BIGZ,1,690848,2154,8.04
BIIB,1,730295,18968,240.3
BIL,1,5406347,12622,91.51
BILD,1,0,0,24.6762
BILI,1,5579818,35497,9.73
BILL,1,7329464,84031,75.75
BILS,1,409262,1604,99.17
BILZ,1,25833,103,100.82
BIMI,1,28870,199,2.65
BINC,1,291008,2908,52.23
BINV,1,16553,13,28.0452
BIO,1,130881,6988,326.11
BIO.B,1,158,4,321.02
BIOL,1,216989,921,0.4228
BIOR,1,375927,1184,0.8351
BIOX,1,42732,651,12.72
BIP,1,281494,2561,30.75
BIPC,1,329440,5884,35.94
BIPH,1,6729,70,18.09
BIPI,1,10213,119,18.03
BIPpA,1,12981,146,18.0
BIPpB,1,15155,135,17.5
BIRD,1,289299,2257,0.9572
BIRK,1,486876,9584,48.0
BIS,1,14850,89,18.29
BIT,1,92157,356,15.53
BITB,1,1988302,6465,24.85
BITC,1,2614,69,35.6666
BITE,1,1172,7,10.74
BITF,1,25448401,26006,2.52
BITI,1,3236875,6125,12.0
BITO,1,12545417,34864,21.58
BITQ,1,190354,1094,9.56
BITS,1,21990,216,50.85
BITX,1,1386081,6687,25.14
BIV,1,1214722,6060,75.26
BIVI,1,104507,475,1.1
BIZD,1,1028928,2737,16.01
BJ,1,760671,14203,66.66
BJAN,1,16841,79,42.2572
BJDX,1,44028,90,0.771
BJK,1,6012,59,43.99
BJRI,1,208867,4070,36.34
BJUL,1,7145,50,38.92
BJUN,1,2339,26,36.7459
BK,1,2799643,33435,55.11
BKAG,1,230640,751,41.8
BKCC,1,66258,585,3.72
BKCH,1,114668,1229,38.34
BKCI,1,4991,61,49.5349
BKD,1,764688,5905,5.47
BKE,1,352796,7411,38.75
BKEM,1,2583,31,55.3093
BKES,1,0,0,37.3783
BKF,1,1579,134,32.75
BKGI,1,430,5,26.9762
BKH,1,1600599,16247,51.25
BKHY,1,19000,187,47.31
BKIE,1,12909,159,71.1
BKIS,1,1,1,44.4262
BKIV,1,16,2,30.5021
BKKT,1,28869667,55101,0.8655
BKKT.WS,1,145198,178,0.142001
BKLC,1,26837,262,94.88
BKLN,1,4290786,9386,21.09
BKMC,1,4263,51,91.18
BKN,1,41586,256,11.8
BKNG,1,367870,25454,3840.22
BKR,1,8725762,66971,29.32
BKSE,1,2656,36,90.5337
BKSY,1,1888306,4671,1.42
BKSY.WS,1,69497,96,0.0436
BKT,1,33437,209,11.945
BKTI,1,12692,104,11.31
BKU,1,1166448,13987,26.02
BKUI,1,21,11,49.505
BKUS,1,0,0,50.472
BKWO,1,100,1,30.842
BKYI,1,24378,178,1.82
BL,1,574323,9925,61.75
BLAC,1,183491,9,10.57
BLACW,1,5100,3,0.015
BLBD,1,1532875,20576,30.33
BLBX,1,18226,246,2.6
BLCN,1,32353,179,23.2
BLCO,1,278035,3325,13.88
BLCR,1,181,8,29.29
BLCV,1,349,6,29.1621
BLD,1,213652,8483,390.92
BLDE,1,400021,3421,3.03
BLDEW,1,83246,177,0.073
BLDG,1,457,10,24.3631
BLDP,1,1620491,7710,3.15
BLDR,1,903835,22666,185.25
BLE,1,95045,556,10.71
BLES,1,17914,96,35.2027
BLEU,1,3675,29,10.71
BLEUR,1,17800,20,0.053
BLFS,1,303301,5196,18.61
BLFY,1,67320,804,8.83
BLIN,1,13125,41,0.82
BLK,1,475846,21515,793.2
BLKB,1,100880,2725,80.67
BLKC,1,1439,19,17.3999
BLLD,1,104,5,45.7643
BLMN,1,844774,11859,27.35
BLND,1,1086555,5860,2.73
BLNK,1,5851690,14448,2.74
BLOK,1,187641,1744,28.6
BLRX,1,406070,665,1.07
BLTE,1,20878,361,45.87
BLUA.WS,1,2702,18,0.065
BLUE,1,7910024,11560,1.05
BLV,1,3239456,6918,71.77
BLW,1,74292,399,13.86
BLX,1,60208,1054,23.49
BLZE,1,219144,4528,8.75
BMA,1,408703,4902,28.82
BMAR,1,14407,89,40.5378
BMAY,1,4701,54,34.86
BMBL,1,2084193,20312,12.96
BME,1,26167,224,42.58
BMEA,1,553566,6765,17.76
BMED,1,175,6,25.379
BMEZ,1,323846,1439,15.86
BMI,1,229309,7133,146.43
BMLpG,1,12501,49,21.4
BMLpH,1,13378,149,21.05
BMLpJ,1,17889,181,22.29
BMLpL,1,10187,98,21.94
BMN,1,14284,87,24.065
BMO,1,308688,5893,91.88
BMR,1,385073,1713,1.86
BMRA,1,63438,278,0.8507
BMRC,1,34115,990,17.31
BMRN,1,1099019,20300,88.15
BMTX,1,9881,163,2.07
BMTX.WS,1,17231,31,0.015
BMVP,1,2331,20,41.945
BMY,1,12805116,88306,48.71
BN,1,2606385,25800,40.53
BND,1,7987610,27488,72.425
BNDC,1,10572,41,22.025
BNDD,1,40224,223,14.49
BNDI,1,865,21,47.6017
BNDW,1,72978,819,68.13
BNDX,1,2950029,8376,48.6
BNE,1,2259,11,21.1009
BNED,1,455250,1411,0.7953
BNGE,1,516,11,24.8869
BNGO,1,1151400,3896,1.18
BNH,1,14011,209,17.86
BNJ,1,10811,145,16.13
BNKD,1,673918,2069,6.61
BNKU,1,395115,3966,22.21
BNL,1,1350858,7876,16.04
BNO,1,784951,2472,29.36
BNOV,1,3179,29,35.765
BNOX,1,55557,256,0.9184
BNR,1,26935,121,0.8301
BNRE,1,7067,123,40.55
BNRE.A,1,1767,24,40.63
BNRG,1,6183,38,4.4814
BNS,1,1892296,17419,45.86
BNTC,1,10307,72,2.82
BNTX,1,344193,8188,94.1
BNY,1,80421,171,10.59
BNZI,1,72175,318,1.45
BOAT,1,130211,666,30.94
BOC,1,90368,1658,14.75
BOCN,1,2148,29,10.9
BOCT,1,4306,28,39.5265
BODY,1,13398,248,10.28
BOE,1,109180,577,10.18
BOF,1,8585,54,1.415
BOH,1,307245,7989,61.12
BOHpA,1,9050,55,17.19
BOIL,1,16566084,102009,18.27
BOKF,1,156295,3615,81.52
BOLT,1,73469,213,1.06
BON,1,89346,193,0.5843
BOND,1,288828,1562,91.35
BOOM,1,230333,3671,17.42
BOOT,1,815191,17237,84.73
BORR,1,1252636,7216,6.29
BOSC,1,1828,20,2.75
BOTJ,1,2428,34,11.95
BOTZ,1,889893,6681,29.37
BOUT,1,9844,112,34.3358
BOWL,1,1985499,20338,14.82
BOX,1,1487821,13377,27.05
BOXL,1,48645,268,0.81
BOXX,1,155087,618,105.67
BP,1,8702393,50173,36.21
BPAY,1,260,2,22.7091
BPMC,1,886056,17576,74.16
BPOP,1,393942,10320,83.32
BPOPM,1,1799,80,25.34
BPRN,1,10952,271,31.47
BPT,1,87519,703,2.5
BPTH,1,98410,287,0.45
BPTS,1,2300,34,0.49
BPYPM,1,169037,474,13.05
BPYPN,1,17062,114,11.581
BPYPO,1,261465,851,12.85
BPYPP,1,18838,135,13.5
BQ,1,536783,1009,0.3188
BR,1,572679,13708,199.0
BRAG,1,10537,111,5.261
BRAZ,1,718,9,26.73
BRBR,1,2216134,18630,58.86
BRBS,1,431259,2835,2.5
BRC,1,491757,6126,61.45
BRCC,1,563118,5278,4.04
BRDG,1,165902,2407,9.36
BREA,1,18264,116,1.03
BREZ,1,1594,30,11.4199
BREZR,1,887,2,0.1127
BREZW,1,151915,61,0.205049
BRF,1,1325,18,16.015
BRFH,1,5053,31,1.25
BRFS,1,2262784,3868,2.87
BRID,1,863,25,10.81
BRK.A,1,10633,10546,597000.0
BRK.B,1,3275755,63940,397.49
BRKH,1,3099,25,10.8085
BRKHW,1,45550,39,0.1297
BRKL,1,449569,5844,9.76
BRKR,1,716020,15403,70.95
BRLN,1,31889,158,52.4319
BRLS,1,17842,291,8.2
BRLSW,1,32356,129,0.1
BRLT,1,75278,393,3.01
BRN,1,1655,36,2.401
BRNS,1,7973,79,2.5461
BRNY,1,1259,23,33.77
BRO,1,1415203,21242,79.95
BROG,1,10361,150,2.81
BROGW,1,8564,23,0.0075
BROS,1,1197411,13720,26.39
BRP,1,180418,3407,23.19
BRRR,1,154458,909,12.9079
BRSH,1,6635635,5532,0.104
BRSHW,1,3348,5,0.0098
BRSP,1,700764,5328,6.65
BRT,1,16820,294,16.39
BRTR,1,8126,140,50.49
BRTX,1,801575,2656,1.28
BRW,1,213734,845,7.39
BRX,1,4405613,27785,22.86
BRY,1,924429,7738,6.49
BRZE,1,701128,13087,58.62
BRZU,1,33664,547,88.97
BSAC,1,214119,3007,18.05
BSBK,1,5092,38,8.01
BSBR,1,475807,2508,5.64
BSCO,1,1514872,3177,20.94
BSCP,1,445068,1153,20.46
BSCQ,1,1018336,1464,19.26
BSCR,1,753193,1843,19.33
BSCS,1,228990,749,20.09
BSCT,1,165704,564,18.315
BSCU,1,126606,464,16.38
BSCV,1,56029,176,16.11
BSCW,1,52459,179,20.265
BSCX,1,30389,113,20.84
BSEP,1,2600,24,37.98
BSET,1,15238,279,15.4
BSFC,1,159366,278,0.1275
BSGM,1,69957,1330,0.7945
BSIG,1,367859,5856,21.58
BSJO,1,121153,378,22.74
BSJP,1,184119,778,22.925
BSJQ,1,118168,537,23.16
BSJR,1,51584,222,22.375
BSJS,1,41420,183,21.6
BSJT,1,11330,65,21.1698
BSJU,1,9340,55,25.555
BSJV,1,397,8,26.175
BSL,1,49143,282,13.58
BSM,1,582612,3304,16.02
BSMC,1,10785,13,27.4883
BSMO,1,73401,137,24.8
BSMP,1,33066,136,24.49
BSMQ,1,24909,118,23.67
BSMR,1,11647,56,23.7298
BSMS,1,7223,53,23.5703
BSMT,1,16312,97,23.33
BSMU,1,7209,55,22.23
BSMV,1,9336,60,21.45
BSMW,1,13806,44,25.695
BSR,1,160,1,26.1448
BSRR,1,26935,481,18.55
BSSX,1,6549,18,26.4
BST,1,72650,1090,36.87
BSTP,1,22618,57,29.327
BSTZ,1,381614,1885,18.1
BSV,1,2523910,7586,76.7
BSVN,1,17106,461,27.4
BSVO,1,161385,303,20.03
BSX,1,6761935,62917,65.02
BSY,1,647657,12368,52.33
BTA,1,11841,70,10.35
BTAI,1,1745981,7317,3.75
BTAL,1,65797,675,18.19
BTBD,1,4139,41,2.05
BTBT,1,8587059,21936,2.74
BTCM,1,129751,1078,3.97
BTCO,1,392115,1251,45.59
BTCS,1,240625,743,1.64
BTCT,1,84089,610,3.74
BTCTW,1,103983,73,0.042
BTCW,1,96369,697,48.45
BTCY,1,17886,77,0.775
BTDR,1,2099868,11304,8.25
BTE,1,5888159,7823,3.1
BTEC,1,2787,41,36.88
BTEK,1,1408,29,24.7814
BTF,1,57436,680,14.28
BTG,1,6418274,12075,2.66
BTHM,1,145,8,27.7371
BTI,1,10091766,66507,31.46
BTM,1,212595,1396,2.15
BTMD,1,40502,447,3.97
BTMWW,1,36009,32,0.11005
BTO,1,96776,830,28.14
BTOG,1,339461,2112,4.87
BTOP,1,109,22,35.962
BTR,1,251,2,23.1491
BTSG,1,1994674,9979,11.34
BTSGU,1,206787,32,45.93
BTT,1,126546,554,21.25
BTTR,1,400910,851,0.1753
BTTX,1,1527906,1844,0.1648
BTU,1,4795931,47135,25.98
BTZ,1,181097,757,10.86
BUCK,1,44430,97,25.13
BUD,1,2315652,25873,65.61
BUFB,1,14586,85,28.68
BUFC,1,17475,68,35.885
BUFD,1,100250,252,23.175
BUFF,1,44432,229,40.84
BUFG,1,46457,175,21.86
BUFQ,1,91873,446,27.81
BUFR,1,930495,2383,27.29
BUFT,1,10016,67,21.1398
BUFZ,1,24017,56,21.86
BUG,1,212358,1669,30.89
BUI,1,47900,344,20.92
BUL,1,1526,27,38.1388
BULD,1,271,10,22.93
BULZ,1,139579,3923,130.84
BUR,1,678585,8444,14.36
BURL,1,976282,19298,199.95
BURU,1,822176,886,0.1544
BUSA,1,23848,24,28.24
BUSE,1,181219,1760,22.9
BUXX,1,63147,321,20.265
BUYW,1,43439,113,13.45
BUYZ,1,2929,25,31.3399
BUZZ,1,16891,362,19.16
BV,1,320387,3868,8.39
BVFL,1,11273,446,12.95
BVN,1,296134,3753,15.28
BVS,1,82751,1878,4.41
BW,1,891906,3445,1.18
BWA,1,7395723,73805,31.48
BWAY,1,74057,604,6.1
BWB,1,39554,661,11.82
BWBBP,1,15753,103,18.8447
BWEB,1,818,20,43.3048
BWEN,1,48784,366,2.42
BWET,1,134944,384,18.29
BWFG,1,18975,328,25.05
BWG,1,104816,474,8.37
BWMN,1,80274,1215,36.25
BWMX,1,19502,273,13.385
BWNB,1,7129,94,16.83
BWSN,1,9695,147,19.82
BWTG,1,717,8,30.5357
BWX,1,209683,864,22.11
BWXT,1,300017,7546,83.84
BWZ,1,6061,92,26.445
BWpA,1,36861,403,11.47
BX,1,3332837,53610,127.84
BXC,1,81939,2736,117.71
BXMT,1,2992696,22791,18.55
BXMX,1,112280,435,13.1
BXP,1,1112006,19320,65.07
BXSL,1,830170,6636,28.44
BY,1,103887,1683,20.46
BYD,1,884753,15889,65.5
BYFC,1,1879,211,6.08
BYLD,1,53219,204,22.2
BYM,1,103591,290,11.47
BYND,1,1860758,13047,6.57
BYNO,1,68940,162,11.0
BYOB,1,1166,36,19.42
BYON,1,723869,12402,23.5
BYRE,1,233,8,22.7905
BYRN,1,264685,2382,8.89
BYSI,1,70427,281,1.145
BYU,1,158803,569,1.46
BZ,1,4849098,44771,14.3
BZFD,1,570630,1138,0.184
BZFDW,1,7145,16,0.0288
BZH,1,310395,5455,29.44
BZQ,1,11898,69,11.4131
BZUN,1,687640,3107,2.33
C,1,15625982,108907,54.29
CA,1,0,0,25.25
CAAP,1,179010,1897,16.32
CAAS,1,36454,312,3.24
CABA,1,2484990,20180,25.38
CABO,1,83754,5318,486.69
CAC,1,37984,975,31.89
CACC,1,42230,2983,555.93
CACG,1,3079,70,50.954
CACI,1,136411,5928,355.36
CACO,1,45963,117,0.525
CADE,1,1561918,15331,25.79
CADEpA,1,9129,100,20.48
CADL,1,7397,43,1.265
CAE,1,444330,4186,20.65
CAF,1,55226,353,12.65
CAFG,1,6588,42,23.5251
CAG,1,3962308,32707,28.1
CAH,1,2433735,33312,102.73
CAKE,1,1018911,16197,35.64
CAL,1,418244,8182,33.61
CALB,1,14651,493,23.41
CALC,1,16936,116,5.11
CALF,1,3165853,13184,47.57
CALM,1,377218,9075,55.5
CALT,1,3760,61,21.5
CALX,1,659286,10371,34.26
CALY,1,6310,11,50.23
CAML,1,55697,81,29.4802
CAMP,1,182969,2650,2.47
CAMT,1,417342,7895,79.19
CAMX,1,268,9,27.1387
CAN,1,25032639,27695,1.54
CANC,1,102,3,26.94
CANE,1,16364,114,13.97
CANF,1,8490,56,2.0
CANG,1,23247,238,1.2
CAOS,1,4587,42,83.51
CAPE,1,13214,126,26.7133
CAPL,1,56930,404,22.43
CAPR,1,125282,1132,3.98
CAPT,1,175001,3076,7.02
CAPTW,1,114303,22,0.11
CAR,1,292660,10047,166.14
CARA,1,712964,2417,0.5201
CARD,1,20,2,18.1785
CARE,1,29588,530,13.69
CARG,1,727589,12045,23.38
CARK,1,355,10,34.879
CARM,1,97847,1571,2.1
CARR,1,5363056,61384,55.06
CARS,1,324425,5351,18.71
CART,1,5721324,54631,26.07
CARU,1,26,6,19.2694
CARV,1,35045,229,1.59
CARY,1,53320,222,20.5
CARZ,1,2120,57,55.99
CASA,1,265765,664,0.2973
CASH,1,158411,4246,50.25
CASI,1,5019,92,6.26
CASS,1,31243,1230,43.09
CASY,1,307220,10887,285.02
CAT,1,1940727,44221,322.0
CATC,1,17830,733,65.94
CATH,1,29806,257,60.49
CATO,1,43386,814,6.85
CATX,1,2038167,5346,0.8525
CATY,1,268739,5622,39.28
CAUD,1,63530,236,0.847
CAVA,1,2342918,28046,52.77
CB,1,1517370,32141,244.34
CBAN,1,20012,422,11.4
CBAT,1,202356,658,0.9501
CBAY,1,2031142,16634,24.96
CBD,1,135302,641,0.7274
CBFV,1,2663,84,22.53
CBH,1,45827,189,8.75
CBL,1,68305,966,23.36
CBLS,1,5837,20,21.3731
CBNK,1,11799,223,20.58
CBOE,1,547140,12470,184.16
CBON,1,3999,66,21.8706
CBRE,1,1677523,23291,85.96
CBRGU,1,629,14,11.59
CBRL,1,504583,10675,80.59
CBSE,1,3191,31,25.5859
CBSH,1,432859,9377,50.47
CBT,1,383828,8677,80.07
CBU,1,174827,4044,44.04
CBUS,1,32238,1141,18.74
CBZ,1,325990,4880,65.13
CC,1,763486,11927,30.0
CCAP,1,135789,1430,16.03
CCB,1,30128,1115,38.16
CCBG,1,18208,429,28.06
CCCC,1,1692547,13094,5.62
CCCS,1,1772963,12320,11.21
CCD,1,117674,659,21.31
CCEF,1,20730,123,25.1524
CCEL,1,1900,53,5.5999
CCEP,1,1707959,19469,66.91
CCG,1,23546,237,3.5001
CCGWW,1,3182,17,0.058
CCI,1,2325157,30834,107.5
CCIA,1,978,9,25.63
CCIF,1,28154,101,8.08
CCJ,1,12494508,107964,44.72
CCK,1,1724992,24951,74.29
CCL,1,25039917,84547,15.69
CCLD,1,19619,196,1.24
CCLDO,1,3184,33,6.32
CCLDP,1,13008,153,7.4272
CCLP,1,299330,1056,1.98
CCMG,1,16329,8,25.9069
CCNE,1,39750,1148,20.34
CCNEP,1,250,5,22.2
CCO,1,621390,2789,1.66
CCOI,1,174769,5858,74.76
CCOR,1,10212,32,26.82
CCRD,1,12026,564,12.47
CCRN,1,428511,6092,20.27
CCRV,1,19118,127,20.28
CCS,1,223588,6839,87.45
CCSI,1,250333,4786,19.58
CCSO,1,4389,21,18.0996
CCTG,1,17817720,147587,4.75
CCTS,1,119,5,11.0101
CCU,1,55411,1144,11.89
CDAQW,1,251,1,0.0799
CDC,1,107686,564,55.3
CDE,1,2838140,12393,2.68
CDEI,1,37,5,63.728
CDIO,1,511661,2501,1.79
CDL,1,17577,297,57.74
CDLR,1,57125,567,17.68
CDLX,1,719143,7620,6.31
CDMO,1,739652,6092,6.62
CDNA,1,551720,8015,8.82
CDNS,1,1495592,43961,307.36
CDP,1,1162588,12489,23.35
CDRE,1,155676,3581,34.59
CDRO,1,15804,109,4.4
CDRpB,1,2033,14,14.74
CDRpC,1,5783,75,12.3
CDT,1,28516,655,3.235
CDTTW,1,5716,28,0.0925
CDTX,1,435277,1027,0.671
CDW,1,1075749,23724,243.96
CDX,1,603,20,23.035
CDXC,1,36310,386,1.52
CDXS,1,297458,2261,2.92
CDZI,1,171521,1452,2.64
CDZIP,1,6149,44,13.5
CE,1,452427,13302,148.9
CEAD,1,10177,49,0.54
CEADW,1,14894,5,0.0119
CECO,1,115615,2713,20.07
CEE,1,10843,67,9.65
CEF,1,253526,780,18.51
CEFA,1,112,6,29.5365
CEFD,1,1186,29,19.345
CEFS,1,52502,269,19.55
CEG,1,1212249,24308,130.72
CEI,1,2211348,3742,0.1635
CEIX,1,702139,15188,85.78
CELC,1,96796,1442,14.47
CELH,1,2758859,44916,58.71
CELU,1,1267080,2079,0.4
CELUW,1,6093,29,0.0355
CELZ,1,2101,60,4.23
CEM,1,21454,264,40.34
CEMB,1,59867,375,44.11
CENN,1,103330,1360,1.24
CENT,1,191274,5432,49.82
CENTA,1,395177,9004,43.31
CENX,1,1116704,13609,10.59
CEPU,1,386797,3753,8.3
CERE,1,2338746,16985,42.18
CERS,1,848852,5934,2.3
CERT,1,285746,6226,16.86
CET,1,21185,223,38.56
CETF,1,24,5,26.0494
CETUR,1,61700,18,0.14
CETX,1,13932,155,3.2
CETY,1,95392,430,0.5
CEV,1,10759,53,10.67
CEVA,1,150760,4722,20.62
CEW,1,343,6,17.6
CF,1,1046513,19297,76.51
CFA,1,4720,70,76.09
CFB,1,163252,2867,13.21
CFBK,1,1751,35,21.6
CFCV,1,5,4,35.2792
CFFI,1,3908,272,51.51
CFFN,1,884727,7582,5.92
CFFS,1,320,2,10.92
CFG,1,3900070,35305,31.37
CFGpD,1,30923,282,24.4501
CFGpE,1,26201,364,20.3
CFLT,1,24360476,200927,32.57
CFO,1,37982,214,61.63
CFR,1,232794,7301,101.76
CFRpB,1,7793,112,18.54
CFSB,1,572,11,7.2408
CG,1,4256055,45840,45.61
CGA,1,3311,67,2.47
CGABL,1,9598,132,19.75
CGAU,1,192330,1628,5.09
CGBD,1,146313,1839,14.86
CGBDL,1,8428,27,25.9
CGBL,1,95108,257,28.11
CGC,1,4483972,21947,4.11
CGCB,1,72590,320,26.035
CGCP,1,627378,1330,22.46
CGDG,1,57629,185,27.34
CGDV,1,1393825,3431,30.38
CGEM,1,285485,3909,17.99
CGEN,1,307838,2646,2.14
CGGO,1,615532,1582,27.32
CGGR,1,1482939,2363,30.13
CGIE,1,24629,95,27.577
CGMS,1,191519,460,26.92
CGMU,1,191772,673,26.98
CGNT,1,292954,2949,7.47
CGNX,1,3481581,29477,36.04
CGO,1,39760,201,9.69
CGON,1,657293,6605,39.02
CGRO,1,104,4,18.607
CGSD,1,132709,293,25.49
CGSM,1,24465,64,25.72
CGTX,1,113924,931,2.25
CGUS,1,450681,1214,29.62
CGV,1,4491,8,12.9092
CGW,1,22637,418,52.08
CGXU,1,597227,1375,24.28
CHAI,1,384,9,25.41
CHAT,1,62261,666,34.01
CHAU,1,272548,902,12.82
CHB,1,217,5,6.665
CHCI,1,2728,63,4.81
CHCO,1,40071,2115,99.6
CHCT,1,131715,2275,25.41
CHD,1,1369580,24695,99.94
CHDN,1,232034,7522,123.0
CHE,1,128436,5892,592.41
CHEA,1,253580,3196,6.26
CHEF,1,344510,4915,33.49
CHEK,1,35961,272,2.18
CHGG,1,2492505,18648,8.6
CHGX,1,16939,110,34.84
CHH,1,292826,8392,122.45
CHI,1,140769,593,11.03
CHIC,1,22922,145,12.2604
CHIE,1,3439,72,16.36
CHIH,1,15681,46,12.36
CHII,1,1786,12,9.76
CHIK,1,2349,26,13.25
CHIM,1,41165,264,13.364
CHIQ,1,56679,473,15.52
CHIR,1,3990,33,12.31
CHIS,1,1559,24,14.78
CHIU,1,5,4,12.96
CHIX,1,4072,111,10.58
CHK,1,1518185,28271,77.27
CHKP,1,744808,16343,163.18
CHMG,1,2801,91,43.66
CHMI,1,73619,699,3.48
CHMIpA,1,4494,37,22.92
CHMIpB,1,1588,21,23.88
CHN,1,17631,94,9.36
CHNR,1,15628,134,0.88
CHPS,1,238,10,30.0
CHPT,1,12998192,28574,2.1
CHR,1,14157,204,2.63
CHRD,1,469437,12749,156.17
CHRS,1,2297472,9067,2.38
CHRW,1,1856961,28603,74.66
CHSCL,1,20188,233,25.79
CHSCM,1,21900,195,25.29
CHSCN,1,15732,222,25.79
CHSCO,1,16298,304,26.47
CHSCP,1,6131,92,30.95
CHSN,1,416174,1384,1.75
CHT,1,39803,1275,38.63
CHTR,1,2761620,53546,282.6
CHUY,1,108114,2877,35.04
CHW,1,164574,478,6.14
CHWY,1,8309852,59197,16.58
CHX,1,1537383,19422,29.08
CHY,1,162929,786,11.93
CI,1,1393444,26479,332.29
CIA,1,20763,413,2.72
CIB,1,114889,1978,31.38
CIBR,1,809122,6087,57.84
CID,1,5191,49,30.81
CIEN,1,1737144,24178,55.48
CIF,1,24911,99,1.731
CIFR,1,6619600,20114,2.9
CIFRW,1,124979,288,0.8958
CIG,1,1438181,2622,2.21
CIG.C,1,8591,80,2.95
CIGI,1,151890,2736,120.87
CII,1,63193,361,19.36
CIK,1,28159,171,3.03
CIL,1,0,0,40.9863
CIM,1,1966120,10492,4.59
CIMpA,1,2518,57,21.69
CIMpB,1,33086,375,23.8399
CIMpC,1,8886,117,20.42
CIMpD,1,24595,237,23.62
CINF,1,926444,21553,107.6
CING,1,616040,2768,1.25
CINGW,1,42896,23,0.0101
CINT,1,87246,445,4.25
CIO,1,138809,1568,4.73
CION,1,236667,2598,10.98
CIOpA,1,34097,155,16.7
CISO,1,217527,568,0.0911
CISS,1,7972883,6936,0.1263
CITE,1,191,3,10.99
CIVB,1,24919,365,16.29
CIVI,1,1186498,29063,62.21
CIX,1,2812,106,23.48
CIZ,1,4966,28,29.76
CJET,1,13011,67,0.423
CJJD,1,3592315,4440,0.21
CKPT,1,361580,1436,1.99
CKX,1,979,35,13.5499
CL,1,4375622,43872,84.26
CLAR,1,218427,3234,6.05
CLB,1,405597,6344,14.87
CLBK,1,57239,1349,17.15
CLBR,1,405711,16,10.13
CLBR.WS,1,13133,39,0.3995
CLBT,1,342658,4984,9.42
CLBTW,1,14437,29,1.65
CLCO,1,294670,2694,10.35
CLDI,1,52787,303,0.5919
CLDL,1,66119,343,12.1048
CLDT,1,147225,2103,10.59
CLDTpA,1,607,18,22.206
CLDX,1,450236,7391,37.52
CLEU,1,98429,1135,2.72
CLF,1,9163833,53919,19.32
CLFD,1,251834,4873,28.59
CLGN,1,17781,167,5.6
CLH,1,312325,8419,178.1
CLIA,1,5596,14,18.1929
CLIP,1,164235,454,25.06
CLIR,1,290962,598,0.9451
CLIX,1,2853,34,36.6498
CLLS,1,48831,260,3.09
CLM,1,1289441,3608,7.25
CLMB,1,3132,271,58.1
CLMT,1,114322,703,16.2
CLNE,1,1327550,8532,2.92
CLNN,1,372328,849,0.4177
CLNR,1,100,1,21.9754
CLOA,1,18431,148,51.565
CLOD,1,1923,10,27.8022
CLOER,1,1300,6,0.13
CLOI,1,41292,247,52.47
CLOU,1,266871,2453,22.93
CLOV,1,4798659,6524,1.0
CLOX,1,17574,50,25.4395
CLOZ,1,78900,366,26.55
CLPR,1,18531,346,4.97
CLPS,1,11719,41,0.9753
CLPT,1,68570,684,7.08
CLRB,1,548175,2156,3.51
CLRC,1,100,1,11.16
CLRCW,1,13004,7,0.029
CLRO,1,14921,105,1.01
CLS,1,1857847,16562,37.54
CLSD,1,130511,867,1.38
CLSE,1,3895,36,18.62
CLSK,1,36300636,123451,10.5
CLSM,1,27347,87,19.919
CLST,1,695,7,11.9191
CLVR,1,8837,137,3.17
CLVRW,1,9193,36,0.04
CLVT,1,2180107,16393,9.3
CLVTpA,1,3118,59,38.47
CLW,1,107748,2453,33.33
CLWT,1,7710,39,1.44
CLX,1,1013223,22221,154.22
CM,1,2289105,17437,44.66
CMA,1,1525757,25854,51.07
CMAX,1,34642,1574,5.22
CMBM,1,50347,792,4.4
CMBS,1,27230,204,46.77
CMC,1,882556,14890,53.8
CMCI,1,224,6,24.1484
CMCL,1,29545,587,10.12
CMCM,1,4680,22,2.09
CMCO,1,286783,3627,41.56
CMCSA,1,44139686,280529,41.25
CMCT,1,13556,142,3.35
CMDT,1,5693,49,26.24
CMDY,1,19179,207,46.28
CME,1,1841304,46442,204.0
CMF,1,173103,918,57.56
CMG,1,385894,24592,2620.48
CMI,1,639102,20299,249.92
CMLS,1,39041,335,4.09
CMMB,1,11038,90,0.6
CMND,1,74666,457,1.48
CMP,1,2045646,27575,21.25
CMPO,1,118914,737,4.93
CMPOW,1,182,2,0.4175
CMPR,1,213013,5164,85.81
CMPS,1,401382,4692,11.09
CMPX,1,311610,1083,1.45
CMRE,1,793260,7925,11.0
CMREpB,1,610,8,25.11
CMREpC,1,2362,9,25.6813
CMREpD,1,3310,21,25.66
CMREpE,1,3221,36,26.4
CMRX,1,153908,684,0.9101
CMS,1,2044881,24839,56.27
CMSA,1,8475,152,24.68
CMSC,1,13557,169,24.75
CMSD,1,789482,1318,24.8395
CMSpB,1,105,2,81.02
CMSpC,1,9867,170,20.87
CMT,1,37027,848,16.92
CMTG,1,500457,4839,10.0
CMTL,1,210073,2372,5.93
CMU,1,107892,435,3.2995
CN,1,497,14,22.6
CNA,1,241165,5148,45.29
CNBS,1,8762,184,5.31
CNC,1,3247897,38640,76.5
CNCR,1,7939,137,15.31
CNDA,1,5777,19,10.44
CNDB,1,617,14,10.7
CNDB.WS,1,5588,10,0.1789
CNDT,1,1273590,9576,3.39
CNET,1,45514,173,0.8524
CNEY,1,103712,563,1.37
CNF,1,3924,53,2.14
CNGL,1,310,14,11.0
CNGLW,1,225451,16,0.011
CNHI,1,17284585,66884,12.18
CNI,1,1030064,13832,128.19
CNK,1,5224841,27102,14.88
CNM,1,3484313,28889,42.98
CNMD,1,878681,13884,84.47
CNNE,1,620602,9968,20.91
CNO,1,1046495,13511,26.85
CNOB,1,253370,3697,20.04
CNOBP,1,7552,128,19.1
CNOpA,1,2007,35,17.16
CNP,1,2640975,21251,27.43
CNQ,1,4052415,35479,60.58
CNRG,1,11084,280,64.07
CNS,1,145304,3585,69.19
CNSL,1,541803,2753,4.33
CNSP,1,234877,535,0.2528
CNTA,1,132634,1347,7.46
CNTB,1,21840,216,1.11
CNTG,1,16676,112,1.09
CNTX,1,7962,68,0.99
CNTY,1,193676,2221,3.51
CNVS,1,30054,206,1.43
CNX,1,1727443,13982,20.2
CNXA,1,1572417,2503,0.2545
CNXC,1,292333,8703,84.07
CNXN,1,72198,2191,66.04
CNXT,1,4931,46,21.918
CNYA,1,28090,200,24.78
COAL,1,4552,44,23.88
COCH,1,6854,112,1.3724
COCHW,1,2829,4,0.0123
COCO,1,597940,8195,20.17
COCP,1,7600,73,1.5
CODA,1,45651,181,5.53
CODI,1,532933,2125,22.01
CODIpA,1,12645,135,24.9099
CODIpB,1,4591,58,24.95
CODIpC,1,3364,57,25.2
CODX,1,40245,234,1.2
COE,1,9562,142,6.89
COEP,1,186349,342,0.4802
COEPW,1,1265,1,0.0449
COF,1,1531153,31863,135.38
COFS,1,7720,363,25.51
COFpI,1,131462,914,20.31
COFpJ,1,47180,453,19.5
COFpK,1,4959,45,19.04
COFpL,1,32572,320,18.1
COFpN,1,10569,95,17.73
COGT,1,1354617,12439,6.38
COHN,1,3523,162,6.75
COHR,1,3665934,44161,61.81
COHU,1,185102,3851,33.11
COIN,1,11246791,156098,132.55
COKE,1,36001,4256,879.14
COLB,1,3326507,29762,18.78
COLD,1,1248197,16254,27.99
COLL,1,360632,4801,33.34
COLM,1,778843,15518,78.07
COM,1,47755,260,27.8929
COMB,1,19735,170,19.2385
COMM,1,1247033,7302,2.14
COMP,1,2446083,9874,3.76
COMT,1,225827,809,25.8
CONL,1,495351,4493,22.17
CONN,1,83325,929,4.81
CONXW,1,6551,12,0.16
CONY,1,452593,4885,20.22
COO,1,155929,7572,373.65
COOK,1,191387,1874,2.13
COOLW,1,1406,14,0.1278
COOP,1,475130,10239,68.27
COP,1,7512381,101490,113.9
COPJ,1,722,15,17.045
COPX,1,1447446,7443,35.04
COR,1,2722377,47769,230.32
CORN,1,61454,475,20.05
CORP,1,38032,408,95.7
CORT,1,1010635,16313,22.49
CORZ,1,3729124,9617,3.6
CORZW,1,248460,838,1.74
CORZZ,1,229186,939,2.85
COSM,1,317907,1171,0.79
COST,1,1855723,64643,724.16
COTY,1,11315189,61798,11.88
COUR,1,1920258,18793,17.62
COWG,1,15402,106,24.97
COWS,1,2155,41,26.7764
COWZ,1,1841207,7383,52.32
COYA,1,67140,504,6.81
CP,1,1906887,22682,85.47
CPA,1,472920,8729,100.13
CPAC,1,8159,66,5.05
CPAI,1,1081,8,27.3931
CPB,1,2334223,27408,43.1
CPBI,1,2468,137,10.01
CPE,1,1089511,11307,31.62
CPER,1,40061,318,23.1
CPF,1,93688,2044,19.05
CPG,1,4971396,9222,6.37
CPHC,1,6058,113,23.72
CPHI,1,3523543,2826,0.096
CPII,1,5615,37,19.45
CPIX,1,1792,35,2.04
CPK,1,104871,3378,101.88
CPLP,1,86869,721,18.37
CPLS,1,2989,22,35.28
CPNG,1,6193844,43937,14.5
CPOP,1,466049,2383,1.41
CPRI,1,1970442,19385,47.54
CPRT,1,2173415,26866,50.96
CPRX,1,967202,10833,13.37
CPS,1,151590,2010,17.21
CPSH,1,18213,75,2.38
CPSI,1,107098,2129,10.43
CPSS,1,18232,459,9.03
CPT,1,1159603,19148,93.95
CPTK.U,1,1000,2,10.46
CPTN,1,24129,136,2.55
CPTNW,1,22572,31,0.01
CPZ,1,83460,309,15.29
CQP,1,548304,3115,49.8
CQQQ,1,1332091,1705,29.95
CR,1,211833,6093,126.88
CRAI,1,24143,1176,108.45
CRAK,1,2053,37,35.2906
CRBG,1,1656787,16981,23.38
CRBN,1,5521,146,170.3866
CRBP,1,329811,5466,21.63
CRBU,1,957670,8934,6.79
CRC,1,1236286,20542,53.66
CRCT,1,740296,6659,5.32
CRD.A,1,42744,512,12.39
CRD.B,1,3458,140,12.06
CRDF,1,168405,906,1.8
CRDL,1,157111,671,1.08
CRDO,1,1861073,20871,21.24
CRDT,1,5053,36,25.525
CRED,1,239,6,20.6061
CREG,1,12605,94,1.27
CRESW,1,389,3,0.56
CRESY,1,246114,2727,8.06
CREV,1,2679,179,16.8
CREVW,1,7500,6,0.06
CREX,1,34250,229,3.18
CRF,1,565700,1867,7.24
CRGE,1,10930091,10854,0.1012
CRGO,1,6290,30,2.91
CRGOW,1,730,8,0.18
CRGX,1,156022,3366,23.57
CRGY,1,1143821,11598,10.87
CRH,1,4004292,41005,74.65
CRI,1,1058145,17971,80.86
CRIS,1,106640,832,10.65
CRIT,1,86,4,16.4135
CRK,1,3801102,22631,7.5
CRKN,1,514875,899,0.1177
CRL,1,445545,11437,218.77
CRM,1,4409415,77069,291.95
CRMD,1,312001,3183,3.02
CRMT,1,124412,3073,62.5
CRNC,1,897737,14756,15.8
CRNT,1,266758,1477,2.61
CRNX,1,810771,8852,38.455
CRON,1,2287963,5287,2.16
CROX,1,1128534,25224,104.31
CRPT,1,169640,398,8.49
CRS,1,385249,8451,62.8
CRSP,1,1972643,30478,68.83
CRSR,1,276996,4866,12.99
CRT,1,20897,222,17.1534
CRTC,1,914,6,28.17
CRTO,1,727183,9127,32.33
CRUS,1,1140105,25947,93.24
CRUZ,1,12930,111,21.3964
CRVL,1,26832,1705,240.23
CRVO,1,74583,431,10.3
CRVS,1,290235,1564,2.0
CRWD,1,2526832,63255,323.04
CRWS,1,4760,90,5.24
CSA,1,55247,53,64.7333
CSAN,1,204221,2969,14.7
CSB,1,35983,216,52.87
CSBR,1,9022,144,6.04
CSCO,1,16458367,122726,49.95
CSD,1,510,8,64.0965
CSF,1,4240,39,48.05
CSGP,1,2229510,36421,81.77
CSGS,1,1008761,17385,53.34
CSHI,1,66280,431,49.9605
CSIQ,1,735138,10679,22.07
CSL,1,442910,12019,342.74
CSLM,1,102407,75,10.98
CSLMR,1,1827,6,0.151
CSLR,1,26749,203,1.39
CSM,1,6007,67,57.2882
CSMD,1,28366,41,27.3045
CSML,1,2996,28,35.2344
CSPI,1,5834,138,23.01
CSQ,1,198311,740,15.77
CSR,1,75377,1721,53.76
CSRpC,1,5663,43,24.55
CSSE,1,167085,493,0.1891
CSSEL,1,3957,17,0.0082
CSSEN,1,9312,38,2.44
CSSEP,1,21005,287,1.06
CSTE,1,8627,450,4.11
CSTL,1,128558,2502,23.85
CSTM,1,766061,7244,19.16
CSTR,1,61054,1080,17.55
CSV,1,78210,1151,23.53
CSWC,1,1089202,6264,23.95
CSWCZ,1,424,5,25.7
CSWI,1,55216,2248,226.78
CSX,1,8400023,59709,37.07
CTA,1,54147,332,24.4
CTAS,1,408550,13350,617.16
CTApB,1,6628,88,70.9
CTBB,1,106197,748,9.58
CTBI,1,35692,844,39.54
CTCX,1,8860,137,4.0
CTDD,1,78853,620,9.58
CTEC,1,5511,65,9.34
CTEX,1,15,4,23.7762
CTGO,1,12175,645,15.49
CTHR,1,39210,122,0.374
CTKB,1,502543,6948,8.18
CTLP,1,231035,3072,6.8
CTLT,1,5088711,37775,56.55
CTM,1,119330,281,0.285
CTMX,1,215697,731,1.46
CTNT,1,26383,186,1.615
CTO,1,71327,1004,16.53
CTOS,1,184946,2596,6.78
CTOS.WS,1,42314,35,0.01
CTOpA,1,500,3,20.205
CTR,1,8673,98,36.86
CTRA,1,4801419,35101,24.5
CTRE,1,1444942,15565,21.0
CTRM,1,196731,795,0.455
CTRN,1,27494,1258,29.23
CTS,1,224762,4452,44.19
CTSH,1,3106372,39455,78.3
CTSO,1,260993,578,1.02
CTV,1,257987,1689,1.54
CTVA,1,5717425,43385,53.24
CTXR,1,565733,1870,0.6117
CUBA,1,31380,178,2.63
CUBB,1,2493,50,20.25
CUBE,1,1679538,19859,44.06
CUBI,1,368004,6296,50.32
CUBIpE,1,7456,63,25.51
CUBIpF,1,6925,78,25.0567
CUE,1,155814,1863,2.35
CUK,1,1377341,9723,14.29
CULL,1,1220,11,10.78
CULP,1,13200,134,5.0
CURE,1,46935,942,118.02
CURI,1,152180,487,0.4921
CURO,1,634960,1161,0.34
CURV,1,264583,1352,5.07
CUT,1,6565,117,30.4485
CUTR,1,1123715,7299,2.65
CUZ,1,3867116,26062,22.9
CVAC,1,540569,3273,3.48
CVAR,1,11,2,24.0145
CVBF,1,994554,12102,17.11
CVCO,1,58478,3368,354.0
CVCY,1,11235,305,17.3
CVE,1,11506239,33190,16.3
CVE.WS,1,251,6,11.32
CVEO,1,36359,964,22.54
CVGI,1,55355,638,6.39
CVGW,1,151465,3494,26.9
CVI,1,660193,10813,35.02
CVIE,1,71579,25,53.7917
CVII,1,12182,63,10.61
CVIIU,1,1456,9,10.41
CVIIW,1,3291,24,0.3
CVKD,1,1718407,3414,0.91
CVLC,1,1418,21,62.3783
CVLG,1,44376,1303,51.23
CVLT,1,413452,8703,93.92
CVLY,1,6467,151,22.35
CVM,1,143478,1151,2.85
CVMC,1,1956,14,53.8722
CVNA,1,8114743,80535,52.39
CVR,1,4990,121,16.0
CVRD,1,0,0,20.6304
CVRT,1,685,12,27.0704
CVRX,1,74978,1901,24.37
CVS,1,11966557,96170,75.08
CVSB,1,3588,86,50.417
CVSE,1,202,4,60.299
CVU,1,15552,86,2.82
CVV,1,11988,101,4.66
CVX,1,9129377,119036,154.06
CVY,1,19622,148,23.5712
CW,1,187168,6188,226.45
CWAN,1,713627,7897,19.01
CWB,1,257643,2550,71.85
CWBC,1,8615,299,13.9
CWCO,1,141628,3008,30.01
CWD,1,27231,92,1.18
CWEB,1,818305,6340,25.6
CWEN,1,921408,10453,22.94
CWEN.A,1,152898,2895,21.32
CWH,1,868140,13712,24.5
CWI,1,327325,660,26.84
CWK,1,2441032,13698,10.16
CWS,1,11853,182,60.7461
CWST,1,252053,6277,87.28
CWT,1,249947,6083,46.66
CX,1,16243531,43558,7.98
CXAI,1,415089,1352,1.25
CXAIW,1,15374,50,0.0946
CXDO,1,223322,1924,5.92
CXE,1,8915,62,3.59
CXH,1,38280,170,7.6
CXM,1,989758,9585,12.85
CXSE,1,70456,190,24.62
CXT,1,220412,5889,59.16
CXW,1,1497225,15641,15.0
CYA,1,3492195,4329,0.0434
CYAN,1,85008,228,0.669999
CYBN,1,4764695,6652,0.332
CYBR,1,1758163,32705,261.6
CYCC,1,45853,481,2.32
CYCCP,1,552,13,20.7
CYCN,1,10132,117,3.94
CYD,1,5610,131,8.63
CYH,1,736238,6238,3.73
CYN,1,4954454,6052,0.178
CYRX,1,325723,5913,15.74
CYT,1,538575,300,3.12
CYTH,1,30001,180,1.75
CYTHW,1,350,12,0.297
CYTK,1,1345909,20043,78.94
CYTO,1,103363,637,1.87
CZA,1,35190,750,93.0875
CZAR,1,2156,11,26.5088
CZFS,1,4393,298,51.45
CZNC,1,22922,439,18.53
CZOO,1,48906,459,5.06
CZR,1,2917967,36647,44.25
CZWI,1,4608,99,11.58
CpJ,1,90469,565,26.01
CpN,1,105913,447,28.98
D,1,3969272,43830,44.18
DAC,1,150800,3272,74.01
DADA,1,1956005,6111,1.74
DAIO,1,15125,165,3.14
DAKT,1,460347,5418,7.52
DAL,1,7536588,59201,40.35
DALI,1,12491,67,22.79
DALN,1,121628,518,4.07
DALT,1,23661,35,8.61
DAN,1,781787,9984,13.5
DAO,1,287645,2213,3.46
DAPP,1,291672,1341,8.4
DAPR,1,4217,21,32.9249
DAR,1,2003585,28998,41.11
DARE,1,212481,442,0.3451
DARP,1,4,3,27.1916
DASH,1,3570686,61419,118.3
DAT,1,688,41,35.9067
DATS,1,33303,317,1.3
DAUG,1,4363,29,36.25
DAVA,1,147252,3123,68.96
DAVE,1,76093,1601,20.11
DAVEW,1,9000,21,0.0273
DAWN,1,324535,5895,15.23
DAX,1,1335,55,30.555
DAY,1,2219900,31892,69.98
DB,1,3439550,9646,12.58
DBA,1,323704,1609,22.06
DBAW,1,3535,23,30.8284
DBB,1,65347,778,16.9
DBC,1,1125136,5188,22.2
DBD,1,94137,2261,30.94
DBE,1,13147,301,20.0762
DBEF,1,415442,1996,38.16
DBEH,1,783,13,26.6951
DBEM,1,6484,72,22.8106
DBEU,1,34248,236,38.29
DBEZ,1,1639,15,42.8204
DBGI,1,47635,276,2.7
DBGR,1,56,1,32.485
DBI,1,886157,9848,9.48
DBJP,1,18173,205,68.32
DBL,1,26495,169,15.35
DBMF,1,207260,895,26.81
DBND,1,28481,174,45.725
DBO,1,270134,1524,14.58
DBP,1,4788,41,48.8824
DBRG,1,1473815,13739,19.89
DBRGpH,1,7161,86,23.24
DBRGpI,1,13324,115,23.15
DBRGpJ,1,8022,118,23.25
DBVT,1,41943,247,0.8689
DBX,1,2555463,29875,32.78
DC,1,66758,583,2.08
DCBO,1,59603,1188,45.37
DCF,1,5369,33,8.46
DCFC,1,7671808,14156,0.108
DCFCW,1,13610,22,0.0172
DCGO,1,578322,5280,3.44
DCI,1,260184,6280,67.05
DCMT,1,3568,19,24.93
DCO,1,66354,2266,49.58
DCOM,1,309456,4503,19.29
DCOMP,1,23288,161,15.4
DCOR,1,51128,165,55.22
DCPH,1,552755,5994,14.17
DCRE,1,33607,76,51.0623
DCTH,1,96299,894,4.58
DD,1,2927248,40162,67.1
DDC,1,220429,648,1.7
DDD,1,686573,6978,4.88
DDEC,1,10466,38,36.6
DDI,1,2672,42,9.0
DDIV,1,584,16,30.0001
DDL,1,151027,696,1.32
DDLS,1,36747,78,32.52
DDM,1,104729,1096,83.07
DDOG,1,4356850,69530,131.45
DDS,1,75383,4008,395.12
DDT,1,4905,68,25.93
DDWM,1,32943,138,31.96
DE,1,1128098,32684,385.83
DEA,1,1469112,10600,11.77
DEC,1,95807,1314,11.94
DECA,1,1422,28,5.01
DECK,1,264260,12047,832.42
DECT,1,198094,60,29.3199
DECW,1,34608,26,28.5027
DECZ,1,4693,33,33.0113
DEED,1,9602,93,20.7865
DEEF,1,41691,10,28.0385
DEEP,1,2863,45,35.1027
DEFI,1,2088,195,54.0859
DEHP,1,106656,272,23.8801
DEI,1,2799587,21345,13.63
DELL,1,2869300,31909,84.8
DEM,1,409598,1920,40.55
DEMZ,1,1193,39,31.47
DENN,1,342769,5053,10.3
DEO,1,545931,11489,147.73
DERM,1,56084,349,4.75
DES,1,167701,1184,30.8
DESK,1,373,14,36.1329
DESP,1,154509,2001,8.56
DEUS,1,6704,35,48.5914
DEW,1,3112,77,47.899
DFAC,1,1700755,2671,30.03
DFAE,1,891410,3015,23.76
DFAI,1,1107287,3603,28.39
DFAR,1,240961,975,21.74
DFAS,1,196434,1097,58.38
DFAT,1,329498,1811,50.58
DFAU,1,478357,1020,34.56
DFAW,1,22836,151,55.67
DFAX,1,604407,1351,24.03
DFCA,1,4813,36,50.587
DFCF,1,417414,1445,42.0
DFE,1,10012,79,57.4048
DFEB,1,6379,35,38.06
DFEM,1,652885,1906,24.59
DFEN,1,176238,1637,22.84
DFEV,1,94934,367,24.9981
DFGP,1,35175,146,52.89
DFGR,1,319881,1069,24.78
DFGX,1,88518,318,52.3566
DFH,1,276273,5390,31.6
DFHY,1,4823,30,21.0758
DFIC,1,1304870,2126,25.12
DFIN,1,184530,4466,64.29
DFIP,1,52269,224,40.91
DFIS,1,292051,862,23.54
DFIV,1,564796,1919,33.64
DFJ,1,32531,259,73.75
DFLI,1,260729,966,0.501
DFLIW,1,15756,10,0.04
DFLV,1,240310,767,27.39
DFND,1,205,3,38.245
DFNL,1,6487,46,30.25
DFNM,1,58465,276,48.265
DFNV,1,11449,51,29.93
DFP,1,52023,390,18.22
DFRA,1,5041,26,28.3033
DFS,1,1236623,23445,108.84
DFSB,1,16745,71,51.2749
DFSD,1,287856,784,47.03
DFSE,1,20386,86,30.93
DFSI,1,39222,128,31.699
DFSU,1,80524,141,32.3904
DFSV,1,490850,2210,28.05
DFUS,1,276064,663,54.13
DFUV,1,204707,736,37.65
DFVE,1,642,7,25.3277
DFVX,1,12723,62,58.61
DG,1,1430107,30978,135.65
DGCB,1,10010,69,52.64
DGHI,1,177158,876,2.0
DGICA,1,17753,448,14.35
DGII,1,240880,4850,29.27
DGIN,1,12495,119,38.4393
DGLY,1,11782,118,2.08
DGP,1,1503,31,42.099
DGRE,1,19277,73,24.99
DGRO,1,1413621,9091,55.18
DGRS,1,10633,136,46.42
DGRW,1,3138194,9298,72.81
DGS,1,606662,3448,48.98
DGT,1,2488,78,120.8556
DGX,1,990180,20471,126.54
DGZ,1,3,1,10.0836
DH,1,667011,7269,9.06
DHAC,1,7506,77,11.8
DHACW,1,141014,25,0.09
DHC,1,507479,3823,2.63
DHCNI,1,12383,136,14.7833
DHCNL,1,11251,114,15.6
DHF,1,412215,824,2.36
DHI,1,1929870,27988,144.58
DHIL,1,26404,1061,159.49
DHR,1,1735401,37225,245.87
DHS,1,29211,603,80.5
DHT,1,2014334,17005,10.99
DHX,1,242919,2121,2.41
DHY,1,1428100,2426,1.98
DIA,1,2549757,29397,387.35
DIAL,1,442006,135,17.69
DIAX,1,62577,258,14.54
DIBS,1,18619,766,4.5
DIEM,1,1018,11,24.7573
DIG,1,112557,812,37.0
DIHP,1,560972,1359,25.59
DIM,1,4052,58,59.2093
DIN,1,138013,3987,46.65
DINO,1,1665974,24236,58.56
DINT,1,86463,140,17.575
DIOD,1,291878,8546,68.74
DIP,1,165,17,26.3945
DIS,1,60005062,568798,110.54
DISO,1,25173,281,22.3302
DISTR,1,1867,14,0.082
DISV,1,352536,1684,25.095
DIT,1,156,25,193.0
DIV,1,150919,1192,16.49
DIVB,1,40116,339,41.43
DIVD,1,867,9,31.5426
DIVG,1,23,5,26.5061
DIVI,1,189559,697,30.45
DIVL,1,7297,22,19.7615
DIVO,1,203607,1668,37.53
DIVS,1,7602,81,26.5666
DIVY,1,1415,17,25.4455
DIVZ,1,13186,42,27.6997
DJAN,1,71176,300,35.25
DJCB,1,352,9,19.6947
DJCO,1,2507,216,319.14
DJD,1,21148,232,46.38
DJIA,1,55759,290,22.29
DJP,1,57808,174,30.01
DJUL,1,24332,67,37.62
DJUN,1,3611,29,39.1061
DK,1,665857,9781,28.11
DKL,1,102180,730,44.33
DKNG,1,10591040,96682,42.81
DKRB,1,900,1,21.7409
DKS,1,795120,18444,159.97
DLA,1,11800,194,7.33
DLB,1,391848,8063,80.7
DLHC,1,38732,1227,16.5
DLN,1,154376,930,68.12
DLNG,1,28049,139,2.96
DLNGpA,1,5648,74,24.8
DLNGpB,1,6659,45,26.345
DLO,1,928806,7503,16.45
DLPN,1,96005,555,1.57
DLR,1,1809582,33434,147.06
DLRpJ,1,14924,123,22.67
DLRpK,1,16278,237,24.53
DLRpL,1,25097,293,22.68
DLS,1,23106,292,62.23
DLTH,1,57090,570,4.93
DLTR,1,1804632,38967,140.9
DLX,1,191344,3219,20.42
DLY,1,190403,877,15.63
DM,1,2215309,5471,0.5986
DMA,1,32356,157,7.34
DMAC,1,23654,223,3.18
DMAR,1,2713,10,34.195
DMAT,1,230,24,13.29
DMAY,1,5649,16,36.76
DMB,1,74264,224,10.285
DMBS,1,50349,130,48.6115
DMCY,1,21,3,24.4281
DMDV,1,3,2,22.0676
DMF,1,49119,161,6.65
DMLP,1,139852,1759,29.94
DMO,1,25050,139,11.48
DMRC,1,56102,1502,39.37
DMTK,1,203147,911,1.2
DMXF,1,19709,257,64.31
DNA,1,19852557,21818,1.3
DNA.WS,1,81950,155,0.08
DNB,1,2863807,24558,11.04
DNL,1,230583,403,36.79
DNLI,1,915305,9821,17.2
DNMR,1,1186659,5706,0.76
DNN,1,17542593,14767,2.0
DNOV,1,3006,22,39.5609
DNOW,1,698090,7294,9.78
DNP,1,583040,1735,8.67
DNTH,1,210582,3957,23.2
DNUT,1,695980,7951,13.52
DO,1,2860676,18109,11.88
DOC,1,2667941,19579,11.9
DOCN,1,804944,14301,36.74
DOCS,1,3703619,36937,28.24
DOCT,1,1235,7,37.0699
DOCU,1,2863837,40901,51.145
DOG,1,484690,1301,29.16
DOGG,1,3045,38,20.6971
DOGZ,1,31841,163,3.3101
DOL,1,14952,118,48.6874
DOLE,1,358180,4120,11.0
DOMA,1,12245,190,4.29
DOMH,1,4759,61,2.22
DOMO,1,299039,4606,11.56
DON,1,157923,1054,44.7
DOOO,1,131361,1958,69.46
DOOR,1,205213,4581,96.61
DORM,1,80417,2386,81.66
DOUG,1,1553762,6744,1.8
DOV,1,1026324,21070,160.11
DOW,1,3433962,38716,53.88
DOX,1,791152,16262,89.5
DOYU,1,512754,1170,0.7213
DPCS,1,403,3,10.93
DPG,1,186939,820,8.73
DPRO,1,200075,255,0.356049
DPSI,1,3521,46,7.4
DPST,1,1027108,11152,67.32
DPZ,1,529352,17258,426.58
DQ,1,976855,10451,19.5
DRCT,1,407833,3748,14.18
DRD,1,146383,2203,7.54
DRH,1,1002270,8462,9.27
DRHpA,1,14086,101,25.35
DRI,1,576510,17892,168.18
DRIO,1,26795,197,1.94
DRIP,1,1447614,5395,11.83
DRIV,1,128488,1071,23.57
DRLL,1,43225,392,28.04
DRMA,1,61969,251,0.4398
DRMAW,1,7903,4,0.0212
DRN,1,550280,2504,9.08
DRQ,1,295442,4786,20.32
DRRX,1,169999,345,0.756
DRS,1,335825,6462,19.73
DRSK,1,176618,139,26.055
DRTS,1,22241,84,3.285
DRUG,1,20606,150,1.9
DRUP,1,1444,24,49.4423
DRV,1,276445,2125,39.37
DRVN,1,654601,9300,13.35
DSAQ,1,147,7,11.0
DSCF,1,960,5,22.13
DSEP,1,3335,24,37.3531
DSGN,1,104974,1419,2.29
DSGR,1,30440,1175,33.46
DSGX,1,143161,2542,88.6
DSI,1,75210,783,95.57
DSKE,1,582674,2139,8.165
DSL,1,272399,1406,12.63
DSM,1,181360,576,5.75
DSMC,1,51728,88,34.0486
DSP,1,36711,570,8.64
DSS,1,4160,205,1.76
DSTL,1,209841,609,50.44
DSTX,1,36,5,23.4423
DSU,1,153251,506,11.24
DSWL,1,11478,50,2.36
DSX,1,443110,3135,2.94
DSX.WS,1,30066,122,0.4701
DSXpB,1,1848,9,25.5999
DT,1,12021490,101734,56.07
DTB,1,5778,118,20.93
DTC,1,785653,4913,2.78
DTCK,1,34109,174,1.01
DTD,1,25083,197,66.61
DTE,1,1815114,30007,104.23
DTEC,1,3016,45,41.2154
DTF,1,31756,153,10.8099
DTG,1,14072,187,21.55
DTH,1,27010,164,37.5556
DTI,1,1650,32,2.86
DTIL,1,642710,1128,0.3998
DTM,1,423786,9556,51.72
DTRE,1,6514,83,41.437
DTSS,1,110494,1980,2.18
DTST,1,73197,269,3.53
DTW,1,22915,233,24.1
DUBS,1,161247,49,27.9522
DUG,1,103260,916,11.445
DUHP,1,501274,1373,30.0
DUK,1,5542767,69699,92.65
DUKB,1,17466,221,25.2
DUKpA,1,51810,611,25.0
DULL,1,13,4,18.8945
DUO,1,23272,117,0.579
DUOL,1,455304,15103,185.26
DUOT,1,17934,137,3.9
DURA,1,2230,49,30.5
DUSA,1,43597,140,37.63
DUSB,1,34388,107,50.605
DUSL,1,12340,183,45.6899
DUST,1,2653136,11389,13.01
DV,1,1526664,17195,42.33
DVA,1,593623,14796,110.82
DVAL,1,5690,25,12.4965
DVAX,1,1546279,13713,12.88
DVDN,1,0,0,28.2821
DVLU,1,109,2,26.3797
DVN,1,10977607,90091,42.41
DVND,1,16,5,28.3756
DVOL,1,4923,53,28.3345
DVY,1,399246,4136,114.03
DVYA,1,7645,85,35.4015
DVYE,1,109528,369,26.17
DWAC,1,3564958,36562,47.66
DWACU,1,4028,72,55.0
DWACW,1,156211,1150,15.83
DWAS,1,78712,559,85.67
DWAT,1,4143,10,10.46
DWAW,1,487,9,35.4783
DWCR,1,0,0,29.3134
DWLD,1,5085,30,29.92
DWM,1,24244,199,51.76
DWMF,1,4312,29,25.17
DWSH,1,8269,67,7.39
DWSN,1,15682,102,1.5508
DWUS,1,1405,13,42.1616
DWX,1,125560,349,34.2811
DX,1,1084702,7734,11.99
DXC,1,5621344,41223,22.05
DXCM,1,4260111,61904,127.05
DXD,1,298486,1784,32.5
DXF,1,218428,401,0.3133
DXJ,1,497133,4560,97.84
DXJS,1,44732,190,31.27
DXLG,1,285137,3109,3.89
DXPE,1,68501,1783,33.37
DXR,1,687,20,8.5
DXYN,1,12499,39,0.592
DXpC,1,4490,64,24.15
DY,1,132205,4505,116.14
DYAI,1,31466,114,1.38
DYFI,1,4481,23,24.945
DYLD,1,6396,35,22.575
DYLG,1,127,11,27.1865
DYN,1,712725,9340,22.73
DYNF,1,706454,1918,42.16
DYNI,1,2352,24,27.7189
DYNT,1,187385,604,0.4749
DYTA,1,49747,171,27.83
DZSI,1,39738,924,1.51
DZZ,1,3245,25,2.565
E,1,322162,4603,30.98
EA,1,1731957,31801,138.85
EAD,1,165788,720,6.75
EAF,1,2683944,10386,1.32
EAGG,1,184507,1220,46.96
EAI,1,17053,160,22.98
EALT,1,3571,14,28.25
EAOA,1,149,19,32.584
EAOK,1,0,0,24.7902
EAOM,1,17,1,26.3124
EAOR,1,249,5,29.3259
EAPR,1,2223,26,24.6249
EAR,1,7423,96,2.63
EARN,1,235733,1835,5.71
EASG,1,8865,26,29.4848
EAST,1,5012,98,1.13
EAT,1,914619,14091,45.04
EATV,1,487,12,15.7679
EATZ,1,894,27,22.9474
EB,1,852897,6181,8.65
EBAY,1,3288182,44212,42.02
EBC,1,697719,8968,13.65
EBF,1,45850,1397,20.13
EBIZ,1,3859,68,21.24
EBLU,1,1807,44,43.5
EBMT,1,7491,157,12.8
EBND,1,226653,1646,20.66
EBON,1,36974,609,9.73
EBR,1,857332,5767,8.58
EBR.B,1,8177,92,9.51
EBS,1,1238432,7049,1.68
EBTC,1,16607,289,27.53
EC,1,1425207,10084,11.91
ECAT,1,275722,1448,16.87
ECBK,1,8981,57,12.54
ECC,1,986374,3376,9.97
ECCC,1,1903,30,21.99
ECCF,1,12069,91,25.37
ECCV,1,3282,15,22.5
ECCW,1,702,8,24.07
ECCX,1,1011,15,24.42
ECCpD,1,4826,42,20.13
ECDA,1,23911,118,0.98
ECF,1,57206,233,7.97
ECFpA,1,1052,4,22.8711
ECH,1,149613,946,24.69
ECL,1,739508,19183,202.89
ECLN,1,81,4,22.8608
ECML,1,291,10,31.1612
ECNS,1,58709,253,22.01
ECO,1,35305,659,28.47
ECON,1,797,37,19.9594
ECOR,1,8952,147,7.14
ECOW,1,42163,174,19.5
ECPG,1,87422,2934,50.22
ECVT,1,324845,3864,9.38
ECX,1,62414,412,2.71
ED,1,1554560,24825,88.67
EDAP,1,24059,229,6.4
EDBL,1,32584,131,0.46
EDC,1,32008,350,27.79
EDD,1,383056,1963,4.76
EDEN,1,1976,95,115.7561
EDF,1,594820,1368,4.72
EDIT,1,1668591,13208,7.17
EDIV,1,42047,397,32.47
EDN,1,45350,538,16.83
EDOC,1,44798,219,9.6
EDOG,1,8611,24,21.1473
EDOW,1,11660,86,33.35
EDR,1,1790245,12111,24.2
EDRY,1,5590,109,20.11
EDSA,1,7960,86,4.67
EDTK,1,2036,30,0.9545
EDU,1,4306001,55329,86.72
EDUC,1,5735,44,1.78
EDV,1,276557,5515,75.47
EDZ,1,126067,738,11.81
EE,1,154887,2574,13.98
EEA,1,7376,20,8.44
EEFT,1,588548,13423,101.09
EEIQ,1,4706,99,1.6
EELV,1,672200,1208,23.62
EEM,1,23480785,29506,39.41
EEMA,1,14462,168,64.63
EEMD,1,2711,18,18.5624
EEMO,1,7,3,15.7089
EEMS,1,15567,241,57.55
EEMV,1,392107,2753,55.3
EEMX,1,4597,102,29.945
EES,1,16816,202,47.52
EET,1,656,16,48.1453
EETH,1,48991,445,56.24
EEV,1,1588,12,20.7431
EEX,1,38902,319,6.2
EFA,1,9536238,25256,75.04
EFAD,1,864,21,38.1634
EFAS,1,1638,36,13.77
EFAV,1,378667,2861,68.15
EFAX,1,55300,520,39.17
EFC,1,1420269,10907,11.99
EFCpA,1,5513,52,23.97
EFCpB,1,2901,35,20.8
EFCpC,1,4071,45,23.94
EFCpE,1,3657,25,24.9
EFG,1,513368,4567,98.38
EFIV,1,64569,447,48.26
EFIX,1,5234,44,15.9979
EFNL,1,2730,54,34.2412
EFO,1,599,19,42.0457
EFOI,1,3834,55,1.29
EFR,1,136209,425,12.99
EFRA,1,3574,14,28.8543
EFSC,1,124332,2609,39.39
EFSCP,1,6904,53,17.2
EFSH,1,69258,377,1.38
EFT,1,61624,357,13.29
EFTR,1,45940,488,10.51
EFTRW,1,750,1,0.13
EFU,1,9883,56,8.5701
EFUT,1,36081,137,20.7257
EFV,1,1866742,9189,50.91
EFX,1,1838398,33410,252.06
EFXT,1,27263,270,5.24
EFZ,1,16208,71,17.355
EG,1,1386288,32852,354.56
EGAN,1,44966,525,7.63
EGBN,1,184989,4644,22.92
EGF,1,1040,2,9.78
EGHT,1,1924912,9082,2.79
EGIO,1,375494,1109,0.24
EGLE,1,97481,2229,57.39
EGO,1,1028245,8899,12.16
EGOX,1,2234228,5471,0.2451
EGP,1,510398,10119,184.96
EGPT,1,11100,123,27.4248
EGRX,1,193368,2530,5.32
EGUS,1,21,4,36.1193
EGY,1,916982,4090,4.23
EH,1,670197,6021,10.56
EHAB,1,639212,6112,8.9
EHC,1,1982734,25817,73.45
EHI,1,25148,111,7.25
EHTH,1,193878,2503,6.41
EIC,1,97992,448,15.75
EICA,1,8249,36,23.555
EICB,1,656,7,25.11
EIDO,1,1856405,4741,22.26
EIG,1,170133,3370,40.87
EIGR,1,6908,87,5.96
EIM,1,386506,772,10.305
EINC,1,2097,57,67.19
EIPX,1,3300,19,20.8745
EIRL,1,11021,155,63.72
EIS,1,14392,234,59.18
EIX,1,2486315,35401,64.72
EJAN,1,87462,278,28.22
EJH,1,4137364,9398,0.531
EJUL,1,30320,105,23.23
EKG,1,2361,6,16.18
EKSO,1,54559,420,2.02
EL,1,4320039,61458,140.77
ELA,1,15494,388,4.42
ELAB,1,299332,892,0.64
ELAN,1,3052676,25658,15.87
ELBM,1,1005236,1547,0.5271
ELC,1,16409,211,22.58
ELD,1,8928,51,27.4486
ELDN,1,38543,331,1.69
ELEV,1,1450682,8137,2.9
ELF,1,1903716,39016,171.54
ELLO,1,3343,145,15.29
ELMD,1,4231,107,10.19
ELME,1,765868,4778,14.4
ELP,1,205608,1907,8.02
ELPC,1,25718,455,7.2
ELQD,1,11,2,81.395
ELS,1,872263,13499,66.43
ELSE,1,778,17,4.121
ELTK,1,46934,438,17.45
ELTX,1,63500,679,4.2
ELUT,1,50823,345,3.705
ELV,1,854282,23011,502.15
ELVA,1,99962,819,4.0
ELVN,1,55861,1294,15.41
ELWS,1,380296,401,0.4439
ELYM,1,14993,30,2.62
EM,1,58810,210,0.518
EMB,1,5057954,25684,87.46
EMBC,1,320095,5982,17.76
EMBD,1,8064,88,22.06
EMC,1,33536,184,25.12
EMCB,1,800,26,64.17
EMCC,1,0,0,24.5601
EMCG,1,1502,6,11.04
EMCGW,1,9400,4,0.018
EMCR,1,1290,21,27.226
EMD,1,151634,619,9.15
EMDM,1,1414,8,21.8818
EMDV,1,1472,12,43.0489
EME,1,247315,6550,242.0
EMF,1,26893,176,11.34
EMFM,1,1150,17,18.34
EMFQ,1,522,5,20.107
EMGF,1,71819,562,42.81
EMHC,1,12670,143,23.811
EMHY,1,20674,279,36.18
EMIF,1,283,4,21.0728
EMKR,1,779558,2396,0.6288
EML,1,2782,152,24.3
EMLC,1,868716,2968,24.74
EMLD,1,80082,98,10.475
EMLP,1,257428,1295,26.86
EMM,1,1612,12,26.1315
EMMF,1,2632,29,25.3954
EMN,1,1046860,14699,82.99
EMNT,1,4283,64,98.25
EMO,1,14660,143,35.23
EMP,1,6392,144,23.54
EMQQ,1,166741,1140,29.47
EMR,1,5198223,69619,102.38
EMSF,1,5196,28,24.4253
EMSG,1,1312,7,23.4944
EMTL,1,2467,40,41.905
EMTY,1,8281,75,14.2856
EMX,1,248315,478,1.5
EMXC,1,2174708,6485,55.52
EMXF,1,3233,41,34.5243
ENB,1,6126410,32697,34.35
ENCP,1,26806,57,11.6
ENCPW,1,32461,46,0.029
ENFN,1,300593,2813,8.13
ENFR,1,14287,161,22.48
ENG,1,9166,109,1.2499
ENGN,1,4180,57,7.95
ENGNW,1,4219,14,0.89
ENIC,1,637011,3781,2.77
ENJ,1,1530,23,22.97
ENLC,1,2450666,8792,11.95
ENLT,1,20178,421,17.17
ENLV,1,25920,247,2.64
ENO,1,4037,39,23.85
ENOR,1,6723,92,22.2963
ENOV,1,366965,7888,60.53
ENPH,1,6915619,90624,116.88
ENR,1,456134,7893,31.77
ENRG,1,1038,32,12.1756
ENS,1,580738,13680,90.87
ENSC,1,359501,1401,1.18
ENSG,1,238630,6270,118.06
ENSV,1,61773,242,0.212
ENTA,1,426425,5555,12.36
ENTG,1,1534363,32595,124.75
ENTR,1,3245,31,14.34
ENTX,1,137247,498,0.8395
ENV,1,233730,5254,51.5
ENVA,1,230846,4963,54.57
ENVB,1,34660,169,0.8117
ENVX,1,5658656,34700,10.7
ENX,1,36114,336,9.94
ENZ,1,264275,588,1.35
ENZL,1,4773,72,46.18
EOCT,1,567,12,23.37
EOD,1,140606,395,4.49
EOG,1,3123947,42513,113.06
EOI,1,53390,282,17.7
EOLS,1,395482,5939,13.36
EOS,1,81619,371,19.8
EOSE,1,4983503,8230,1.22
EOSEW,1,22593,36,0.2199
EOT,1,22210,122,16.92
EP,1,30613,455,6.09
EPAC,1,191587,3750,31.38
EPAM,1,626058,16663,287.17
EPC,1,660102,12807,39.47
EPD,1,5232452,22380,26.25
EPHE,1,102134,771,27.4
EPI,1,919995,6801,43.72
EPIX,1,542042,2534,10.45
EPM,1,342479,3413,5.52
EPOL,1,113549,889,22.22
EPOW,1,1865,14,0.93
EPP,1,336880,2027,41.56
EPR,1,1004718,8778,42.59
EPRF,1,7010,36,19.2378
EPRT,1,725871,9111,24.63
EPRpC,1,57103,401,19.3099
EPRpE,1,5455,92,27.65
EPRpG,1,11134,116,19.3784
EPS,1,26577,141,52.36
EPSN,1,18482,274,4.9
EPU,1,3272,59,33.52
EPV,1,50283,279,8.86
EPpC,1,922,19,47.18
EQ,1,858652,3671,1.52
EQAL,1,49465,154,43.39
EQBK,1,123263,1791,32.5
EQC,1,691999,6953,18.81
EQCpD,1,10557,200,25.25
EQH,1,2737595,23348,33.61
EQHpA,1,38023,403,22.72
EQHpC,1,31735,312,18.12
EQIX,1,387938,16120,855.33
EQL,1,7575,133,111.3564
EQLS,1,14247,54,24.115
EQNR,1,9569522,50193,26.37
EQR,1,1434412,17366,59.2
EQRR,1,267,11,54.1485
EQS,1,1208,17,1.47
EQT,1,4249150,44608,34.75
EQTY,1,32761,79,20.79
EQUL,1,55,1,24.6297
EQWL,1,34426,406,89.515
EQX,1,1014635,6044,4.33
ERAS,1,454126,2980,1.76
ERC,1,39755,216,9.55
ERET,1,1127,3,24.859
ERF,1,16947613,72771,15.5
ERH,1,49281,223,8.86
ERIC,1,10961984,17166,5.39
ERIE,1,90346,4236,350.18
ERII,1,233045,4886,15.3
ERJ,1,1125087,10075,17.59
ERNA,1,1735,60,1.6
ERO,1,215745,1841,15.61
ERSX,1,128,3,12.0411
ERTH,1,9284,103,41.66
ERX,1,463478,4355,57.1
ERY,1,265044,3086,27.54
ES,1,3124552,36255,54.07
ESAB,1,340903,6077,88.93
ESBA,1,500,1,10.06
ESCA,1,14261,276,16.485
ESCR,1,2,2,18.395
ESE,1,165869,4027,103.84
ESEA,1,50404,921,40.49
ESEB,1,371,11,16.67
ESG,1,3949,49,121.5219
ESGA,1,3458,22,62.5625
ESGB,1,2403,5,20.8619
ESGD,1,205979,1693,75.06
ESGE,1,893159,5729,31.21
ESGG,1,2734,48,156.1458
ESGL,1,13487,51,0.4827
ESGLW,1,26624,36,0.0079
ESGN,1,1000,5,28.3821
ESGR,1,50605,2751,268.99
ESGRO,1,10798,98,25.09
ESGRP,1,5666,115,25.579
ESGS,1,3920,16,41.5612
ESGU,1,354155,3308,109.75
ESGV,1,120969,1259,89.21
ESGY,1,817,15,49.4127
ESHA,1,567,4,10.33
ESHY,1,76,8,18.5353
ESI,1,849386,9829,22.73
ESIX,1,1,1,28.36
ESLA,1,19195,173,1.1501
ESLT,1,15341,705,204.47
ESML,1,456324,876,37.47
ESMV,1,647536,1616,25.6
ESNT,1,683343,12950,52.91
ESOA,1,85374,810,7.82
ESP,1,3387,106,22.66
ESPO,1,50866,483,60.02
ESPR,1,3995375,13573,2.58
ESQ,1,68492,1351,47.27
ESRT,1,1056864,9471,9.71
ESS,1,430092,10312,229.34
ESSA,1,17642,240,17.81
ESTA,1,176389,3777,38.36
ESTC,1,1090324,22275,126.54
ESUS,1,0,0,25.5797
ET,1,21218497,30873,13.91
ETAO,1,116988,118,0.2551
ETB,1,75398,232,13.3
ETD,1,148198,3321,30.4
ETEC,1,1270,17,20.3163
ETG,1,70174,355,17.69
ETHO,1,2772,55,55.337
ETIp,1,5889,56,23.38
ETJ,1,175657,551,8.24
ETN,1,1559723,34277,273.21
ETNB,1,888175,10043,8.45
ETO,1,46350,234,24.44
ETON,1,60304,606,4.41
ETR,1,1218292,18899,97.4
ETRN,1,2390691,15203,10.23
ETSY,1,2096085,35617,74.49
ETV,1,258557,970,12.82
ETW,1,202679,566,7.91
ETWO,1,643035,5273,3.86
ETX,1,33914,85,17.825
ETY,1,271003,807,12.8
ETpC,1,70223,151,25.57
ETpD,1,180916,395,25.57
ETpE,1,53871,300,25.07
ETpI,1,42244,176,11.053
EU,1,1745491,11166,4.69
EUDA,1,90037,274,1.57
EUDAW,1,13810,23,0.1806
EUDG,1,1302,23,31.4747
EUDV,1,513,4,47.1481
EUFN,1,329795,2203,20.28
EUM,1,11309,47,14.555
EUO,1,6478,81,30.7896
EURL,1,2780,55,22.3881
EURN,1,2323930,11138,17.78
EUSA,1,45766,371,85.23
EUSB,1,19674,154,42.61
EUSC,1,1278,15,36.0884
EV,1,2029,36,22.6603
EVA,1,2234239,5498,0.5288
EVAV,1,3805,107,27.2871
EVAX,1,67277,478,4.23
EVBG,1,2203928,13915,28.14
EVBN,1,18310,286,28.65
EVC,1,272072,1920,3.91
EVCM,1,54259,1182,9.98
EVE,1,413,12,10.86
EVE.WS,1,51598,21,0.07
EVER,1,528750,5514,14.66
EVEX,1,27656,332,6.39
EVEX.WS,1,500,1,0.6988
EVF,1,141264,579,6.72
EVG,1,58449,220,10.71
EVGN,1,50778,130,0.75
EVGO,1,2342312,10058,2.2
EVGOW,1,7295,42,0.185001
EVH,1,797100,9746,30.63
EVHY,1,258,7,52.9221
EVI,1,24353,592,21.18
EVIM,1,496,5,52.6902
EVLN,1,3022,24,50.048
EVLV,1,1451046,10626,5.07
EVLVW,1,96937,230,0.82
EVM,1,20968,134,9.37
EVMT,1,182,13,15.87
EVN,1,90486,429,10.27
EVNT,1,73,2,9.9653
EVO,1,37069,238,7.68
EVOK,1,16412,101,0.6425
EVR,1,528919,10695,175.88
EVRG,1,3501749,35574,48.62
EVRI,1,712773,8449,10.65
EVSB,1,2733,52,50.4286
EVT,1,87978,531,22.19
EVTC,1,186296,4553,40.62
EVTL,1,114142,610,0.71
EVTL.WS,1,2695,12,0.040275
EVTV,1,42765,257,2.28
EVUS,1,26,2,26.0457
EVV,1,270189,1189,9.91
EVX,1,2827,75,150.4414
EVXX,1,615,13,17.1424
EW,1,3686759,48158,85.8
EWA,1,1837534,6604,23.52
EWBC,1,734425,15959,69.17
EWC,1,1485187,6677,36.2
EWCZ,1,320527,5503,14.32
EWD,1,163016,1261,37.53
EWG,1,1595756,4968,29.26
EWH,1,2836089,7603,15.96
EWI,1,182589,1227,33.81
EWJ,1,6381522,21437,66.39
EWJV,1,81200,526,30.58
EWK,1,2328,64,18.4
EWL,1,363691,2674,46.49
EWM,1,261729,1116,21.0
EWN,1,145565,1102,46.7
EWO,1,63698,320,20.58
EWP,1,327583,1603,29.05
EWQ,1,1088468,3841,38.66
EWS,1,295053,1800,17.72
EWT,1,4808164,24041,46.53
EWTX,1,724954,7928,19.81
EWU,1,3087581,6264,32.32
EWUS,1,948,16,33.396
EWV,1,4896,48,11.4375
EWW,1,1819519,21047,67.53
EWX,1,92877,627,54.67
EWY,1,2789819,20664,63.28
EWZ,1,25519579,49749,32.71
EWZS,1,1193728,2695,13.71
EXAI,1,753362,4599,6.3
EXAS,1,1604403,29046,60.98
EXC,1,5866886,49272,33.75
EXEL,1,3040737,27679,20.17
EXFY,1,395086,2280,1.67
EXG,1,673666,2354,7.88
EXI,1,15683,642,129.2714
EXK,1,1890291,3855,1.56
EXLS,1,794978,11004,30.64
EXP,1,326554,10438,243.38
EXPD,1,913962,17267,127.18
EXPE,1,7379728,102770,159.47
EXPI,1,1288618,14048,12.03
EXPO,1,291041,7780,78.63
EXPR,1,55203,1061,3.89
EXR,1,784735,14126,143.47
EXTO,1,62756,1180,5.27
EXTR,1,1384894,15798,12.37
EYE,1,725511,11777,19.94
EYEG,1,1,1,35.39
EYEN,1,247978,1612,1.775
EYLD,1,28418,300,31.79
EYPT,1,1678897,18105,29.12
EZA,1,63961,675,38.45
EZBC,1,131480,768,26.46
EZFL,1,4054,73,1.39
EZGO,1,6266185,4267,0.1075
EZJ,1,4033,42,38.5284
EZM,1,130616,255,56.49
EZPW,1,683546,7433,10.0
EZU,1,1679311,8672,47.38
F,1,68448479,151593,12.83
FA,1,194587,4263,16.64
FAAR,1,106211,358,28.52
FAB,1,3183,31,75.9901
FAD,1,1620,45,116.68
FAF,1,1071934,20778,58.99
FAIL,1,2,1,17.8937
FALN,1,808381,3918,26.56
FAM,1,16199,85,6.32
FAMI,1,22337,208,1.06
FAN,1,40731,565,15.03
FANG,1,1665068,29106,153.48
FANH,1,23607,236,5.6
FAPR,1,19191,82,35.82
FARM,1,266270,1507,3.12
FARO,1,261388,2795,22.59
FAS,1,796329,8530,90.19
FAST,1,2633923,43118,69.26
FAT,1,88093,586,9.4
FATBB,1,2679,63,7.6365
FATBP,1,4917,115,14.97
FATBW,1,3872,44,7.38
FATE,1,3332660,14868,6.11
FATH,1,10299,112,4.0
FAUG,1,8462,46,41.76
FAX,1,393358,1101,2.68
FAZ,1,3625140,11282,12.52
FAZE,1,3334073,2743,0.1773
FAZEW,1,141169,137,0.0115
FBCG,1,221243,1505,36.22
FBCV,1,43057,268,29.1058
FBGX,1,407,24,795.971
FBIN,1,1363782,20614,80.12
FBIO,1,285401,1151,1.8
FBIOP,1,17429,152,13.5
FBIZ,1,7366,404,34.25
FBK,1,147500,3202,35.71
FBL,1,74976,2205,125.98
FBLG,1,57823,1037,7.82
FBMS,1,147687,3163,23.9
FBNC,1,136663,3008,34.51
FBND,1,1140181,3458,45.31
FBOT,1,22391,139,24.79
FBP,1,1053461,11240,16.49
FBRT,1,291867,3721,12.29
FBRTpE,1,23878,153,20.883
FBRX,1,58103,149,0.6251
FBT,1,27004,365,148.26
FBTC,1,6192761,36637,39.88
FBY,1,43635,545,22.46
FBYD,1,9979,290,12.18
FBYDW,1,921,9,0.88
FBZ,1,273,16,11.71
FC,1,38226,942,39.33
FCA,1,222,5,17.84
FCAL,1,3109,30,49.73
FCAP,1,1533,54,27.75
FCBC,1,18258,566,32.99
FCCO,1,10244,279,17.25
FCEF,1,986,34,20.0509
FCEL,1,11153694,16148,1.25
FCF,1,355882,5221,13.15
FCFS,1,173715,5534,116.95
FCFY,1,9352,25,21.9223
FCG,1,301595,3303,23.2
FCLD,1,47427,396,24.4295
FCN,1,78468,3756,194.18
FCNCA,1,39308,4617,1478.12
FCNCO,1,14401,137,22.59
FCNCP,1,15339,157,21.4
FCO,1,64994,231,5.18
FCOM,1,64234,775,48.22
FCOR,1,28162,215,46.35
FCPI,1,13829,151,36.8838
FCPT,1,319579,4720,22.94
FCRX,1,2613,62,23.895
FCSH,1,0,0,23.825
FCT,1,57282,246,10.0
FCTR,1,20147,53,28.93
FCUS,1,397,11,26.1072
FCUV,1,108908,527,0.7071
FCVT,1,6692,72,33.15
FCX,1,13800660,105431,38.12
FDAT,1,3529,43,20.9
FDBC,1,10365,264,46.35
FDCE,1,1318,5,11.2602
FDCF,1,16994,65,30.3604
FDD,1,49976,230,11.15
FDEC,1,24485,76,40.18
FDEM,1,12384,392,24.1111
FDEV,1,16702,420,26.5616
FDFF,1,10709,75,29.3
FDG,1,2965,63,76.8836
FDGR,1,3609,12,11.6634
FDHT,1,1412,43,19.0991
FDHY,1,18759,215,47.97
FDIF,1,36691,152,27.41
FDIG,1,89487,1028,23.8
FDIS,1,68796,1128,79.27
FDIV,1,9104,45,26.09
FDL,1,869269,3515,36.03
FDLO,1,60134,488,54.74
FDLS,1,10282,54,29.092
FDM,1,7411,94,58.0653
FDMO,1,9462,86,56.8113
FDMT,1,4380272,38739,26.9
FDN,1,348047,7455,200.98
FDNI,1,2095,34,22.01
FDP,1,185839,4098,23.91
FDRR,1,25173,200,44.39
FDRV,1,10464,132,14.4648
FDS,1,225715,10213,470.06
FDT,1,25748,223,51.97
FDTB,1,1385,3,9.905
FDTS,1,678,9,40.0433
FDTX,1,58611,373,31.98
FDUS,1,167436,2216,18.9
FDV,1,25954,138,23.65
FDVL,1,91,2,11.0457
FDVV,1,253294,2267,43.21
FDWM,1,661,18,21.1008
FDX,1,1833879,32111,241.75
FE,1,4483127,39591,35.79
FEAM,1,65470,1432,1.305
FEBO,1,12210,133,7.18
FEBP,1,7239,8,25.4161
FEBT,1,285570,196,29.93
FEBW,1,277473,223,28.42
FEBZ,1,251,3,31.4222
FEDL,1,4,4,40.156
FEDM,1,159,2,47.5519
FEDU,1,524,10,8.18
FEEM,1,0,0,45.5794
FEI,1,69354,243,8.46
FEIG,1,87,3,40.915
FEIM,1,20579,182,10.61
FELC,1,2713896,1866,28.05
FELE,1,101925,3040,97.72
FELG,1,94051,742,28.3447
FELV,1,54462,352,27.26
FEM,1,177788,943,22.715
FEMB,1,51781,369,28.35
FEMS,1,31448,218,38.42
FEMY,1,2481748,7822,1.38
FEN,1,65519,252,14.1
FENC,1,75932,871,10.13
FENG,1,11679,41,1.33
FENI,1,45769,254,26.66
FENY,1,724548,2722,23.12
FEP,1,17046,122,35.12
FEPI,1,47577,827,56.7
FERG,1,1000155,22565,197.64
FESM,1,34858,673,28.12
FET,1,27003,403,18.99
FEUS,1,538,3,56.4707
FEUZ,1,524,6,39.37
FEX,1,15157,191,92.48
FEXD,1,884,3,10.81
FEZ,1,570195,3621,48.51
FF,1,348745,3685,5.88
FFA,1,30052,138,18.52
FFBC,1,243691,4424,21.81
FFC,1,102158,564,14.12
FFEB,1,23619,79,43.83
FFIC,1,249232,4134,13.1
FFIE,1,19702512,21732,0.089
FFIEW,1,67390,35,0.0087
FFIN,1,463022,8193,31.18
FFIU,1,10921,9,21.945
FFIV,1,350057,13341,185.23
FFLS,1,35,2,20.7488
FFND,1,1313,16,21.1522
FFNW,1,23815,833,20.61
FFOG,1,6751,49,32.43
FFTY,1,94153,553,26.72
FFWM,1,563399,5715,8.19
FG,1,109150,3285,45.51
FGB,1,61604,181,3.52
FGBI,1,12678,521,11.13
FGBIP,1,2711,13,20.69
FGD,1,440961,579,21.79
FGDL,1,68,12,27.155
FGEN,1,4048995,16863,2.38
FGF,1,8395,48,1.34
FGFPP,1,2307,31,18.0
FGH,1,3862,41,1.35
FGI,1,16851,95,1.61
FGM,1,11312,6,37.59
FGN,1,35744,223,26.22
FGRO,1,62715,447,20.74
FHB,1,401933,8744,20.95
FHI,1,584818,8737,34.98
FHLC,1,132707,1656,67.95
FHN,1,6023785,36177,13.79
FHNpB,1,4040,30,23.46
FHNpC,1,3371,25,23.8
FHNpD,1,3676,69,24.45
FHNpE,1,4412,58,23.64
FHNpF,1,8138,121,17.2701
FHTX,1,1678146,10662,4.85
FHYS,1,103,3,22.93
FI,1,2132080,34953,143.55
FIAX,1,84543,164,19.64
FIBK,1,1022857,13309,25.42
FIBR,1,1200,25,85.8848
FICO,1,195734,12159,1321.44
FICS,1,30976,125,33.7605
FICVW,1,41241,98,0.0302
FID,1,10587,30,15.32
FIDI,1,23914,194,19.9408
FIDU,1,37816,613,62.66
FIF,1,139113,876,15.9
FIG,1,4664,40,22.926
FIGB,1,10587,431,42.75
FIGS,1,2943962,15109,6.07
FIHL,1,347579,4453,12.82
FIIG,1,11718,71,20.608
FILL,1,12216,101,24.1702
FINE,1,350,4,24.0469
FINS,1,96826,254,12.37
FINV,1,1277336,7944,4.71
FINW,1,12568,567,10.61
FINX,1,73406,578,24.89
FIP,1,249336,2355,4.37
FIS,1,2255654,28276,61.44
FISI,1,41895,644,18.88
FISR,1,26378,125,25.551
FITB,1,3185450,36768,33.39
FITBI,1,16504,172,25.6
FITBO,1,8268,133,23.32
FITBP,1,10308,150,24.905
FITE,1,3922,68,56.096
FIVA,1,33270,134,24.06
FIVE,1,585135,14747,186.1
FIVG,1,68242,542,37.37
FIVN,1,651409,11047,75.61
FIW,1,29922,605,95.44
FIX,1,268024,8444,237.17
FIXD,1,1732247,2840,43.8
FIXT,1,13,5,30.89
FIXX,1,533822,708,0.705
FIZZ,1,141808,3794,47.24
FJAN,1,281526,344,40.92
FJP,1,12335,144,51.72
FJUL,1,12290,96,43.07
FJUN,1,166774,100,45.56
FKU,1,2475,31,35.16
FKWL,1,6894,133,2.91
FL,1,1526603,21150,29.15
FLAU,1,964,30,27.4245
FLAX,1,112,8,20.8254
FLBL,1,126610,727,24.15
FLBR,1,20805,200,19.69
FLC,1,35495,154,14.84
FLCA,1,29358,158,32.79
FLCB,1,64339,217,21.27
FLCH,1,24367,306,14.79
FLCO,1,27160,61,21.28
FLDR,1,125732,589,49.98
FLDZ,1,0,0,23.8255
FLEE,1,2265,35,27.8931
FLEU,1,2545,18,24.2004
FLEX,1,5265474,44172,25.54
FLGB,1,200540,795,24.66
FLGC,1,159980,624,0.88
FLGR,1,907,10,22.86
FLGT,1,120985,2638,25.27
FLGV,1,30866,152,20.49
FLHK,1,2468,31,16.6304
FLHY,1,24837,114,23.48
FLIA,1,71729,218,20.03
FLIC,1,104730,1521,11.15
FLIN,1,156723,1186,36.18
FLJ,1,207203,685,0.8
FLJH,1,22528,180,28.6994
FLJJ,1,3390,31,25.47
FLJP,1,322988,1416,28.83
FLKR,1,23524,196,22.03
FLL,1,134923,825,5.04
FLLA,1,16415,159,23.49
FLLV,1,4171,41,52.539
FLMB,1,1438,29,23.955
FLME,1,157365,778,10.67
FLME.U,1,2000,4,12.15
FLME.WS,1,43971,160,2.37
FLMI,1,21777,158,24.2
FLMX,1,16383,211,33.0065
FLN,1,5719,45,19.75
FLNC,1,4076174,42572,21.58
FLNG,1,690089,8104,26.17
FLNT,1,20426,158,0.5169
FLO,1,1749519,19128,23.39
FLOT,1,909653,3417,50.79
FLOW,1,234,14,28.4526
FLQL,1,25469,145,50.77
FLQM,1,31039,218,49.1
FLQS,1,3301,38,37.9546
FLR,1,2192248,18376,40.07
FLRG,1,22991,261,28.88
FLRN,1,879819,2091,30.67
FLRT,1,29088,200,47.38
FLS,1,1012288,15618,41.34
FLSA,1,496,18,36.8061
FLSP,1,22555,118,23.19
FLSW,1,4947,37,31.9593
FLT,1,1436919,34691,265.12
FLTB,1,11211,77,49.09
FLTN,1,157336,6,19.663
FLTR,1,356748,2035,25.32
FLTW,1,16492,104,41.5524
FLUD,1,27950,63,24.84
FLUT,1,96787,1512,209.7
FLUX,1,89877,807,3.85
FLV,1,2117,37,62.12
FLWS,1,819510,9017,9.3
FLXS,1,40616,1092,32.5
FLYD,1,29267,128,2.76
FLYU,1,4263,79,49.6732
FLYW,1,1219069,15261,21.71
FLYX,1,3984,162,8.0
FM,1,84144,940,26.3
FMAG,1,14366,148,26.3598
FMAO,1,25287,436,20.95
FMAR,1,3478,17,38.3329
FMAT,1,22068,320,46.9973
FMAY,1,157865,36,42.41
FMB,1,218969,648,51.4
FMBH,1,34639,1170,30.64
FMC,1,2716605,37309,52.04
FMCX,1,61,3,27.6196
FMDE,1,86168,674,28.1699
FMED,1,8448,64,24.9496
FMET,1,15817,179,28.89
FMF,1,15578,170,48.9764
FMHI,1,70272,227,47.6854
FMIL,1,33345,356,38.71
FMN,1,33133,198,11.21
FMNB,1,62396,1023,13.79
FMNY,1,3864,31,27.01
FMQQ,1,15718,74,11.33
FMS,1,182680,3062,19.71
FMST,1,6718,138,2.6
FMSTW,1,4032,11,0.25
FMX,1,276803,5797,139.47
FMY,1,3685,19,11.95
FN,1,625000,16945,196.07
FNA,1,381910,3544,14.28
FNB,1,1425841,13175,12.97
FNBpE,1,3628,43,24.9746
FNCB,1,32885,393,5.77
FNCH,1,3490,92,2.59
FNCL,1,70136,769,54.74
FND,1,897350,18533,106.46
FNDA,1,373120,1530,53.85
FNDB,1,25057,184,62.17
FNDC,1,204494,737,33.86
FNDE,1,475611,2258,26.88
FNDF,1,879657,2426,33.27
FNDX,1,522557,1973,63.29
FNF,1,1241319,18311,50.88
FNGD,1,12093482,11343,4.1
FNGG,1,21517,552,112.291
FNGO,1,24486,431,56.77
FNGR,1,242389,1610,2.25
FNGS,1,138587,1113,42.19
FNGU,1,1177806,21611,312.5
FNK,1,56659,148,49.31
FNKO,1,411311,4693,8.04
FNLC,1,6776,164,23.8
FNOV,1,8844,55,43.6545
FNV,1,543640,10376,108.5
FNVTU,1,698,1,11.0
FNWB,1,57917,354,13.445
FNWD,1,3052,41,23.7
FNX,1,108901,258,103.34
FNY,1,8193,104,68.97
FOA,1,50301,302,0.8248
FOCT,1,15473,33,39.79
FOF,1,89021,322,11.57
FOLD,1,1525912,13381,13.33
FONR,1,35501,252,20.2
FOR,1,128562,3452,31.69
FORA,1,10707,75,2.76
FORD,1,15933,111,0.73
FORH,1,1210,6,21.4208
FORL,1,92409,178,10.605
FORM,1,800478,11869,38.96
FORR,1,94618,2321,23.14
FOSL,1,340284,2499,1.07
FOSLL,1,2264,40,13.32
FOUR,1,537580,10045,75.99
FOVL,1,1087,6,57.5071
FOX,1,2075226,26367,26.62
FOXA,1,7330263,70445,28.78
FOXF,1,294336,7590,64.3
FOXO,1,912964,1648,0.34
FPA,1,0,0,26.735
FPAG,1,31431,140,27.13
FPAY,1,14477,122,1.3
FPE,1,3564499,4164,17.02
FPEI,1,261540,680,18.01
FPF,1,181737,707,17.16
FPFD,1,6349,71,21.15
FPH,1,72747,730,3.47
FPI,1,294497,3727,11.23
FPL,1,44242,127,6.72
FPRO,1,2311,49,20.7128
FPX,1,13672,332,98.8678
FPXE,1,3657,38,23.52
FPXI,1,19450,192,43.32
FQAL,1,87129,624,56.05
FR,1,2501073,26888,53.6
FRA,1,199939,893,12.73
FRAF,1,5991,257,28.52
FRBA,1,43963,602,13.48
FRD,1,5593,188,16.66
FRDM,1,114214,557,31.47
FREE,1,37335,922,3.44
FREL,1,163963,1380,25.42
FRES,1,99960,165,0.34
FREY,1,3056766,8166,1.78
FREY.WS,1,40231,78,0.144449
FRGE,1,348521,2324,1.66
FRGT,1,306051,2446,2.03
FRHC,1,28324,749,81.43
FRI,1,7498,109,25.2975
FRLN,1,2185,45,6.43
FRME,1,277742,4935,33.57
FRNW,1,5821,110,14.9128
FRO,1,1474249,15887,22.08
FROG,1,3057644,33179,37.91
FRPH,1,14313,340,60.12
FRPT,1,410424,10586,87.61
FRSH,1,2778545,27451,21.36
FRST,1,88274,1127,12.31
FRSX,1,43808,272,1.1
FRT,1,1015957,16566,102.06
FRTY,1,4102,25,15.1891
FRTpC,1,1019,36,22.99
FRZA,1,180233,335,0.536
FSBC,1,26407,472,23.25
FSBD,1,9,5,46.64
FSBW,1,5331,183,33.53
FSCO,1,692070,1266,5.79
FSD,1,108930,472,11.7
FSEA,1,2986,42,8.615
FSEC,1,521,10,42.24
FSEP,1,2056,18,41.4
FSFG,1,1235,44,16.85
FSI,1,11099,48,1.91
FSIG,1,523988,1033,18.87
FSK,1,1536295,8644,19.98
FSLD,1,1,1,50.08
FSLR,1,1474475,30255,143.17
FSLY,1,3888885,34553,23.27
FSM,1,3442187,7427,2.98
FSMB,1,135684,240,19.855
FSMD,1,49673,435,36.33
FSMO,1,15635,86,23.841
FSP,1,795598,4952,2.32
FSR,1,45525043,37086,0.7893
FSS,1,350045,7855,77.96
FSST,1,741,20,23.6206
FSTA,1,97177,917,45.61
FSTR,1,24311,1316,23.82
FSV,1,70389,1994,166.06
FSYD,1,5026,48,46.59
FSZ,1,651,14,61.8784
FT,1,20292,74,6.49
FTA,1,42148,366,69.97
FTAG,1,532,17,23.8109
FTAI,1,1335147,19178,52.88
FTAIM,1,1163,25,25.45
FTAIN,1,2746,49,25.25
FTAIO,1,2668,72,25.23
FTAIP,1,2234,30,25.12
FTBD,1,1341,20,48.9348
FTC,1,163710,332,117.02
FTCB,1,14,3,20.92
FTCI,1,657973,2113,0.4994
FTCS,1,291912,2274,82.18
FTDR,1,1339504,9079,32.48
FTDS,1,0,0,45.8034
FTEC,1,181171,4503,152.64
FTEK,1,63079,253,1.16
FTEL,1,37778,324,3.58
FTF,1,83625,294,6.35
FTFT,1,96906,452,1.15
FTGC,1,445634,1731,23.18
FTGS,1,28165,184,28.8957
FTHF,1,4733,5,22.99
FTHI,1,151640,700,21.96
FTHM,1,41091,181,2.63
FTHY,1,77161,443,14.19
FTI,1,6229026,44322,19.25
FTIF,1,1,1,21.6855
FTII,1,48115,17,11.02
FTK,1,54082,265,2.95
FTLF,1,3965,142,22.51
FTLS,1,60703,376,59.24
FTNT,1,8327791,98563,67.85
FTQI,1,88308,530,20.32
FTRB,1,3423,35,24.9166
FTRE,1,1071699,9415,31.48
FTRI,1,58502,222,12.33
FTS,1,893347,8973,38.94
FTSD,1,34548,129,89.93
FTSL,1,715978,1469,46.09
FTSM,1,685784,1949,59.73
FTV,1,1389847,19806,82.24
FTWO,1,5689,32,24.79
FTXG,1,16257,141,23.75
FTXH,1,4345,47,27.2907
FTXL,1,80894,389,83.14
FTXN,1,60477,243,28.39
FTXO,1,63100,289,24.15
FTXR,1,1832,34,30.46
FUBO,1,16412042,34564,1.96
FUL,1,202420,4597,76.22
FULC,1,406541,7008,8.15
FULT,1,731235,10816,15.32
FULTP,1,9210,43,17.17
FUMB,1,55002,169,20.07
FUN,1,178866,2058,41.54
FUNC,1,16192,659,22.06
FUND,1,27023,143,7.7
FUNL,1,1800,4,37.0401
FURY,1,87362,319,0.35
FUSB,1,7179,40,10.4
FUSI,1,645,6,50.81
FUSN,1,1226147,8322,11.32
FUTU,1,806845,13119,48.17
FUTY,1,252569,2382,38.71
FUV,1,47032,285,0.6051
FV,1,114977,607,53.86
FVAL,1,53461,397,54.31
FVC,1,40236,127,33.4556
FVCB,1,15017,238,11.39
FVD,1,1193503,4057,40.37
FVRR,1,682402,10081,27.76
FWBI,1,95697,604,5.38
FWD,1,6284,13,68.04
FWONA,1,60340,2189,59.39
FWONK,1,1335348,12298,66.02
FWRD,1,550002,10915,42.62
FWRG,1,280465,4998,22.88
FXA,1,13097,229,64.29
FXB,1,85455,799,121.19
FXC,1,8976,204,72.61
FXD,1,103437,572,59.37
FXE,1,9736,249,99.49
FXED,1,2250,19,18.2359
FXF,1,12739,207,101.8063
FXG,1,46476,209,62.64
FXH,1,38784,408,103.94
FXI,1,55666233,56879,22.1
FXL,1,21065,381,136.3
FXN,1,984226,2137,16.27
FXNC,1,6544,272,19.3
FXO,1,83810,467,42.99
FXP,1,25652,280,44.84
FXR,1,111514,528,66.36
FXU,1,140747,435,29.61
FXY,1,92460,1176,62.02
FXZ,1,72130,533,65.98
FYBR,1,1438030,22271,22.885
FYC,1,6225,91,62.6
FYLD,1,40494,247,25.71
FYLG,1,0,0,25.0841
FYT,1,7355,71,51.76
FYX,1,18337,223,88.76
FpB,1,50592,289,25.11
FpC,1,26803,244,24.66
FpD,1,27639,336,24.8
G,1,2192367,23561,34.94
GAA,1,1434,38,27.8325
GAB,1,428586,802,5.29
GABC,1,71358,1572,31.56
GABF,1,2048,53,33.92
GABpG,1,4398,18,21.9099
GABpH,1,1801,16,21.9064
GABpK,1,3717,21,22.01
GAIA,1,25023,204,3.0
GAIN,1,167708,2806,13.62
GAINL,1,2486,19,25.45
GAINN,1,5184,69,23.84
GAL,1,13403,82,41.69
GALT,1,39290,267,1.63
GAM,1,6492,92,44.66
GAMB,1,100111,1772,9.19
GAMC,1,11952,66,10.62
GAME,1,42307,211,1.51
GAMR,1,3029,82,57.8967
GAMpB,1,3861,30,25.11
GAN,1,44740,244,1.52
GANX,1,575718,3052,4.84
GAPR,1,1625,10,33.3028
GAQ,1,44626,27,10.96
GASS,1,176289,1442,7.1
GAST,1,5,3,24.3265
GATO,1,125183,1951,6.6
GATX,1,84136,3500,125.74
GAU,1,256497,597,0.8949
GAUG,1,18345,38,32.3034
GB,1,18074,153,4.36
GBAB,1,47537,329,16.67
GBBK,1,3210,6,10.77
GBBKR,1,5562,7,0.08
GBCI,1,816751,10979,36.74
GBDC,1,718656,7230,15.32
GBF,1,8901,112,103.5
GBIL,1,856288,2199,99.87
GBIO,1,322508,1235,1.92
GBLD,1,13740,48,16.31
GBLI,1,1126,10,29.75
GBNH,1,72501,119,0.27
GBR,1,6360,45,1.05
GBTC,1,9198489,42977,40.68
GBTG,1,57523,612,5.98
GBUY,1,10965,25,29.795
GBX,1,254433,5082,47.93
GCAD,1,170,5,28.5942
GCBC,1,5120,125,26.03
GCC,1,17892,150,17.14
GCI,1,789122,4240,2.2
GCLN,1,1389,13,31.1647
GCMG,1,82478,1871,8.7
GCMGW,1,1474,4,0.27
GCO,1,99884,2472,29.5
GCOR,1,3168137,1125,41.02
GCOW,1,1021348,2096,33.47
GCT,1,1822785,18981,29.7
GCTK,1,9883,69,0.2258
GCV,1,42705,109,3.64
GD,1,598789,18890,269.0
GDC,1,107112,671,2.3
GDDY,1,1046549,19464,112.59
GDE,1,13803,44,27.9211
GDEC,1,297334,47,30.936
GDEF,1,0,0,46.0831
GDEN,1,102990,1890,38.41
GDEV,1,4965,23,2.25
GDHG,1,3887881,9289,0.5874
GDIV,1,18283,58,13.83
GDL,1,6255,27,7.9398
GDMA,1,3044,33,30.245
GDMN,1,741,8,21.088
GDO,1,15779,62,12.64
GDOC,1,2210,19,33.7213
GDOT,1,669052,7157,8.4
GDRX,1,1141033,9826,6.53
GDS,1,1277906,11444,5.8
GDSTW,1,8546,25,0.015
GDTC,1,40696,263,2.24
GDV,1,120619,768,21.98
GDVD,1,208005,346,23.4977
GDVpH,1,840,9,23.913
GDVpK,1,8144,58,19.475
GDX,1,12462154,46829,27.3
GDXD,1,1580134,2777,5.69
GDXJ,1,3472105,23797,33.13
GDXU,1,551036,3730,21.45
GDYN,1,399050,4009,13.96
GE,1,3409374,52319,139.05
GECC,1,24465,187,10.26
GECCM,1,10069,89,25.15
GECCO,1,1149,10,24.6
GECCZ,1,592,5,25.3399
GEF,1,87723,2868,62.57
GEF.B,1,3616,227,62.76
GEG,1,879,18,1.89
GEGGL,1,700,5,21.7
GEHC,1,2461405,36482,82.06
GEL,1,1290062,3607,11.18
GEM,1,799848,997,30.17
GEMD,1,10511,200,40.2471
GEN,1,5488755,40163,20.87
GENC,1,11763,224,16.47
GENE,1,4557,74,1.9
GENI,1,2307663,13911,7.56
GENK,1,9804,135,7.85
GEO,1,4616336,31334,12.02
GEOS,1,368335,4748,14.215
GERM,1,3496,23,18.5951
GERN,1,4222962,8672,1.91
GES,1,466016,8651,23.03
GETR,1,995497,1298,0.2525
GETY,1,152160,2004,4.49
GEVO,1,5045968,9042,0.8966
GF,1,13427,54,8.3347
GFAI,1,145855,835,2.57
GFEB,1,13036,51,33.5044
GFF,1,641705,12589,67.55
GFGF,1,1064,8,26.4183
GFI,1,4012224,26878,13.75
GFL,1,1011289,11100,35.29
GFOF,1,4100,68,14.5001
GFR,1,1708,37,5.37
GFS,1,2450167,33278,54.78
GGAL,1,1333965,10100,18.15
GGB,1,3999621,7955,4.26
GGE,1,208965776,68179,0.037
GGG,1,885542,10555,87.83
GGLL,1,133619,943,33.51
GGLS,1,3414,53,16.46
GGM,1,5084,20,26.3774
GGME,1,510,36,41.7409
GGN,1,306237,666,3.77
GGNpB,1,2900,10,22.31
GGR,1,103224,851,2.08
GGROW,1,18543,23,0.13
GGRW,1,4218,26,24.1207
GGT,1,39359,201,5.41
GGTpG,1,347,6,22.6116
GGUS,1,28,4,45.0091
GGZ,1,8897,37,11.53
GH,1,621210,10950,22.39
GHC,1,10862,1646,707.24
GHEE,1,10876,86,25.1009
GHG,1,3764,34,3.01
GHI,1,35394,256,16.6
GHIX,1,227,4,10.6
GHIXW,1,10400,5,0.19
GHLD,1,696,29,13.99
GHM,1,86566,2034,22.94
GHMS,1,47341,32,25.5677
GHRS,1,58068,972,8.0
GHSI,1,70193,632,8.12
GHTA,1,140239,14,26.724
GHY,1,109122,508,11.63
GHYB,1,638167,618,43.98
GHYG,1,5343,104,43.7815
GIA,1,1503,4,10.99
GIB,1,95342,2320,114.45
GIC,1,31356,1253,44.21
GIFI,1,18289,230,4.5
GIGB,1,1844898,683,45.531
GIGM,1,48105,83,1.3601
GII,1,16943,210,50.919
GIII,1,443085,10484,31.4
GIL,1,387186,5499,33.93
GILD,1,8717095,91430,73.8
GILT,1,160837,1199,6.51
GINN,1,70643,632,53.1719
GIPR,1,34247,381,3.52
GIPRW,1,810,19,0.479
GIS,1,3964667,48631,64.06
GJAN,1,182859,471,35.15
GJP,1,1617,75,25.07
GJS,1,400,4,22.2001
GJUL,1,15950,81,32.97
GJUN,1,5998,34,32.61
GK,1,9756,48,19.5788
GKOS,1,545392,8529,95.99
GL,1,786986,18829,124.95
GLAC,1,5730,21,10.165
GLACU,1,110,2,10.32
GLAD,1,334466,3972,9.91
GLADZ,1,4520,20,25.4
GLBE,1,813882,10905,40.15
GLBS,1,21815,238,2.16
GLBZ,1,3999,25,6.9282
GLD,1,3866069,35251,188.33
GLDD,1,194543,2935,7.95
GLDG,1,206139,780,0.8016
GLDI,1,2953,72,143.59
GLDM,1,3091971,3933,40.32
GLDX,1,2561,13,25.055
GLIF,1,1086,17,24.6351
GLIN,1,27297,375,47.09
GLL,1,63955,347,27.53
GLLI,1,301,3,10.91
GLLIW,1,27381,36,0.021
GLMD,1,34198,146,0.3567
GLNG,1,1308924,13757,21.45
GLO,1,170457,378,4.97
GLOB,1,198158,6985,237.92
GLOF,1,3082,35,39.2896
GLOPpA,1,5171,66,24.32
GLOPpB,1,5004,37,25.28
GLOPpC,1,1184,16,24.83
GLOV,1,589446,932,44.76
GLP,1,2520430,5023,47.21
GLPG,1,74025,1750,38.98
GLPI,1,805482,12977,45.39
GLPpA,1,3338,39,26.385
GLPpB,1,3739,27,26.17
GLQ,1,55856,296,6.325
GLRE,1,48005,925,11.41
GLRY,1,9880,73,27.0
GLSI,1,16212,309,8.48
GLSTW,1,313386,49,0.0088
GLT,1,3184370,18334,2.22
GLTO,1,183881,262,0.6107
GLTR,1,25418,318,87.33
GLU,1,12989,82,13.39
GLUE,1,79794,1249,4.69
GLV,1,25928,193,5.53
GLW,1,3467383,31141,31.73
GLYC,1,359845,2301,3.2
GLpD,1,5390,101,20.17
GM,1,15785403,94722,38.65
GMAB,1,426247,5369,27.79
GMAR,1,951,9,33.745
GMAY,1,857,4,33.5556
GMBL,1,194154,1213,2.53
GMBLP,1,11057,93,1.06
GMBLZ,1,48718,112,0.003
GMDA,1,984607,2444,0.3777
GME,1,1838108,20271,14.35
GMED,1,467934,8516,52.48
GMET,1,2064,37,21.01
GMF,1,7357,109,99.7997
GMFI,1,832,14,10.93
GMFIW,1,460,5,0.04
GMGI,1,9643,179,3.22
GMM,1,35122,210,2.3
GMOM,1,6216,102,27.4869
GMRE,1,360745,3890,9.54
GMREpA,1,11310,48,24.7101
GMS,1,393809,6056,87.32
GMUN,1,28,2,49.9937
GNE,1,66738,1654,18.89
GNFT,1,3038,25,3.56
GNK,1,498191,7016,17.82
GNL,1,1367576,9898,8.14
GNLN,1,55655,221,0.405
GNLX,1,252942,2709,9.37
GNLpA,1,7936,103,20.99
GNLpB,1,12630,116,20.5
GNLpD,1,1252,34,21.5
GNLpE,1,6468,42,21.1
GNMA,1,134910,217,43.34
GNOM,1,22045,203,11.1
GNOV,1,240435,19,32.3
GNPX,1,169108,3743,4.41
GNR,1,446888,2159,52.78
GNRC,1,760861,19025,127.14
GNS,1,1949168,2467,0.3876
GNSS,1,50420,243,1.56
GNT,1,38363,173,4.9
GNTA,1,7767,31,3.25
GNTX,1,1252017,18463,34.91
GNTY,1,12021,307,29.03
GNTpA,1,4222,24,22.65
GNW,1,2092784,12297,6.09
GO,1,1070401,13242,25.13
GOAU,1,57235,96,15.51
GOCO,1,5693,123,12.36
GOCT,1,1658,18,32.97
GODN,1,403529,44,10.52
GOEV,1,58567607,35864,0.164
GOEVW,1,10657,33,0.077751
GOEX,1,2507,32,22.44
GOF,1,552471,3209,13.81
GOGL,1,1238152,11498,11.04
GOGO,1,640731,10725,9.92
GOLD,1,23088757,71204,14.82
GOLF,1,254646,6385,65.65
GOLY,1,32,2,20.03
GOOD,1,153356,3320,12.71
GOODN,1,13362,60,21.46
GOODO,1,3651,54,19.29
GOOG,1,17566931,191570,147.22
GOOGL,1,21150916,290394,145.91
GOOP,1,29,7,27.7917
GOOS,1,1113950,9560,12.21
GOOX,1,17349,126,25.722
GOOY,1,27826,538,17.61
GORO,1,171240,1077,0.248
GORV,1,14206,645,4.88
GOSS,1,230360,1512,0.861
GOTU,1,17060485,55749,4.56
GOVI,1,221367,256,28.05
GOVT,1,6348317,5244,22.7
GOVX,1,23410,2254,2.55
GOVZ,1,368858,1311,11.23
GP,1,65012,385,2.65
GPAC,1,632,10,11.08
GPACW,1,26120,20,0.0583
GPAK,1,888184,1032,0.269999
GPC,1,1242428,21886,142.31
GPCR,1,215777,4029,47.0
GPI,1,268657,10437,269.09
GPIQ,1,35067,239,45.6255
GPIX,1,29692,212,45.3584
GPJA,1,7359,131,23.6
GPK,1,2514925,24307,25.04
GPMT,1,263467,2477,5.2
GPMTpA,1,2877,29,17.53
GPN,1,973961,19891,136.63
GPOR,1,164106,5350,125.91
GPOW,1,0,0,40.7962
GPRE,1,2511707,28529,23.63
GPRK,1,125011,1504,8.58
GPRO,1,5828777,30759,2.58
GPS,1,7161783,49355,20.04
GQI,1,54532,18,52.4521
GQRE,1,26795,59,53.8957
GRAB,1,18723304,25527,3.32
GRABW,1,5565,18,0.19
GRBK,1,144543,3957,52.78
GRBKpA,1,1525,14,19.34
GRC,1,86421,1051,35.77
GRCL,1,441904,2715,10.23
GRDI,1,734658,5095,2.15
GRDIW,1,14514,10,0.12
GREE,1,823897,3847,4.41
GREEL,1,46768,232,9.0
GREI,1,33,7,32.4385
GREK,1,27763,368,40.38
GRF,1,559,9,9.146
GRFS,1,734331,7161,8.14
GRFX,1,53856,156,0.55
GRI,1,297035,1372,1.25
GRID,1,68979,1181,103.51
GRIN,1,8238,163,9.27
GRMN,1,573779,14535,122.32
GRN,1,4200,70,23.4163
GRNB,1,11215,121,23.624
GRND,1,246272,3194,8.21
GRND.WS,1,17647,57,1.8
GRNQ,1,22472,85,1.15
GRNR,1,10,4,22.775
GRNT,1,396394,3213,5.5
GROM,1,66884,262,0.7993
GROV,1,40439,244,1.82
GROW,1,18803,189,2.76
GROY,1,456015,1432,1.34
GROY.WS,1,38874,35,0.0156
GRP.U,1,6137,62,55.84
GRPH,1,73409,619,3.02
GRPM,1,14071,131,102.6174
GRPN,1,881712,14712,16.55
GRRR,1,5689700,12665,0.93
GRRRW,1,46604,88,0.049899
GRTS,1,1642844,8734,2.23
GRTX,1,332129,495,0.1704
GRVY,1,28592,1085,66.52
GRWG,1,556465,4051,2.3
GRX,1,30630,149,9.78
GS,1,1881099,38433,385.04
GSAT,1,3216035,8604,1.65
GSBC,1,33507,1124,50.36
GSBD,1,442266,2968,14.86
GSC,1,94,4,45.3305
GSEE,1,302,5,41.6461
GSEP,1,1752,9,32.32
GSEU,1,470,16,34.3018
GSEW,1,22183,228,68.1881
GSFP,1,909,18,28.415
GSG,1,292319,1267,21.03
GSHD,1,157128,5413,80.11
GSIB,1,406,8,24.5123
GSID,1,73,6,53.5909
GSIE,1,3283035,4073,32.49
GSIG,1,80,5,46.6448
GSIT,1,136330,1151,2.22
GSIW,1,5562,124,14.765
GSJY,1,5817,74,36.4565
GSK,1,4291092,26520,41.82
GSL,1,440434,4891,20.29
GSLC,1,233730,2039,98.63
GSLpB,1,7541,105,26.0
GSM,1,853219,7984,5.15
GSMGW,1,57050,94,0.0038
GSPY,1,3628,45,27.24
GSSC,1,477572,1833,61.77
GSST,1,168836,663,50.15
GSUN,1,244696,412,1.03
GSUS,1,296636,528,68.58
GSY,1,441322,948,49.97
GSpA,1,23378,173,22.55
GSpC,1,5800,45,22.51
GSpD,1,82728,587,22.36
GSpK,1,48330,418,25.22
GT,1,3929665,28607,13.61
GTBP,1,4172,140,4.82
GTE,1,358708,3799,5.2
GTEC,1,12362,90,3.3
GTEK,1,27572,96,28.65
GTES,1,3794420,25350,12.53
GTH,1,31954,152,3.82
GTHX,1,1405079,9584,4.7
GTIM,1,14102,65,2.38
GTIP,1,261692,242,48.523
GTLB,1,3086536,52030,76.19
GTLS,1,724760,13548,118.72
GTLSpB,1,6719,105,50.37
GTN,1,1160595,11925,7.73
GTN.A,1,942,30,7.4701
GTO,1,447922,912,46.7
GTR,1,19012,7,22.9374
GTX,1,1072701,8437,8.28
GTY,1,565886,5045,27.25
GUG,1,111999,407,14.61
GUNR,1,816656,3942,38.1
GURE,1,8624,42,1.22
GURU,1,981,32,41.5095
GUSA,1,125,1,43.209
GUSH,1,854847,6243,30.9
GUT,1,175843,469,5.4
GUTS,1,128032,2179,10.4
GUTpC,1,584,7,23.79
GV,1,84440,311,0.1899
GVA,1,197246,4344,47.46
GVAL,1,2541,81,20.3452
GVH,1,22098,226,0.99
GVI,1,87327,619,103.91
GVIP,1,8694,102,103.16
GVLU,1,7108,42,21.8988
GVP,1,6721,100,1.46
GVUS,1,0,0,42.9471
GWAV,1,63636,316,0.86
GWH,1,634029,2176,0.94
GWH.WS,1,10980,16,0.0857
GWRE,1,350835,8202,116.67
GWRS,1,44294,492,12.94
GWW,1,206346,10222,949.93
GWX,1,67343,491,30.61
GXAI,1,130679,180,0.211
GXC,1,882974,1292,61.88
GXG,1,98791,581,23.09
GXO,1,531857,11357,56.56
GXTG,1,5917,74,22.9
GXUS,1,0,0,42.3946
GYLD,1,731,18,12.8318
GYRE,1,68162,1679,12.31
H,1,465569,12771,131.0
HA,1,839086,7498,14.02
HACK,1,92247,1233,65.45
HAE,1,1248004,20416,78.11
HAFC,1,360134,4862,14.86
HAIA,1,709,4,10.94
HAIL,1,11178,122,28.51
HAIN,1,1566361,19485,9.985
HAL,1,5295276,45621,35.03
HALO,1,767178,15000,35.24
HAO,1,13013,122,7.0
HAP,1,2436,52,46.6735
HAPI,1,44,3,29.7959
HAPS,1,6,1,27.2397
HAPY,1,52,4,21.7567
HARD,1,2309,22,22.925
HARP,1,2530693,13181,22.34
HART,1,0,0,29.3261
HAS,1,1466834,31542,50.68
HASI,1,623044,9200,23.54
HAUS,1,389,12,15.747
HAUZ,1,47677,268,20.75
HAWX,1,25692,54,29.4705
HAYN,1,164600,2743,59.55
HAYW,1,1057079,12042,13.1
HBAN,1,11327791,37524,12.32
HBANL,1,23703,248,24.07
HBANM,1,6542,135,22.46
HBANP,1,15601,261,18.88
HBB,1,17269,1197,18.27
HBCP,1,13348,576,37.06
HBI,1,7264206,18706,4.56
HBIO,1,30764,317,4.67
HBM,1,1396458,4694,5.2
HBNC,1,112039,2051,12.21
HBT,1,44812,726,19.06
HCA,1,891956,24271,305.46
HCAT,1,242462,4609,9.7
HCC,1,1050646,12953,60.39
HCI,1,72852,1801,93.02
HCKT,1,65278,1958,23.1
HCM,1,70848,1343,13.93
HCMA,1,1070,13,11.5
HCMT,1,24867,102,29.17
HCOM,1,532,10,14.195
HCOW,1,81,4,25.0831
HCP,1,3006452,27302,24.26
HCRB,1,2652,20,34.73
HCSG,1,392058,4934,9.37
HCTI,1,447246,2760,3.61
HCVI,1,116,8,10.4
HCVIU,1,1200,7,10.38
HCVIW,1,1355,9,0.12
HCWB,1,1280,10,1.12
HCXY,1,4543,73,24.9
HD,1,2255815,53429,363.72
HDAW,1,0,0,23.6586
HDB,1,4489981,34192,53.62
HDEF,1,253063,646,23.63
HDG,1,3939,46,48.4071
HDGE,1,51352,210,19.87
HDLB,1,1018,23,11.0104
HDMV,1,118890,189,28.3196
HDRO,1,11094,272,5.56
HDSN,1,395841,5901,13.23
HDUS,1,2789,32,48.3157
HDV,1,898026,6894,103.74
HE,1,1521863,16573,13.07
HEAR,1,207820,2886,11.5
HEAT,1,0,0,24.3855
HEDJ,1,51607,399,44.6363
HEEM,1,28225,144,24.43
HEES,1,184202,4337,54.35
HEFA,1,497960,1975,32.46
HEGD,1,34684,171,19.9875
HEI,1,344227,11296,186.64
HEI.A,1,228897,5439,147.55
HELE,1,132608,5451,116.18
HELO,1,113770,403,54.4
HELX,1,350,5,30.5536
HEPA,1,110348,523,1.5111
HEPS,1,244286,812,1.45
HEQ,1,25596,138,10.3
HEQT,1,5219797,407,25.82
HERD,1,11874,80,36.708
HERO,1,60030,479,20.48
HES,1,3138914,40293,146.27
HESM,1,858138,8114,32.52
HEWG,1,2791,11,32.68
HEWJ,1,298259,844,38.37
HEZU,1,17322,203,34.11
HF,1,5176,14,21.2711
HFBL,1,667,44,13.21
HFFG,1,28936,461,4.33
HFGO,1,1889,25,18.6262
HFND,1,56958,51,20.8658
HFRO,1,209149,1052,6.69
HFROpA,1,7858,28,19.4
HFWA,1,115033,2821,18.07
HFXI,1,465500,557,25.19
HG,1,60779,1497,14.92
HGAS,1,842,34,2.9462
HGBL,1,87097,574,2.82
HGER,1,53231,148,21.03
HGLB,1,51267,237,8.31
HGTY,1,23142,302,8.24
HGV,1,575380,9733,42.22
HHGC,1,3735,22,10.9902
HHH,1,134884,3784,77.52
HHLA,1,203487,481,10.775
HHLA.U,1,268,9,10.75
HHS,1,9503,393,7.8
HI,1,255931,5328,44.25
HIBB,1,103565,4429,68.91
HIBL,1,78244,903,42.09
HIBS,1,320830,2109,26.79
HIDE,1,1400,5,22.9
HIDV,1,3693,11,60.1519
HIE,1,29650,113,10.43
HIFS,1,17145,829,161.99
HIG,1,1427494,25644,89.73
HIGH,1,258848,909,24.54
HIGpG,1,40876,312,25.23
HII,1,254992,9303,272.13
HIMS,1,2333323,17423,9.85
HIMX,1,697966,6102,5.52
HIO,1,121057,558,3.97
HIPO,1,123301,1462,9.35
HIPO.WS,1,32978,80,0.025
HIPS,1,20478,210,12.27
HISF,1,7530,29,44.3449
HITI,1,367888,1427,1.7
HIVE,1,3153025,12487,3.42
HIW,1,3076861,32926,24.07
HIX,1,229307,773,4.48
HIXr,1,1316483,3459,0.0121
HIYS,1,250,1,25.5052
HJAN,1,33,2,24.715
HJEN,1,10274,136,10.88
HKD,1,1156304,4857,4.12
HKIT,1,76409288,555418,3.63
HKND,1,15,7,29.7977
HL,1,4762832,14830,3.56
HLAL,1,50463,3484,47.24
HLF,1,3599533,17726,12.36
HLGE,1,3,3,28.3893
HLI,1,282066,8466,125.4
HLIO,1,270804,4607,40.65
HLIT,1,1436191,17512,13.0
HLLY,1,179220,2203,4.8
HLMN,1,795371,9444,8.98
HLN,1,2444006,8380,8.27
HLNE,1,273134,7609,113.18
HLP,1,381744,1244,1.91
HLT,1,1597829,33703,194.55
HLTH,1,263696,666,0.2489
HLVX,1,322946,1395,15.06
HLX,1,1136129,11901,9.46
HMC,1,1019354,13092,35.16
HMN,1,327115,6560,37.03
HMNF,1,5586,89,21.99
HMOP,1,35131,111,38.69
HMST,1,355256,2208,12.53
HMY,1,2766692,9069,5.94
HNDL,1,69309,448,20.79
HNI,1,159866,3447,42.11
HNNA,1,1717,46,6.6
HNRA,1,4035,51,1.94
HNRG,1,219530,3258,7.56
HNST,1,718669,6937,3.38
HNVR,1,2115,177,17.61
HNW,1,37716,127,11.25
HOCT,1,303,3,24.21
HODL,1,183320,1391,51.59
HOFT,1,23529,708,23.76
HOFV,1,15764,220,3.33
HOG,1,3919391,48726,34.91
HOLI,1,2582850,13422,25.7
HOLO,1,21819492,278530,28.7
HOLOW,1,1573732,2478,0.176
HOLX,1,1828373,25170,73.43
HOMB,1,937142,12161,23.39
HOMZ,1,777,38,41.1522
HON,1,2473720,43878,193.46
HONE,1,114816,1772,10.35
HOOD,1,7653914,43395,11.22
HOOK,1,233274,888,0.6666
HOPE,1,633694,6916,10.61
HOTH,1,10348,101,1.4
HOUR,1,3564,26,1.2616
HOUS,1,401631,5668,7.24
HOV,1,78702,2375,156.01
HOVNP,1,1974,15,18.3522
HOVR,1,32449,167,1.82
HOVRW,1,196291,180,0.02
HOWL,1,140300,1594,6.91
HP,1,1194972,17098,38.18
HPCO,1,165547,338,0.314
HPE,1,7975471,40045,15.5
HPF,1,26494,154,16.19
HPI,1,44542,191,16.25
HPK,1,308073,6105,14.11
HPKEW,1,3892,72,7.35
HPP,1,2475519,20373,7.69
HPPpC,1,27666,209,13.85
HPQ,1,4544536,44530,28.29
HPS,1,40486,200,14.84
HQGO,1,3,1,45.3105
HQH,1,159417,1116,17.15
HQI,1,12666,237,12.81
HQL,1,88283,565,13.85
HQY,1,427720,9940,78.07
HR,1,2312752,18686,15.57
HRB,1,1699697,33827,45.71
HRI,1,127514,5175,150.41
HRL,1,3551544,34135,29.47
HRMY,1,322532,7014,33.7
HROW,1,374791,4640,10.25
HROWL,1,5429,69,24.36
HROWM,1,3159,57,25.9
HRT,1,95526,2000,12.64
HRTG,1,307520,3340,5.72
HRTS,1,10968,101,32.19
HRTX,1,1179965,4555,2.35
HRYU,1,257932,723,0.467
HRZN,1,85844,1318,13.09
HSAI,1,423970,3198,3.97
HSBC,1,1872572,20411,39.25
HSCS,1,930868,1046,0.125
HSCZ,1,18158,83,29.4877
HSDT,1,74404,774,6.11
HSHP,1,101426,722,7.05
HSIC,1,1744241,24495,74.9
HSII,1,99241,2145,30.05
HSMV,1,1684,24,31.85
HSON,1,620,21,14.88
HSPO,1,5141,41,10.83
HSRT,1,161680,93,38.955
HST,1,4169255,23785,19.55
HSTM,1,51507,1483,26.9
HSUN,1,9488,4,33.8457
HSY,1,4682858,84876,202.31
HTAB,1,75220,410,19.54
HTBI,1,16032,605,25.91
HTBK,1,363771,4468,8.25
HTCR,1,21656,96,0.5037
HTD,1,69538,556,18.85
HTEC,1,2525,68,27.7326
HTFB,1,12788,51,24.04
HTFC,1,503,3,24.25
HTGC,1,456853,4735,17.17
HTH,1,322230,5138,30.66
HTHT,1,2119856,14452,31.97
HTIA,1,5149,81,15.6901
HTIBP,1,9087,97,15.51
HTLD,1,259792,4507,12.92
HTLF,1,195279,4034,33.28
HTLFP,1,1201,78,24.3801
HTOO,1,93145,456,1.02
HTOOW,1,100,1,0.083101
HTRB,1,366547,531,33.645
HTUS,1,8864,64,37.2816
HTY,1,25963,117,5.09
HTZ,1,6365959,40867,8.66
HTZWW,1,192298,1496,5.08
HUBB,1,304247,11058,358.21
HUBC,1,685019,1864,1.47
HUBCW,1,24938,86,0.0137
HUBG,1,433266,8739,44.34
HUBS,1,390016,16570,628.69
HUDI,1,2403546,11690,3.56
HUGE,1,75891,305,0.83
HUIZ,1,8912,82,0.6645
HUM,1,1560991,32038,367.8
HUMA,1,857448,6094,3.135
HUMAW,1,26524,170,0.463
HUN,1,1012761,12312,23.99
HURC,1,15534,530,24.33
HURN,1,72098,3000,102.18
HUSA,1,61452,355,1.44
HUSV,1,12810,55,34.3713
HUT,1,6152906,27722,7.465
HUYA,1,1464723,8155,2.99
HVT,1,51754,1592,34.34
HWBK,1,7606,380,23.75
HWC,1,351970,8233,42.4
HWCPZ,1,4233,63,24.55
HWH,1,27798,152,1.41
HWKN,1,217458,2762,61.41
HWM,1,2101884,27996,59.17
HXL,1,951916,15785,71.5
HY,1,61829,1922,68.89
HYAC,1,50259,6,10.36
HYB,1,74866,281,7.32
HYBB,1,19656,119,46.0237
HYBL,1,29539,226,28.04
HYD,1,253477,1194,51.35
HYDB,1,239828,939,46.34
HYDR,1,100270,1099,5.89
HYDW,1,1752,76,46.06
HYEM,1,36649,306,18.78
HYFI,1,14600,63,36.4612
HYFM,1,214118,499,0.9386
HYG,1,25548363,58231,77.2
HYGH,1,15272,179,84.63
HYGI,1,6,3,25.9085
HYGV,1,84754,695,40.72
HYGW,1,19736,219,33.43
HYHG,1,4836,58,63.4
HYI,1,52559,219,12.11
HYIN,1,4978,87,18.1798
HYKE,1,0,0,26.145
HYLB,1,6782189,9666,35.44
HYLG,1,615,8,25.411
HYLN,1,961837,4884,1.06
HYLS,1,162753,1092,41.2
HYMB,1,749467,2269,25.26
HYMC,1,74806,659,1.91
HYMCL,1,13739,26,0.0162
HYMCW,1,321679,59,0.0191
HYMU,1,44574,256,22.05
HYPR,1,13453,107,1.02
HYRM,1,2608,11,23.049
HYS,1,66759,503,93.14
HYSA,1,53600,196,14.98
HYT,1,470427,1643,9.6
HYTR,1,1213,17,21.4778
HYUP,1,436,13,40.6547
HYW,1,8358,71,1.29
HYXF,1,13507,98,45.37
HYXU,1,4599,65,48.2996
HYZD,1,24233,238,21.7
HYZN,1,208629,956,0.709
HYZNW,1,9400,6,0.04
HZO,1,192253,4517,31.35
IAC,1,420949,10448,52.6
IAE,1,6691,50,5.925
IAF,1,66077,279,4.265
IAG,1,7176567,11705,2.46
IAGG,1,262210,1805,49.32
IAI,1,45667,404,105.7855
IAK,1,27288,551,106.84
IAPR,1,78813,51,25.54
IART,1,509410,9909,41.72
IAS,1,809366,8785,16.15
IAT,1,469373,2391,39.41
IAU,1,5978758,13077,38.45
IAUF,1,9439,70,53.4908
IAUM,1,481511,876,20.3
IAUX,1,4754125,9109,1.38
IBB,1,1252608,18814,134.25
IBBQ,1,13923,143,21.79
IBCP,1,69997,1331,24.19
IBD,1,20813,125,23.48
IBDP,1,382731,856,24.96
IBDQ,1,711998,1583,24.76
IBDR,1,398745,947,23.84
IBDS,1,352004,973,23.81
IBDT,1,249715,1007,24.84
IBDU,1,188964,577,22.78
IBDV,1,196152,551,21.33
IBDW,1,156502,643,20.38
IBDX,1,129892,468,24.72
IBDY,1,74369,370,25.31
IBEX,1,47689,1463,17.38
IBHD,1,132486,622,23.27
IBHE,1,65779,294,23.23
IBHF,1,67795,299,22.9
IBHG,1,32854,126,22.21
IBHH,1,26405,108,23.21
IBHI,1,8527,74,23.13
IBHJ,1,8169,36,25.96
IBIA,1,262,5,25.225
IBIB,1,3503,15,25.28
IBIC,1,1170,13,25.35
IBID,1,1547,15,25.385
IBIE,1,164,7,25.38
IBIF,1,675,7,25.45
IBIG,1,820,15,25.48
IBIH,1,962,13,25.5
IBII,1,1351,19,25.387
IBIJ,1,821,11,25.485
IBIO,1,42302,301,1.145
IBIT,1,18568455,69777,26.03
IBKR,1,521026,12620,95.37
IBLC,1,48362,353,25.1148
IBM,1,4830433,67316,184.36
IBMM,1,73295,151,25.93
IBMN,1,71418,148,26.43
IBMO,1,47931,229,25.415
IBMP,1,67055,323,25.21
IBMQ,1,41625,162,25.39
IBMR,1,47870,180,25.38
IBN,1,6030355,29428,23.58
IBND,1,99823,632,28.75
IBOC,1,122283,3051,52.81
IBOT,1,1735,17,40.7404
IBP,1,184906,6382,205.44
IBRN,1,22,8,25.6667
IBRX,1,2465749,12798,4.31
IBTE,1,785870,1261,23.89
IBTF,1,349254,737,23.25
IBTG,1,516372,918,22.76
IBTH,1,95981,312,22.215
IBTI,1,103654,370,22.0
IBTJ,1,32937,165,21.54
IBTK,1,25468,146,19.435
IBTL,1,8506,61,20.19
IBTM,1,26076,107,22.675
IBTO,1,24667,69,24.31
IBTX,1,293729,4808,44.59
IBUY,1,15981,271,52.37
ICAD,1,84449,464,1.35
ICAP,1,5436,91,23.65
ICCC,1,7799,88,5.02
ICCH,1,415,1,15.41
ICCM,1,347068,1453,1.43
ICCT,1,146914,747,1.595
ICD,1,26410,195,2.0
ICE,1,5433534,63099,134.12
ICF,1,129950,1249,56.27
ICFI,1,56352,2116,141.75
ICG,1,4268,129,10.97
ICHR,1,437786,7005,41.2
ICL,1,942091,5117,4.55
ICLK,1,5581,45,3.83
ICLN,1,3019013,8892,14.18
ICLO,1,15025,91,25.645
ICLR,1,357559,9697,273.84
ICMB,1,11996,55,3.55
ICOP,1,3465,28,23.98
ICOW,1,536393,1737,30.55
ICRpA,1,3870,36,20.3
ICSH,1,804739,2048,50.415
ICU,1,4079735,6729,0.8098
ICUCW,1,45582,166,0.0891
ICUI,1,229609,7860,99.47
ICVT,1,117480,1175,78.19
ICVX,1,299098,2361,15.31
IDA,1,432024,8658,88.4
IDAI,1,81276,452,1.39
IDAT,1,3018,59,28.5574
IDCC,1,290481,7913,103.97
IDE,1,32824,151,9.92
IDEC,1,2500,15,25.79
IDEV,1,603426,3013,63.2
IDEX,1,392139,2210,1.02
IDGT,1,3156,54,69.95
IDHQ,1,463237,294,29.15
IDLV,1,52074,284,27.52
IDMO,1,29857,143,37.9615
IDN,1,16576,125,1.78
IDNA,1,46074,296,22.57
IDOG,1,74328,243,28.76
IDR,1,10870,125,6.7
IDRV,1,57513,515,30.8499
IDT,1,43716,1383,34.68
IDU,1,60482,559,76.63
IDUB,1,88893,87,19.88
IDV,1,1258972,5826,27.16
IDVO,1,25044,146,28.9
IDX,1,3005,65,16.2901
IDXX,1,538987,15668,573.61
IDYA,1,943754,13432,44.8
IE,1,231795,2917,8.14
IEDI,1,821,36,46.4857
IEF,1,7807883,22453,94.66
IEFA,1,13847086,28979,69.85
IEI,1,1575606,6524,116.01
IEMG,1,9793032,21901,49.63
IEO,1,90220,1221,92.9
IEP,1,668910,5132,19.28
IESC,1,104198,2498,90.24
IETC,1,26363,566,68.14
IEUR,1,462357,3466,54.44
IEUS,1,5582,64,53.78
IEV,1,280421,1078,52.36
IEX,1,640367,16172,225.83
IEZ,1,749741,1281,20.41
IFBD,1,459552,1288,0.9501
IFEB,1,29118,81,25.02
IFED,1,33,2,34.8707
IFF,1,1428353,24986,80.51
IFGL,1,3546,66,20.39
IFIN,1,620498,135,11.33
IFN,1,84604,493,19.83
IFRA,1,230542,1719,39.13
IFRX,1,201167,925,1.58
IFS,1,36978,309,23.84
IFV,1,65359,71,19.09
IG,1,9618,41,20.61
IGA,1,23559,138,8.57
IGBH,1,54013,440,24.35
IGC,1,107688,490,0.2888
IGD,1,253530,1061,5.11
IGE,1,78401,634,39.93
IGEB,1,66416,474,44.605
IGF,1,596230,3227,44.82
IGHG,1,17265,114,75.95
IGI,1,19874,120,17.07
IGIB,1,1239881,4847,51.26
IGIC,1,44247,567,12.95
IGLB,1,1061098,5594,51.02
IGLD,1,12831,81,18.7518
IGM,1,21600,780,495.27
IGMS,1,218618,2706,12.95
IGOV,1,35785,315,39.43
IGPT,1,40916,385,42.47
IGR,1,712494,2373,5.07
IGRO,1,29875,226,64.11
IGSB,1,2456891,3996,51.13
IGT,1,504580,6832,25.88
IGTA,1,253,13,10.76
IGTAU,1,200,1,11.77
IGTAW,1,500,5,0.035
IGTR,1,58768,370,25.19
IGV,1,427761,9889,437.19
IH,1,5163,58,2.29
IHAK,1,97166,1108,48.39
IHD,1,15256,78,5.15
IHDG,1,427796,2265,43.05
IHE,1,27801,359,199.3769
IHF,1,29347,334,265.5659
IHG,1,144550,4468,97.55
IHI,1,1066746,9085,56.93
IHRT,1,665972,5293,2.46
IHS,1,779600,5761,3.13
IHTA,1,15867,54,7.51
IHY,1,225194,122,20.58
IHYF,1,91942,172,22.24
IIF,1,25724,189,22.72
IIGD,1,10213,69,24.1072
III,1,54388,502,4.39
IIIN,1,47873,1229,35.97
IIIV,1,457303,4308,18.87
IIM,1,112252,558,11.85
IINN,1,108061,245,0.863
IINNW,1,2067,7,0.1851
IIPR,1,155345,5645,91.3
IJAN,1,52409,81,30.2
IJH,1,1263190,16954,278.14
IJJ,1,135315,1646,110.74
IJK,1,161233,1806,81.84
IJR,1,4462825,40796,104.73
IJS,1,530592,5961,97.52
IJT,1,93721,1144,123.56
IJUL,1,36332,133,26.9602
IKNA,1,136948,1367,1.4
IKT,1,395323,1700,2.75
ILAG,1,4266343,15278,0.469899
ILCB,1,10563,147,68.97
ILCG,1,87386,838,72.82
ILCV,1,29560,296,72.16
ILDR,1,6472,22,21.4767
ILF,1,852670,3324,27.98
ILIT,1,4489,56,12.735
ILMN,1,2363294,40658,143.33
ILPT,1,245906,3192,3.995
ILTB,1,36315,449,50.57
IMAB,1,1770531,7176,1.79
IMACW,1,126075,131,0.0108
IMAX,1,905704,9315,14.01
IMCB,1,12164,151,67.71
IMCC,1,76161,240,0.2532
IMCG,1,123322,1251,66.44
IMCR,1,305570,4318,74.93
IMCV,1,12971,151,66.7516
IMFL,1,124305,130,24.61
IMGN,1,49267993,32765,31.23
IMKTA,1,61916,2073,81.83
IMMP,1,46348,303,2.35
IMMR,1,191630,3055,6.94
IMMX,1,503990,5425,3.23
IMNM,1,920669,12015,23.49
IMNN,1,68398,214,0.51
IMO,1,509517,6819,58.83
IMOM,1,1793,42,27.42
IMOS,1,88415,995,28.2
IMPP,1,316985,2100,2.99
IMPPP,1,2296,29,21.9
IMRN,1,575,11,1.77
IMRX,1,15364,211,6.09
IMSI,1,201,3,50.76
IMTB,1,10275,77,42.76
IMTE,1,4428,56,2.43
IMTM,1,93004,395,35.62
IMTX,1,418129,3454,11.3
IMTXW,1,3007,6,3.13
IMUX,1,336218,1444,1.22
IMVT,1,587481,9898,35.27
IMXI,1,361771,5372,20.24
INAB,1,78148,308,1.22
INAQ,1,284,6,10.75
INAV,1,4751,10,25.18
INBK,1,45896,1952,31.0
INBKZ,1,2606,20,23.03
INBS,1,288138,4956,2.88
INBX,1,727328,4357,37.26
INC,1,235,9,26.2585
INCM,1,30514,139,25.63
INCO,1,25068,392,60.8051
INCR,1,43111,453,1.51
INCY,1,1658165,28432,57.36
INDA,1,5477154,20545,50.5
INDB,1,296603,5493,52.6
INDE,1,470,10,27.8851
INDF,1,6364,82,34.2516
INDI,1,2394011,18663,7.2
INDL,1,22534,723,60.2397
INDO,1,17355,261,2.642
INDP,1,2635,46,1.7
INDS,1,19969,291,39.59
INDV,1,39591,578,17.79
INDY,1,110450,1948,49.48
INFA,1,549071,9772,31.12
INFL,1,491568,508,29.9
INFN,1,2223989,13171,5.21
INFR,1,2,2,23.26
INFU,1,25149,543,9.51
INFY,1,6829945,25892,20.19
ING,1,2795032,8728,12.89
INGN,1,930422,8687,7.57
INGR,1,370956,10492,109.46
INHD,1,154211,506,1.21
INKM,1,3600,42,30.578
INKT,1,157784,541,0.8601
INLX,1,10983,136,6.935
INM,1,51553,181,0.3267
INMB,1,80622,1390,11.9
INMD,1,1074119,18858,25.36
INMU,1,836,21,23.6413
INN,1,498149,3673,6.59
INNO,1,404,13,15.4422
INNV,1,16733,283,5.3
INNpE,1,8061,86,21.38
INNpF,1,4740,57,20.59
INO,1,477649,4071,5.74
INOD,1,318793,3713,11.31
INOV,1,0,0,27.085
INPX,1,16786396,8083,0.0502
INQQ,1,21079,198,13.8666
INSE,1,100046,1677,9.0
INSG,1,71098,660,2.53
INSI,1,10454,73,15.93
INSM,1,2323274,12663,28.57
INSP,1,1015811,21340,202.01
INST,1,355656,4898,24.39
INSW,1,405385,7248,51.3
INTA,1,759001,14650,40.55
INTC,1,30637146,180763,42.5
INTEW,1,1280,1,0.1
INTF,1,81739,238,28.07
INTG,1,114,4,21.56
INTL,1,6690,27,22.0102
INTR,1,2068547,11062,5.49
INTS,1,127754,932,3.56
INTT,1,64926,1625,11.62
INTU,1,995108,33619,653.07
INTZ,1,234138,537,0.197
INUV,1,297211,584,0.3851
INVA,1,382530,6245,15.6
INVE,1,28313,790,7.56
INVH,1,1975875,19912,32.69
INVO,1,15527,100,0.9207
INVZ,1,1999844,6205,1.64
INVZW,1,120,2,0.28
INZY,1,466287,5889,5.45
IOBT,1,84282,331,1.85
IOCT,1,4422,48,27.915
ION,1,328,9,27.16
IONM,1,257694,599,0.288
IONQ,1,5589919,56448,10.9
IONQ.WS,1,13022,97,3.34
IONR,1,3794,36,3.18
IONS,1,668037,10811,49.98
IOO,1,118023,860,84.9
IOSP,1,65418,2907,118.09
IOT,1,3973703,40819,34.31
IOVA,1,6121146,36763,8.68
IP,1,5899232,48539,34.89
IPA,1,75322,430,2.2
IPAC,1,37727,369,59.71
IPAR,1,127420,4326,150.75
IPAY,1,65403,389,46.55
IPB,1,744,10,25.175
IPDN,1,799,27,2.25
IPDP,1,66,6,17.5357
IPG,1,6987474,59286,31.8
IPGP,1,204912,6195,101.01
IPHA,1,3107,69,2.47
IPI,1,121252,2139,17.82
IPKW,1,13455,139,36.455
IPO,1,63440,587,36.52
IPOS,1,1209,21,12.909
IPPP,1,129,3,9.8036
IPSC,1,199155,1104,4.45
IPW,1,10153,138,0.56
IPWR,1,14027,136,7.15
IPX,1,29038,322,12.3
IPXX,1,50470,6,10.42
IQ,1,5993184,20565,3.37
IQDE,1,1574,16,20.6591
IQDF,1,39693,216,23.1011
IQDG,1,149735,685,35.99
IQDY,1,35857,100,27.55
IQHI,1,52,7,26.395
IQI,1,213137,868,9.61
IQIN,1,4377,50,32.304
IQLT,1,970075,3069,37.53
IQM,1,467,18,54.808
IQRA,1,14,7,24.1238
IQSI,1,6781,57,28.4033
IQSM,1,0,0,30.3111
IQSU,1,8679,44,43.1404
IQV,1,948583,20366,217.0
IR,1,2477725,32082,85.38
IRAA,1,262,10,10.39
IRAAW,1,162221,58,0.065
IRBA,1,887,15,9.35
IRBO,1,165103,1268,33.4
IRBT,1,2218200,22707,13.16
IRDM,1,852993,16665,34.43
IREN,1,10389062,34219,5.1
IRIX,1,25835,216,2.68
IRM,1,805844,13623,68.56
IRMD,1,86614,1725,46.55
IROHU,1,25186,31,10.15
IRON,1,99792,3039,66.73
IROQ,1,6645,44,16.39
IRRX,1,38806,29,11.145
IRS,1,122078,1489,7.54
IRT,1,1350177,12261,14.88
IRTC,1,191407,5524,121.07
IRTR,1,79,4,26.9958
IRVH,1,1000,8,21.35
IRWD,1,2312679,20183,14.9
ISCB,1,4283,50,52.4749
ISCF,1,25892,235,31.3
ISCG,1,32574,284,43.89
ISCV,1,5054,92,56.8729
ISD,1,190582,1196,12.75
ISDB,1,510,3,24.9142
ISDR,1,2457,52,15.01
ISEP,1,3062,27,26.0601
ISHG,1,669,25,69.885
ISHP,1,0,0,28.1072
ISMD,1,17601,113,33.65
ISPC,1,4781,40,0.457151
ISPO,1,10560,109,4.1924
ISPOW,1,55055,41,0.0145
ISPR,1,359434,3727,8.425
ISPY,1,10615,191,41.3608
ISRA,1,770,28,35.6098
ISRG,1,984980,29847,386.94
ISSC,1,9389,403,8.24
ISTB,1,1243711,2624,47.39
ISTR,1,19152,865,17.11
ISUN,1,704931,1134,0.207
ISVL,1,720,22,33.119
ISWN,1,1818,12,18.8303
ISZE,1,582,11,25.3034
IT,1,469046,15611,456.18
ITA,1,447238,7128,124.45
ITAN,1,1444,6,27.1626
ITB,1,1296228,18665,103.1
ITCI,1,989891,15966,71.6
ITDA,1,207,9,27.1037
ITDB,1,2195,36,27.3784
ITDC,1,1296,18,27.5121
ITDD,1,795,24,27.649
ITDE,1,3284,33,27.8139
ITDF,1,741,32,27.8892
ITDG,1,3248,34,27.9016
ITDH,1,129,10,27.9016
ITDI,1,2851,24,27.9017
ITEQ,1,8395,86,47.09
ITGR,1,179557,5348,105.57
ITI,1,319680,1915,5.34
ITIC,1,2518,132,165.39
ITM,1,492390,1628,46.44
ITOS,1,266143,2269,10.64
ITOT,1,1375293,10247,109.65
ITP,1,243430,491,0.215
ITRG,1,76086,437,0.8057
ITRI,1,209661,4060,75.43
ITRM,1,298708,1458,1.59
ITRN,1,57170,979,25.59
ITT,1,1133789,21865,119.84
ITUB,1,24664360,43280,6.78
ITW,1,709686,21201,254.51
IUS,1,39180,293,44.73
IUSB,1,2035783,5536,45.44
IUSG,1,287892,2140,112.45
IUSV,1,546010,2034,85.02
IVA,1,2370,26,3.59
IVAC,1,58888,925,4.0
IVAL,1,19547,137,25.445
IVCB,1,1355,141,11.09
IVDA,1,46975,150,0.5963
IVE,1,474524,6417,175.63
IVEG,1,909,13,18.651
IVES,1,3007,76,43.9141
IVLU,1,310714,985,26.14
IVOG,1,17568,249,101.49
IVOL,1,122470,632,20.0
IVOO,1,46077,514,94.21
IVOV,1,15938,293,84.65
IVP,1,1223852,1817,0.1308
IVR,1,1127554,9050,8.39
IVRA,1,1968,16,13.3815
IVRS,1,211,11,33.1632
IVRpB,1,13068,147,23.25
IVRpC,1,14241,175,22.5773
IVT,1,254832,3456,25.32
IVV,1,4038804,44779,500.75
IVVB,1,34989,97,26.885
IVVD,1,644573,6330,5.04
IVVM,1,1453,12,27.3117
IVW,1,4968698,17095,81.27
IVZ,1,3146271,26313,15.91
IWB,1,1904807,6562,274.29
IWC,1,14345,275,113.07
IWD,1,1409554,11538,166.88
IWDL,1,2,2,32.2371
IWF,1,2242753,22981,326.16
IWFG,1,37,6,39.7749
IWFH,1,958,10,15.1701
IWFL,1,1,1,34.1772
IWIN,1,2143,7,26.0459
IWL,1,32639,339,121.72
IWLG,1,4,4,40.045
IWM,1,34992964,238134,196.15
IWML,1,205,15,17.6163
IWMY,1,170311,1723,18.31
IWN,1,810238,10274,148.56
IWO,1,343387,5576,252.05
IWP,1,1127043,9230,108.82
IWR,1,1050471,6321,78.43
IWS,1,248945,2904,115.83
IWTR,1,205,4,29.0262
IWV,1,72612,1173,285.18
IWX,1,129795,387,71.46
IWY,1,254342,2757,189.46
IX,1,19746,545,100.73
IXC,1,468954,5070,38.89
IXG,1,5076,79,79.4478
IXHL,1,13997,320,3.04
IXJ,1,133517,1568,90.1
IXN,1,142499,1462,72.82
IXP,1,14020,118,81.26
IXUS,1,1715604,4828,64.25
IYC,1,60076,612,78.13
IYE,1,943512,6989,44.19
IYF,1,97973,1240,87.42
IYG,1,11939,366,183.6816
IYH,1,42161,700,302.12
IYJ,1,34954,422,117.36
IYK,1,49322,704,194.47
IYLD,1,8417,70,19.619
IYM,1,15809,320,132.46
IYR,1,4579893,49793,87.1
IYT,1,189587,3175,273.01
IYW,1,471181,5850,132.46
IYY,1,18025,313,121.74
IYZ,1,752624,3560,22.23
IZEA,1,44637,201,1.94
IZM,1,223294,1460,9.19
IZRL,1,13742,152,19.99
J,1,691933,16336,143.17
JAAA,1,1683873,4387,50.52
JACK,1,198116,7058,77.08
JAGX,1,10788664,7014,0.0887
JAKK,1,54036,2065,32.83
JAMF,1,264140,5150,19.46
JAN,1,76837,190,0.61
JAND,1,6332,3,25.0732
JANH,1,4337,14,24.97
JANJ,1,35703,136,24.8704
JANP,1,0,0,25.7158
JANQ,1,2054,35,24.745
JANT,1,14326,96,32.0003
JANW,1,43335,215,30.8435
JANX,1,84133,678,9.2
JANZ,1,1175,14,30.9081
JAVA,1,235674,721,56.07
JAZZ,1,359463,10406,122.67
JBBB,1,73358,425,48.17
JBGS,1,1285459,15783,16.85
JBHT,1,738043,16366,213.38
JBI,1,1555932,15090,14.96
JBL,1,1179627,19547,135.93
JBLU,1,18099959,47097,5.8
JBND,1,39562,225,52.35
JBSS,1,54169,2988,99.26
JBT,1,105256,4051,101.76
JCE,1,21990,122,13.72
JCHI,1,11,5,36.7553
JCI,1,5196063,60488,55.11
JCPB,1,1117067,1645,46.43
JCPI,1,3853,35,46.31
JCSE,1,15864,72,0.682001
JCTCF,1,1007,32,5.48
JCTR,1,10,5,67.8505
JD,1,11161839,72191,22.05
JDOC,1,16,4,56.3159
JDST,1,5588272,6586,7.05
JDVI,1,45,3,24.6394
JEF,1,717345,11015,40.31
JELD,1,341426,4777,19.28
JEMA,1,44752,186,35.45
JEPI,1,3360909,33260,56.13
JEPQ,1,2274473,16616,52.3
JEPY,1,145124,1474,17.87
JEQ,1,12930,83,5.985
JETD,1,473,8,25.3892
JETS,1,4535135,13931,19.63
JETU,1,163,5,19.2476
JEWL,1,19860,133,0.4735
JFBR,1,1586,37,2.715
JFIN,1,20359,281,5.12
JFR,1,393987,1208,8.54
JFU,1,2453,58,2.68
JFWD,1,195,9,10.2865
JG,1,7471,89,3.5329
JGH,1,62402,378,12.73
JGLO,1,52678,17,54.837
JGRO,1,135932,551,67.13
JHAC,1,192,6,12.3087
JHCB,1,31706,71,21.13
JHDV,1,4,4,31.1898
JHEM,1,16230,52,25.0652
JHG,1,1014403,13529,30.57
JHI,1,4911,41,13.25
JHID,1,228,6,27.8483
JHMB,1,8066,103,21.58
JHMD,1,115274,224,32.22
JHML,1,45125,179,60.92
JHMM,1,223406,1122,52.89
JHMU,1,43,5,26.9051
JHPI,1,9340,35,22.0082
JHS,1,10895,102,11.1
JHSC,1,91231,331,36.11
JHX,1,28087,620,38.65
JIB,1,6,6,41.6686
JIG,1,5698,48,59.6907
JILL,1,33258,1189,25.11
JIRE,1,102208,477,58.62
JIVE,1,7,4,50.27
JJSF,1,202415,5753,146.02
JKHY,1,618871,20221,174.05
JKS,1,730115,8803,25.4
JL,1,94667,1666,14.57
JLL,1,320861,7755,179.42
JLS,1,27725,200,16.81
JMBS,1,472327,2198,45.12
JMEE,1,58966,708,53.8
JMHI,1,6291,47,49.3698
JMIA,1,987100,5113,3.2
JMM,1,11831,63,6.03
JMOM,1,22852,175,49.25
JMSB,1,12216,206,17.26
JMSI,1,18860,162,50.31
JMST,1,293300,846,50.7
JMUB,1,190608,915,50.69
JNJ,1,9221154,119327,156.4
JNK,1,5003159,22948,94.54
JNPR,1,2002106,17279,36.95
JNUG,1,1017284,7135,25.4
JNVR,1,25549,111,1.25
JOAN,1,59812,355,0.5201
JOB,1,228547,824,0.4275
JOBY,1,3807381,24911,5.78
JOBY.WS,1,18634,36,0.976
JOE,1,216978,4258,54.81
JOET,1,17720,128,32.2993
JOF,1,14214,61,7.68
JOJO,1,121,12,14.73
JOUT,1,41154,1482,45.6
JPAN,1,465,5,27.2999
JPC,1,1397703,4403,7.08
JPEF,1,16704,168,56.32
JPEM,1,90506,407,52.93
JPI,1,32110,172,18.64
JPIB,1,37932,157,47.43
JPIE,1,94890,599,45.55
JPIN,1,25298,202,53.39
JPLD,1,22232,127,50.7099
JPM,1,5857963,87419,174.8
JPMB,1,2837,66,38.93
JPME,1,7916,149,91.332
JPMO,1,10146,127,20.1926
JPMpC,1,72481,600,25.15
JPMpD,1,92250,590,24.82
JPMpJ,1,40211,414,22.63
JPMpK,1,96007,461,21.15
JPMpL,1,121832,711,21.48
JPMpM,1,192521,661,19.82
JPRE,1,6627,60,43.3861
JPSE,1,33132,209,42.51
JPST,1,3234564,5874,50.31
JPSV,1,410,10,52.6445
JPUS,1,4961,75,103.6735
JPXN,1,8047,151,69.7779
JQC,1,746606,1645,5.37
JQUA,1,464009,1789,50.71
JRE,1,2279,25,21.8442
JRI,1,40570,215,11.5
JRNY,1,267,8,24.8168
JRS,1,80024,312,7.52
JRSH,1,12860,88,3.11
JRVR,1,398637,5128,9.0
JSCP,1,42823,222,46.3568
JSI,1,137185,81,51.36
JSM,1,2947,56,21.0
JSMD,1,5851,77,65.89
JSML,1,15639,130,57.7
JSPR,1,139924,1693,17.36
JSPRW,1,45126,33,0.203
JSTC,1,36543,150,17.1
JT,1,49181,281,0.72525
JTAI,1,189382,977,0.7603
JTAIW,1,6004,14,0.0335
JTAIZ,1,212,3,0.68
JTEK,1,36757,353,65.18
JUCY,1,313366,102,23.57
JULD,1,130,3,25.265
JULH,1,4924,14,25.185
JULJ,1,136,3,25.11
JULQ,1,1310,7,25.03
JULT,1,12321,61,34.728
JULW,1,28599,92,31.9702
JULZ,1,80,1,37.5284
JUNT,1,7367,30,28.6371
JUNW,1,2363,11,27.485
JUNZ,1,0,0,27.1745
JUST,1,5579,115,71.2639
JVA,1,9925,107,1.06
JVAL,1,41502,453,39.12
JVSAU,1,7140,23,10.18
JWEL,1,2989,30,2.09
JWN,1,2579839,26138,19.08
JWSM,1,9431,15,10.915
JWSM.WS,1,74302,51,0.07
JXI,1,18261,131,54.5877
JXJT,1,4491,46,1.1803
JXN,1,649962,12231,51.97
JXNpA,1,22480,237,26.49
JYD,1,31653,148,0.890101
JYNT,1,34370,819,9.8
JZ,1,23536,155,0.7
JZXN,1,28863,177,0.75
K,1,6505243,64638,54.94
KA,1,10976,126,2.42
KAI,1,73255,3062,300.06
KALA,1,3865,107,6.94
KALL,1,531,22,17.0303
KALU,1,63033,2559,64.85
KALV,1,440214,7761,14.9
KAMN,1,168809,3378,45.29
KAPR,1,3752,37,28.78
KAR,1,620315,7288,14.36
KARB,1,513,7,27.25
KARO,1,8375,167,24.3
KARS,1,32971,224,21.47
KAVL,1,29092,2517,2.7
KB,1,272351,4138,50.54
KBA,1,487478,566,20.0
KBE,1,1435370,15855,43.15
KBH,1,835854,15412,60.66
KBND,1,1,1,30.985
KBR,1,811624,14371,53.65
KBUF,1,1615,7,24.7449
KBUY,1,0,0,13.9064
KBWB,1,1966371,9973,48.02
KBWD,1,97353,1186,14.68
KBWP,1,20904,437,98.03
KBWR,1,6928,62,48.41
KBWY,1,82747,748,17.86
KC,1,490209,4972,2.63
KCAL,1,200,1,21.1504
KCCA,1,6692,92,31.05
KCE,1,11965,211,101.431
KCGI.WS,1,3272,11,0.056
KD,1,2894569,26902,21.35
KDIV,1,1,1,25.895
KDP,1,6552907,40048,31.49
KDRN,1,0,0,22.7701
KE,1,159992,4568,20.75
KELYA,1,144695,2434,21.29
KELYB,1,200,7,20.85
KEM,1,9,9,23.7897
KEMQ,1,901,17,13.7253
KEMX,1,2636,46,28.3103
KEN,1,4574,183,23.68
KEP,1,67285,516,7.68
KEQU,1,1885,72,28.7062
KERN,1,1415914,35177,0.3136
KERNW,1,130276,129,0.016554
KEUA,1,30654,276,20.645
KEX,1,354180,8288,84.5
KEY,1,11457781,46493,13.87
KEYS,1,919107,21415,161.18
KEYpI,1,84439,1118,22.13
KEYpJ,1,61986,719,20.07
KEYpK,1,68429,752,20.97
KEYpL,1,55419,722,21.41
KF,1,4055,48,22.63
KFFB,1,3100,25,3.9
KFRC,1,151222,4900,68.12
KFS,1,9597,101,8.85
KFVG,1,2064,23,12.8097
KFY,1,252995,5724,59.0
KGC,1,8268751,19891,5.32
KGEI,1,1769,18,3.05
KGRN,1,5643,128,19.1423
KGRO,1,521,5,11.6149
KGS,1,384215,4225,23.99
KHC,1,10634864,71471,36.47
KHYB,1,7567,27,24.495
KIDS,1,106709,2280,28.36
KIE,1,1212064,8747,47.41
KIM,1,7269166,45603,20.02
KIMpL,1,10613,183,23.26
KIMpM,1,9293,116,23.47
KIMpN,1,1274,28,57.0
KIND,1,731492,4366,1.67
KINS,1,18326,161,3.37
KIO,1,99407,451,12.89
KIQ,1,60792,190,0.1515
KIRK,1,119255,962,2.8
KITT,1,326066,619,0.347
KJAN,1,124794,395,33.97
KJUL,1,8409,62,26.774
KKR,1,6705220,68900,96.55
KKRS,1,15644,126,19.73
KLAC,1,726786,24954,618.49
KLDW,1,2214,11,42.2176
KLG,1,1195177,12942,12.45
KLIC,1,472375,10239,47.55
KLIP,1,60285,1166,14.65
KLNE,1,2911,80,7.22
KLTR,1,64351,345,1.62
KLXE,1,91925,1436,8.95
KLXY,1,785,8,25.8387
KMB,1,1939111,32382,120.27
KMDA,1,18853,138,5.98
KMET,1,205,16,12.43
KMI,1,16880022,44797,16.63
KMLM,1,38331,338,29.07
KMPB,1,24130,264,22.09
KMPR,1,432041,9676,58.08
KMT,1,859180,11789,23.79
KMX,1,1445803,23300,73.3
KN,1,1201779,15581,15.91
KNCT,1,1534,22,92.3026
KNDI,1,72387,595,2.71
KNF,1,293106,6861,68.14
KNG,1,415605,2299,51.23
KNGS,1,611,19,27.0712
KNGZ,1,3227,31,29.51
KNOP,1,45529,444,5.75
KNSA,1,259150,5109,19.02
KNSL,1,136496,5775,409.42
KNTE,1,32948,449,2.31
KNTK,1,289443,4295,32.57
KNW,1,61907,181,0.48
KNX,1,1979711,28064,59.93
KO,1,12228211,129024,59.83
KOCG,1,5,2,24.345
KOCT,1,3990,37,27.37
KOD,1,939575,8140,5.27
KODK,1,515785,3291,3.48
KOF,1,84305,2738,97.72
KOIN,1,543,17,30.5812
KOKU,1,151,5,88.2566
KOLD,1,780085,14558,133.44
KOMP,1,83454,570,44.88
KONG,1,1388,6,26.2396
KOP,1,77745,2267,50.95
KOPN,1,3270313,16307,2.22
KORE,1,163136,1096,0.9
KORP,1,35238,319,46.075
KORU,1,361139,1885,8.18
KOS,1,3595738,16517,5.77
KOSS,1,7202,164,2.75
KPLT,1,4281,184,12.78
KPLTW,1,12254,10,0.0094
KPOP,1,58,14,16.8521
KPRO,1,1225,4,24.785
KPRX,1,979795,2206,0.6666
KPTI,1,2586292,7224,1.51
KR,1,6055391,47070,45.44
KRBN,1,89386,1344,30.71
KRC,1,958105,13394,34.97
KRE,1,12579810,86499,47.04
KREF,1,2463913,17135,9.7
KREFpA,1,56868,595,18.18
KRG,1,1753037,14904,21.64
KRKR,1,2803,23,0.49595
KRMA,1,2606,46,34.54
KRMD,1,61286,1017,2.11
KRNL,1,117,4,10.74
KRNT,1,129108,2812,17.65
KRNY,1,1130449,10580,6.44
KRO,1,107801,2297,8.85
KRON,1,177077,699,1.07
KROP,1,1342,17,10.43
KROS,1,319527,6922,51.3
KRP,1,341576,2912,15.27
KRRO,1,5834,799,58.72
KRT,1,86423,1426,25.98
KRTX,1,502263,8820,316.12
KRUS,1,72237,2075,102.62
KRUZ,1,5019,146,28.1799
KRYS,1,268220,7833,111.03
KSA,1,750148,8361,43.11
KSCP,1,635231,1630,0.5229
KSEA,1,32,3,25.3002
KSET,1,2798,18,1.1446
KSM,1,32510,129,8.79
KSPI,1,194724,3002,87.64
KSS,1,4217996,38313,26.92
KSTR,1,3956,36,10.6651
KT,1,636425,5572,13.96
KTB,1,536372,10095,61.82
KTCC,1,23665,149,4.67
KTEC,1,16642,114,9.64
KTF,1,121819,587,9.02
KTH,1,8781,69,28.4294
KTN,1,2807,31,26.67
KTOS,1,651847,8104,17.74
KTRA,1,2775339,3346,0.122
KTTA,1,4475,83,5.82
KUKE,1,11162,110,1.72
KULR,1,5695291,6283,0.1178
KURA,1,1401528,10512,20.33
KURE,1,3427,42,14.85
KVAC,1,385224,153,10.37
KVACU,1,100,1,10.42
KVHI,1,57172,801,4.91
KVLE,1,2417,42,22.6607
KVUE,1,44018673,166958,19.33
KVYO,1,861015,11676,28.2
KW,1,885203,9763,9.82
KWE,1,93856,390,1.4
KWEB,1,28241786,66608,23.96
KWR,1,94753,3757,190.46
KWT,1,1262,18,33.0709
KXI,1,32120,547,59.8428
KXIN,1,3100046,3292,0.254
KYCH,1,81127,28,10.94
KYCHR,1,7528,4,0.135
KYMR,1,572132,9809,33.98
KYN,1,409864,1179,8.66
KYTX,1,6020904,31257,30.0
KZIA,1,199575,417,0.2843
KZR,1,519504,1711,0.9473
L,1,1039067,17135,72.02
LAAC,1,1196908,8301,4.12
LAB,1,639437,5997,2.36
LABD,1,10805983,25989,9.47
LABP,1,1931,60,5.18
LABU,1,2847702,31984,117.15
LAC,1,1634032,8868,4.12
LAD,1,211196,8066,292.92
LADR,1,1207809,7919,10.67
LAES,1,5076908,15687,2.79
LAKE,1,7175,316,17.79
LALT,1,3455,21,20.2295
LAMR,1,346856,8254,105.67
LANC,1,102232,4981,188.16
LAND,1,199285,2909,13.51
LANDM,1,3916,53,23.695
LANDO,1,8865,90,20.55
LANDP,1,23934,92,19.57
LANV,1,852,21,2.0697
LARK,1,3914,76,19.87
LASE,1,52579,201,1.04
LASR,1,100206,2258,13.47
LAUR,1,651553,5550,13.02
LAW,1,227037,3133,7.93
LAZ,1,842590,10882,39.05
LAZR,1,4107765,18032,2.9
LBAI,1,233419,5160,11.81
LBAY,1,11916,37,25.313
LBBB,1,46565,74,11.13
LBBBR,1,5596,53,0.1501
LBC,1,14989,205,9.29
LBO,1,19,1,27.6728
LBPH,1,555959,8698,19.32
LBRDA,1,182577,4161,59.84
LBRDK,1,1646002,22676,59.88
LBRDP,1,14234,129,22.2468
LBRT,1,2039268,21543,19.31
LBTYA,1,1433712,11528,19.06
LBTYB,1,1197,16,20.1
LBTYK,1,1499118,14625,20.15
LC,1,1121759,8447,8.59
LCAA,1,12473,194,9.09
LCAAW,1,4548,19,0.65
LCF,1,1729,15,31.58
LCFY,1,5161,34,6.41
LCG,1,37304,130,30.2876
LCID,1,21997801,55561,3.51
LCII,1,145447,4659,112.77
LCLG,1,145,5,42.3244
LCNB,1,26736,536,14.01
LCR,1,11682,32,32.6967
LCTD,1,11950,154,43.4154
LCTU,1,26454,148,54.82
LCTX,1,538083,1909,1.08
LCUT,1,30328,552,8.58
LCW,1,408,6,10.92
LCW.U,1,2200,37,10.98
LDEM,1,1187,24,42.4953
LDI,1,210744,1237,2.56
LDOS,1,747542,15846,113.27
LDP,1,127536,537,19.24
LDSF,1,25698,97,18.79
LDTC,1,17153,176,3.71
LDTCW,1,6517,23,0.1
LDUR,1,34717,268,94.81
LDWY,1,10716,108,4.29
LE,1,43736,1011,8.75
LEA,1,502255,12681,133.31
LEAD,1,838,87,62.9029
LECO,1,219443,7261,230.1
LEDS,1,13523,77,1.27
LEE,1,75963,777,9.78
LEG,1,1412804,16934,23.28
LEGH,1,85937,967,25.26
LEGN,1,383378,6858,58.72
LEGR,1,23796,287,40.41
LEGT.U,1,579893,241,10.06
LEJU,1,62011,333,1.26
LEMB,1,76860,166,35.86
LEN,1,1284426,25955,153.29
LEN.B,1,35086,1675,142.21
LEO,1,130619,411,5.98
LESL,1,3932939,28555,7.66
LEU,1,229402,5441,46.54
LEV,1,152892,544,1.75
LEV.WS,1,29495,12,0.044
LEV.WS.A,1,4000,4,0.34
LEVI,1,2702468,25688,17.83
LEXI,1,35,1,27.0514
LEXX,1,138118,674,1.9
LEXXW,1,1213,13,0.8046
LFCR,1,293399,3396,8.32
LFEQ,1,5081,31,42.06
LFLY,1,14641,194,3.6
LFLYW,1,836,4,0.035
LFMD,1,279677,3705,5.79
LFMDP,1,506640,131,18.85
LFST,1,992620,9100,6.47
LFT,1,65555,384,2.24
LFTpA,1,4811,62,19.68
LFUS,1,54416,3443,241.91
LFVN,1,42630,630,6.2
LFWD,1,134505,386,0.9151
LGCB,1,44068,247,1.95
LGF.A,1,869772,10350,10.8
LGF.B,1,936415,9915,10.1
LGH,1,29052,149,43.56
LGHL,1,30993,147,1.0
LGHLW,1,69143,49,0.0047
LGHT,1,524,6,10.2124
LGI,1,26091,202,15.67
LGIH,1,145086,5263,118.96
LGL,1,1880,52,6.44
LGL.WS,1,6500,19,0.3
LGLV,1,9405,206,147.8574
LGLZ,1,59,7,24.4507
LGMK,1,21751,167,0.9976
LGND,1,173726,2662,75.41
LGO,1,25420,208,1.86
LGOV,1,271259,654,21.43
LGRO,1,2813,24,29.3612
LGST,1,7723,126,4.53
LGVC,1,731,19,10.85
LGVN,1,150004,556,0.5156
LH,1,592196,12809,222.8
LHX,1,895401,19624,209.3
LI,1,4437258,39618,30.5
LIAN,1,13978,186,4.09
LIBYU,1,1404,29,11.5
LICN,1,91798,318,1.21
LICY,1,1711897,6487,0.3988
LIDR,1,119113,668,1.3
LIDRW,1,21128,12,0.0069
LIFE,1,1524984,3480,1.97
LIFW,1,230661,946,0.77
LIFWW,1,70157,21,0.0032
LIFWZ,1,15000,36,0.02
LII,1,273704,10038,448.35
LILA,1,218831,3152,6.78
LILAK,1,1022914,10540,6.86
LILM,1,2396215,5360,0.9306
LILMW,1,21403,46,0.096
LIN,1,1471647,35807,414.0
LINC,1,117915,1272,10.11
LIND,1,213506,3239,9.31
LINK,1,4763,84,11.67
LIPO,1,10976,61,1.0
LIQT,1,990,41,3.24
LIT,1,456228,6181,41.69
LITB,1,38337,144,1.02
LITE,1,11259744,104034,45.585
LITM,1,126184,297,0.88
LITP,1,9564,55,9.02
LIVE,1,2398,63,24.1
LIVN,1,459848,5160,50.71
LIXT,1,13237,46,2.06
LIXTW,1,4500,1,0.05505
LJAN,1,1968,18,24.67
LKCO,1,330160,683,0.6498
LKFN,1,99291,2811,65.05
LKOR,1,2688,37,43.3264
LKQ,1,1161542,18185,47.54
LL,1,155634,1108,2.3
LLAP,1,2140911,4808,0.8567
LLY,1,4555268,112061,735.68
LLYVA,1,181569,2668,36.13
LLYVK,1,234057,4198,36.78
LMAT,1,129481,3477,61.2
LMB,1,80248,1704,42.9
LMBS,1,490091,1411,48.2
LMFA,1,398245,533,0.4301
LMND,1,1087511,12421,16.06
LMND.WS,1,19162,5,0.016
LMNR,1,21334,639,17.77
LMT,1,956620,33661,427.0
LNC,1,3085398,30669,26.41
LNCpD,1,29987,320,28.4
LND,1,89020,718,4.95
LNG,1,1931483,30788,159.02
LNGG,1,1022,4,23.4239
LNGZ,1,22,1,24.4237
LNKB,1,132596,1295,6.81
LNN,1,107617,2492,128.68
LNSR,1,74011,480,4.76
LNT,1,1440048,20427,47.48
LNTH,1,607408,13759,55.56
LNW,1,355088,8037,85.45
LNZA,1,254774,3084,3.22
LNZAW,1,3792,15,0.312501
LOAN,1,17936,128,4.66
LOB,1,164869,3921,37.62
LOCL,1,6323,105,2.34
LOCO,1,127187,2702,9.15
LOCT,1,518,8,24.09
LODE,1,392115,665,0.4691
LOGI,1,313074,6095,84.6
LOMA,1,342214,3560,6.22
LONZ,1,10503,94,50.285
LOOP,1,18135,145,3.26
LOPE,1,147950,6887,132.06
LOPP,1,35,3,24.6493
LOUP,1,48660,206,46.14
LOVE,1,136107,2719,23.78
LOW,1,1880524,42067,220.39
LOWV,1,3582,27,62.15
LPCN,1,8783,92,4.01
LPG,1,763727,12042,36.03
LPL,1,284113,1658,4.37
LPLA,1,346351,9742,243.81
LPRO,1,209218,3344,7.37
LPSN,1,776865,5303,2.67
LPTH,1,40645,175,1.55
LPTV,1,105598,423,0.64
LPTX,1,146392,1259,3.445
LPX,1,765918,16248,69.12
LQAI,1,881,28,28.8182
LQD,1,25595944,73388,108.3
LQDA,1,879471,9928,14.68
LQDB,1,2575,77,85.291
LQDH,1,12966,160,93.23
LQDI,1,9182,72,25.75
LQDT,1,432945,6345,15.46
LQDW,1,53482,430,29.26
LQIG,1,2212,33,95.4511
LQR,1,1152445,5458,3.19
LRCX,1,853425,30954,864.36
LRE,1,1804,60,5.14
LRFC,1,6090,66,22.33
LRGC,1,9380,9,57.1602
LRGE,1,13464,95,64.9
LRGF,1,68700,510,50.63
LRHC,1,830,17,1.63
LRMR,1,284647,1450,6.28
LRN,1,607322,12544,60.12
LRND,1,62,4,30.1731
LRNZ,1,28611,390,40.13
LSAF,1,6230,48,35.7573
LSAK,1,52919,214,3.9035
LSAT,1,14223,93,34.95
LSBK,1,1744,21,11.8
LSCC,1,3905119,50639,68.05
LSDI,1,118843,283,0.2525
LSEA,1,182891,3272,12.08
LSEAW,1,8275,27,0.281
LSEQ,1,1,1,25.4955
LSF,1,20675,84,0.81
LSGR,1,837,23,30.7645
LSPD,1,9051929,90949,14.8
LSST,1,13498,9,23.93
LSTA,1,5612,74,2.61
LSTR,1,318081,10806,190.51
LSXMA,1,801049,10642,30.39
LSXMK,1,1878275,19725,30.23
LTBR,1,35616,333,2.89
LTC,1,270280,4594,30.64
LTH,1,419887,6813,13.67
LTL,1,1183,19,59.43
LTPZ,1,94466,795,54.93
LTRN,1,12132,147,4.15
LTRX,1,423991,4606,5.81
LTRY,1,123852,567,2.03
LTRYW,1,322,3,0.0135
LU,1,3299710,12789,2.31
LUCD,1,87757,610,1.27
LUCY,1,87590,230,0.4184
LULU,1,1507059,39573,472.98
LUMN,1,14462151,27605,1.5
LUMO,1,10655,99,3.03
LUNA,1,80789,1057,7.5
LUNG,1,423271,3683,14.32
LUNR,1,2098096,11403,3.78
LUNRW,1,17465,39,0.422
LUV,1,10879961,80755,32.33
LUX,1,952,19,24.5426
LUXH,1,599068,4301,2.92
LUXHP,1,956,28,21.1
LUXX,1,929,28,25.3869
LVHD,1,174964,535,34.74
LVHI,1,137177,683,27.74
LVLU,1,6620,92,2.04
LVO,1,675050,2040,1.49
LVOL,1,69,1,49.8205
LVRO,1,8822,83,8.2422
LVS,1,6120689,64345,53.61
LVTX,1,95925,530,1.68
LVWR,1,22296,393,10.82
LVWR.WS,1,84409,82,0.2449
LW,1,1250546,20949,100.88
LWAY,1,64295,1503,11.76
LWLG,1,381482,2921,4.63
LX,1,840233,2977,1.72
LXEH,1,98691,515,4.41
LXEO,1,37036,949,16.83
LXFR,1,115351,2023,7.81
LXP,1,2297885,11016,9.03
LXPpC,1,3851,51,46.15
LXRX,1,2931481,8478,2.3
LXU,1,439024,4636,7.65
LYB,1,1688929,23365,94.98
LYEL,1,1151512,6587,1.71
LYFT,1,9890864,55745,12.78
LYG,1,9592313,12138,2.05
LYRA,1,257213,1638,4.81
LYT,1,6582043,5000,0.0839
LYTS,1,71317,1745,13.79
LYV,1,1910084,23962,88.0
LZ,1,1112120,11400,10.41
LZB,1,396087,6478,37.65
LZM,1,27029,446,5.88
LZM.WS,1,1000,5,0.4209
M,1,5786539,36831,19.24
MA,1,1882575,48053,458.26
MAA,1,1421383,22942,124.48
MAApI,1,1620,31,56.22
MAC,1,2998521,22673,17.13
MACK,1,83998,730,13.62
MAG,1,425463,4445,8.82
MAGA,1,1263,32,42.0742
MAGG,1,0,0,20.425
MAGS,1,190640,1603,37.0
MAIA,1,102365,248,1.43
MAIN,1,307744,6162,44.57
MAKX,1,12,2,36.4737
MAMA,1,216280,2169,4.41
MAMB,1,4902,29,22.0
MAN,1,238374,6909,72.93
MANH,1,370299,10558,247.02
MANU,1,3655774,18464,21.7
MAPP,1,2000,4,20.7439
MAPS,1,475317,1353,0.9398
MAPSW,1,5259,13,0.0401
MAR,1,1025176,27124,249.58
MARA,1,106819242,498065,21.58
MARB,1,18695,122,19.74
MARK,1,5085266,9892,0.55
MARPS,1,5612,61,4.53
MART,1,297,1,29.7449
MARW,1,679,10,28.2149
MARX,1,5901,22,10.65
MARZ,1,786,16,28.9232
MAS,1,5900144,75167,73.32
MASI,1,493003,13247,136.67
MASS,1,92405,1735,7.14
MAT,1,7500232,62512,18.87
MATH,1,12763,86,1.26
MATV,1,373251,5587,11.77
MATW,1,162927,3294,28.78
MATX,1,202306,6914,118.58
MAV,1,35257,209,8.09
MAX,1,227560,2842,13.75
MAXI,1,17986,223,20.38
MAXN,1,1303563,12445,4.81
MAYT,1,1192,8,28.8665
MAYW,1,2464,17,27.5801
MAYZ,1,0,0,27.0459
MBB,1,2066166,13429,92.24
MBBB,1,246,10,21.1416
MBC,1,1196212,15065,14.72
MBCC,1,7001,62,31.343
MBCN,1,6296,184,24.2
MBI,1,367033,5358,6.06
MBIN,1,72210,2563,39.24
MBINM,1,12251,102,25.4
MBINN,1,4429,72,21.69
MBINO,1,5262,43,24.1997
MBINP,1,7217,35,24.79
MBIO,1,36392,166,1.28
MBLY,1,1685466,20069,26.44
MBND,1,8044,11,27.375
MBNE,1,160,15,29.715
MBNKP,1,7574,49,24.9512
MBOT,1,61616,344,1.23
MBOX,1,97,10,29.5413
MBRX,1,135074,392,0.493
MBSD,1,5289,46,20.36
MBTC,1,951,14,11.3
MBUU,1,149523,3370,46.61
MBWM,1,75011,2216,37.17
MC,1,1118258,16387,55.22
MCAA,1,10015,4,11.37
MCACR,1,200,2,0.1463
MCACW,1,216555,34,0.0111
MCAF,1,986,61,13.1
MCAFR,1,3013,6,0.2
MCAFU,1,708,21,15.8
MCAGR,1,1475,5,0.1022
MCB,1,119095,2823,41.95
MCBC,1,38734,444,9.95
MCBS,1,10509,275,23.2
MCD,1,4398780,85052,291.93
MCFT,1,131203,2429,21.13
MCH,1,8881,47,17.45
MCHI,1,5766119,23100,37.29
MCHP,1,6086039,70353,84.35
MCHS,1,10,2,23.6335
MCHX,1,23479,178,1.35
MCI,1,37259,210,18.5
MCK,1,2280347,49758,494.23
MCN,1,16708,101,7.1
MCO,1,706967,21554,398.0
MCR,1,121790,167,6.43
MCRB,1,2809317,6256,1.035
MCRI,1,103586,2723,70.8
MCS,1,586293,6906,14.03
MCSE,1,0,0,14.9961
MCVT,1,2957,56,2.31
MCW,1,1122842,10007,8.98
MCY,1,200306,4098,40.01
MD,1,632275,7979,8.99
MDAI,1,730587,3059,2.19
MDAIW,1,22390,57,0.2299
MDB,1,1264875,39027,475.12
MDBH,1,7560,83,10.96
MDC,1,1419443,9423,62.4
MDCP,1,7,3,27.1404
MDEV,1,5456,17,20.5353
MDGL,1,1389447,26626,171.37
MDGS,1,2292,44,2.94
MDIA,1,3171,35,0.5088
MDIV,1,64817,298,15.42
MDJH,1,25784,140,1.24
MDLV,1,255,10,24.2806
MDLZ,1,4793782,58286,74.76
MDRR,1,836,21,5.4205
MDRRP,1,1081,11,24.72
MDRX,1,5646775,29089,8.5
MDT,1,5865932,68380,86.18
MDU,1,2100625,18469,19.88
MDV,1,16458,196,14.85
MDVL,1,85254,589,3.2
MDWD,1,8570,102,12.14
MDXG,1,584541,6327,7.78
MDXH,1,46853,257,3.54
MDY,1,428433,8914,509.11
MDYG,1,103232,699,78.21
MDYV,1,185263,1285,71.22
ME,1,16304722,24937,0.6301
MEAR,1,34132,154,50.06
MEC,1,25774,447,12.36
MED,1,142834,4460,54.68
MEDI,1,3733,26,25.9466
MEDP,1,273098,10794,318.43
MEDS,1,14010,191,4.16
MEDX,1,95,7,28.9
MEG,1,172321,3142,32.93
MEGI,1,125575,623,12.77
MEGL,1,1293175,2901,0.829949
MEI,1,135870,2960,20.94
MEIP,1,11027,131,4.6
MELI,1,295936,17204,1732.83
MEM,1,7922,37,27.9062
MEMS,1,2445,5,25.3214
MEMX,1,2237,12,28.0783
MEOH,1,282554,5021,45.97
MERC,1,506733,5115,8.0
MERpK,1,85322,278,25.61
MESA,1,157294,529,0.946
MESO,1,51882,378,1.8
MET,1,3265016,42797,66.75
META,1,17871789,292476,470.0
METC,1,709494,11890,16.61
METCB,1,27499,305,11.27
METCL,1,835,10,25.54
METV,1,366778,2531,12.14
METpA,1,55986,462,24.07
METpE,1,85614,422,24.66
METpF,1,156360,870,21.76
MEXX,1,14341,199,33.44
MFA,1,811037,7293,10.73
MFAN,1,20266,128,24.94
MFApB,1,5563,75,21.0
MFApC,1,23444,124,21.3
MFC,1,4195478,13847,22.47
MFD,1,9075,75,7.45
MFDX,1,15137,68,28.8296
MFEM,1,4300,34,19.03
MFG,1,1018713,4104,3.6
MFH,1,7475,127,3.12
MFIC,1,95631,1544,13.68
MFICL,1,5543,30,25.34
MFIN,1,40215,943,10.06
MFLX,1,4860,24,17.0
MFM,1,103487,463,5.25
MFUL,1,10728,18,20.93
MFUS,1,11125,67,43.9981
MFV,1,16348,71,4.13
MG,1,36270,555,7.87
MGA,1,1605738,19744,58.68
MGAM,1,339746,367,0.2518
MGC,1,59799,1080,179.08
MGEE,1,136075,3762,64.59
MGF,1,13386,31,3.2
MGIC,1,30122,544,10.57
MGIH,1,29245,67,1.07
MGK,1,525459,5514,279.88
MGLD,1,2556,41,0.7807
MGM,1,5483216,57749,46.43
MGMT,1,7557,47,35.68
MGNI,1,875326,10485,9.32
MGNR,1,7773,19,24.3317
MGNX,1,1986322,18506,18.3
MGOL,1,108682,293,0.3783
MGOV,1,10389,28,20.22
MGPI,1,128398,3985,85.57
MGR,1,36657,414,24.25
MGRB,1,10047,202,19.3301
MGRC,1,481847,9036,129.74
MGRD,1,3888,79,17.45
MGRM,1,28486,235,3.18
MGRX,1,2368588,3508,0.3993
MGTX,1,113119,1391,6.29
MGV,1,350989,1406,112.31
MGY,1,2712912,25483,20.48
MGYR,1,3753,40,11.5001
MHD,1,101532,492,11.91
MHF,1,23201,71,6.58
MHH,1,16465,70,8.51
MHI,1,60803,271,8.76
MHK,1,1021621,20310,109.61
MHLD,1,84674,416,1.75
MHN,1,78321,284,10.61
MHNC,1,1213,52,18.46
MHO,1,185079,7198,122.36
MHUA,1,315946,592,0.951
MI,1,172076,384,0.17
MICS,1,6881,152,0.6898
MID,1,3344,20,53.1531
MIDD,1,220603,6556,145.35
MIDE,1,946,9,27.7394
MIDU,1,39732,469,43.83
MIG,1,1373,6,21.13
MIGI,1,961748,3431,2.66
MILN,1,9330,122,36.95
MIMO,1,1519977,1492,0.1481
MIN,1,157636,247,2.75
MIND,1,660,25,5.8506
MINDP,1,1345,26,7.7001
MINM,1,162782,1644,4.32
MINN,1,2308,8,22.28
MINO,1,8741,73,45.4
MINT,1,721253,2038,100.13
MINV,1,6197,29,23.8972
MIO,1,40797,292,11.0
MIR,1,1173186,8699,9.79
MIR.WS,1,3328,15,1.63
MIRA,1,140168,411,0.9955
MIRM,1,408439,6991,27.02
MISL,1,20407,93,25.37
MIST,1,38561,166,1.64
MITA,1,504,14,10.75
MITK,1,282884,4496,12.45
MITN,1,20928,169,25.03
MITQ,1,30078,102,0.8199
MITT,1,177877,1959,6.04
MITTpA,1,2226,16,19.7145
MITTpB,1,5667,32,19.17
MITTpC,1,13247,113,23.33
MIXT,1,184099,1595,9.59
MIY,1,18846,83,11.4
MJ,1,2277553,4943,3.78
MJUS,1,66731,236,2.3
MKAM,1,0,0,27.1295
MKC,1,1919739,19872,65.82
MKC.V,1,278,15,65.675
MKFG,1,331597,1245,0.61
MKFG.WS,1,651,2,0.062399
MKL,1,63166,8428,1408.45
MKOR,1,2450,15,24.935
MKSI,1,1107167,18367,114.11
MKTW,1,63944,420,2.27
MKTX,1,381048,12343,224.19
ML,1,101596,2760,48.95
ML.WS,1,27076,38,0.101
MLAB,1,53695,2240,93.39
MLCO,1,2470573,20041,8.77
MLEC,1,8688,90,1.87
MLECW,1,401,2,0.0549
MLGO,1,129634209,245058,1.04
MLI,1,746484,13013,49.4
MLKN,1,533228,10941,27.3
MLM,1,345901,12108,525.41
MLN,1,424813,694,17.92
MLNK,1,676063,9030,18.6
MLP,1,14664,423,19.39
MLPA,1,227132,1142,44.89
MLPB,1,2084,15,21.832
MLPR,1,2081,28,51.2053
MLPX,1,56663,488,43.39
MLR,1,51216,1242,42.59
MLSS,1,38718,164,0.6224
MLTX,1,305615,4747,61.25
MLYS,1,1398250,8954,14.03
MMAT,1,276923,3350,2.82
MMC,1,1175710,25849,196.8
MMCA,1,14501,40,21.7065
MMD,1,48269,231,16.53
MMI,1,107354,3312,37.73
MMIN,1,37185,92,24.31
MMIT,1,85561,189,24.4
MMLG,1,11994,56,26.2062
MMLP,1,24140,158,2.2
MMM,1,3917985,66484,93.2
MMS,1,1168934,17622,78.82
MMSC,1,4227,14,18.0
MMSI,1,415099,8276,79.2
MMT,1,96133,157,4.66
MMTM,1,999,39,217.5788
MMU,1,118204,507,10.17
MMV,1,4295,55,0.9
MMYT,1,540332,7131,57.55
MNA,1,186443,178,31.38
MNBD,1,1004,7,25.7722
MNDO,1,8782,92,2.07
MNDY,1,1107306,24717,227.07
MNKD,1,889125,5462,3.43
MNMD,1,798245,6936,4.4
MNOV,1,24077,107,1.4
MNPR,1,3504,25,0.3266
MNR,1,77817,1104,17.7
MNRO,1,528476,10702,32.59
MNSB,1,9720,224,18.14
MNSBP,1,2116,14,23.26
MNSO,1,714276,11190,16.36
MNST,1,4232796,43288,56.49
MNTK,1,158034,2542,6.47
MNTL,1,112,3,25.712
MNTN,1,110252,278,10.96
MNTS,1,1003617,3380,0.9207
MNTSW,1,158847,63,0.0049
MNTX,1,27837,964,8.0
MNY,1,4941273,16876,1.4
MNYWW,1,47931,34,0.0422
MO,1,14584048,86838,40.09
MOAT,1,913279,7121,85.16
MOB,1,64880,292,1.34
MOBBW,1,12248,25,0.185
MOBX,1,59619,639,2.547
MOBXW,1,47885,138,0.23
MOD,1,908371,12965,71.59
MODD,1,58882,279,1.48
MODG,1,2413917,19723,13.45
MODL,1,14576,70,34.42
MODN,1,550189,7638,28.15
MODV,1,106436,2644,43.05
MOFG,1,17999,477,23.6
MOG.A,1,86518,3066,143.26
MOGO,1,31192,260,1.61
MOGU,1,3401,33,2.0454
MOH,1,842478,21796,381.49
MOHR,1,11037,16,21.2
MOLN,1,582,13,4.5754
MOMO,1,1815134,12136,6.12
MOND,1,157629,741,2.21
MOO,1,34540,903,71.16
MOOD,1,705,5,26.9069
MOON,1,8115,223,10.35
MOR,1,3243095,17957,17.15
MORF,1,338449,7133,38.71
MORN,1,104099,3257,276.77
MORT,1,175317,953,10.8
MOS,1,3484454,34412,30.09
MOTE,1,500,2,25.9831
MOTG,1,586,13,34.7399
MOTI,1,11552,76,29.7
MOTO,1,578,37,40.708
MOTS,1,127374,478,0.606
MOV,1,101385,2562,27.92
MOVE,1,80831,268,0.604
MP,1,1702894,17730,16.43
MPA,1,14163,66,11.99
MPAA,1,44555,1195,9.58
MPAY,1,75,39,23.3107
MPB,1,10403,260,20.45
MPC,1,1628095,32989,169.68
MPLN,1,1215255,4558,1.09
MPLX,1,2238707,11030,37.79
MPRO,1,12019,80,27.19
MPTI,1,50884,891,34.66
MPU,1,708309,2422,2.47
MPV,1,20901,78,15.37
MPW,1,13669263,26643,3.28
MPWR,1,1654642,46206,737.07
MPX,1,32049,755,10.48
MQ,1,4678658,29437,5.79
MQT,1,50421,259,10.33
MQY,1,156904,598,12.16
MRAD,1,38,6,15.3613
MRAI,1,131648,378,1.12
MRAM,1,61235,1606,8.8
MRBK,1,11206,550,9.88
MRC,1,399653,4675,10.77
MRCC,1,59308,281,7.29
MRCY,1,1300997,20497,26.23
MRDB,1,1726236,4296,0.3745
MREO,1,1040134,5424,4.02
MRGR,1,111,3,40.0237
MRIN,1,61691,260,0.4001
MRK,1,5723038,70910,126.61
MRKR,1,32249,323,4.05
MRM,1,851,44,5.99
MRNA,1,4896360,72734,93.66
MRNS,1,227640,3785,9.99
MRNY,1,70452,732,19.07
MRO,1,13114836,73964,22.7
MRSK,1,21282,33,29.7744
MRSN,1,2683871,16931,4.23
MRT,1,30801,183,0.7332
MRTN,1,224035,5162,19.45
MRUS,1,1226718,13470,40.06
MRVI,1,1558219,10829,5.46
MRVL,1,16749377,168523,71.02
MS,1,6037412,67007,85.65
MSA,1,130625,4367,173.97
MSAI,1,34341,374,2.06
MSAIW,1,16687,27,0.049
MSB,1,36475,343,18.5
MSBI,1,45001,1167,24.33
MSBIP,1,3308,88,24.3
MSC,1,1737,33,7.0
MSCI,1,509495,13693,585.5
MSD,1,80466,411,7.12
MSDL,1,42255,473,20.28
MSEX,1,163969,2371,56.03
MSFD,1,37428,135,14.2375
MSFO,1,20822,440,22.87
MSFT,1,20511468,323802,414.11
MSFU,1,91979,1102,45.44
MSFX,1,27399,217,29.03
MSFY,1,76,27,28.1507
MSGE,1,631121,11063,36.96
MSGM,1,29955,243,2.33
MSGS,1,151351,6833,191.21
MSI,1,927239,29747,328.35
MSM,1,258349,8116,98.38
MSMR,1,235,6,26.6274
MSN,1,10293,29,0.5401
MSOS,1,9027715,33616,9.8
MSOX,1,2214152,6344,6.58
MSS,1,572266,1354,1.1
MSSA,1,7214,9,11.04
MSSAR,1,300,3,0.14
MSTB,1,10526,141,30.07
MSTI,1,2,1,20.4217
MSTQ,1,14,1,29.8431
MSTR,1,2254830,65281,587.81
MSVX,1,1011,15,23.795
MSpA,1,49025,400,22.93
MSpE,1,41304,365,25.34
MSpF,1,24201,366,25.29
MSpI,1,50577,382,25.08
MSpK,1,47036,417,24.7
MSpL,1,18587,215,22.845
MSpO,1,132861,714,19.64
MSpP,1,57810,468,26.55
MT,1,3196924,29244,28.66
MTA,1,517259,2103,2.65
MTAL,1,17574,356,12.63
MTAL.WS,1,4842,4,2.28
MTB,1,1079107,23022,131.62
MTBA,1,86658,561,51.08
MTBL,1,7720,56,0.9001
MTBpH,1,14459,201,24.65
MTC,1,82495,578,1.74
MTCH,1,5067099,52937,35.03
MTD,1,213454,10658,1224.97
MTDR,1,1075712,16540,55.42
MTEK,1,50657,139,1.2199
MTEM,1,6873,88,3.51
MTEST,1,100,2,25.005
MTEX,1,1312,68,8.95
MTG,1,3292404,25851,18.93
MTGP,1,3664,29,43.445
MTH,1,431535,11740,154.55
MTLS,1,63843,378,5.53
MTN,1,237032,8978,221.76
MTNB,1,270960,832,0.205
MTR,1,1875,62,10.21
MTRN,1,50594,2239,121.56
MTRX,1,865682,10006,11.34
MTSI,1,651056,11308,82.45
MTTR,1,1262123,6836,2.34
MTUL,1,0,0,23.0797
MTUM,1,504409,4249,176.11
MTW,1,182465,2963,17.04
MTX,1,373860,3074,69.71
MTZ,1,584425,10665,69.26
MU,1,12434964,130723,84.88
MUA,1,23021,127,10.79
MUB,1,3635954,12899,107.62
MUC,1,129967,586,11.08
MUE,1,52671,273,9.95
MUFG,1,3563489,11793,9.24
MUI,1,348022,1278,11.67
MUJ,1,93989,507,11.45
MULN,1,501252,4858,6.87
MUNI,1,152606,679,52.39
MUR,1,1727217,19728,38.21
MURA,1,158687,1824,4.26
MUSA,1,748180,20157,401.39
MUSI,1,3072,53,43.3
MUSQ,1,10120,40,24.8306
MUST,1,561337,332,20.58
MUX,1,285793,3713,6.86
MVBF,1,21406,443,21.5
MVF,1,123685,442,7.03
MVIS,1,1916440,11359,2.47
MVLA,1,65557,225,0.3312
MVLAW,1,3734,19,0.0173
MVO,1,31351,296,11.86
MVPA,1,39660,402,25.56
MVPS,1,660,7,20.8792
MVRL,1,6865,74,16.5593
MVST,1,1887615,5603,0.926
MVSTW,1,16116,18,0.095
MVT,1,70703,196,10.77
MVV,1,11896,114,57.7
MWA,1,941802,9640,13.89
MWG,1,99966,76,0.3121
MX,1,251976,3470,6.72
MXC,1,1519,41,9.95
MXCT,1,505792,5212,4.85
MXE,1,5317,45,11.24
MXF,1,31788,240,18.9
MXI,1,4948,90,81.6985
MXL,1,513447,8589,18.27
MYD,1,106316,509,10.74
MYE,1,93956,1923,18.68
MYFW,1,51435,468,14.9
MYGN,1,370303,6573,22.12
MYI,1,205650,900,11.28
MYLD,1,683,11,25.2658
MYMD,1,822354,2030,0.1419
MYN,1,65522,298,10.28
MYNA,1,3485,155,5.4292
MYND,1,9287,302,4.9
MYNZ,1,254435,613,1.15
MYO,1,153429,1320,3.62
MYPS,1,157369,1870,2.17
MYPSW,1,13201,26,0.0672
MYRG,1,84277,3090,154.03
MYSZ,1,4178,55,0.44
MYTE,1,114850,251,2.75
MYY,1,7881,26,21.5528
MZZ,1,3959,39,12.62
NA,1,15766,219,1.23
NAAS,1,2602449,7014,1.9
NABL,1,319228,4613,13.54
NAC,1,444998,1758,11.0
NACP,1,12949,100,36.28
NAD,1,528731,1518,11.3
NAII,1,1700,22,6.15
NAIL,1,141852,2369,110.29
NAK,1,1264591,3744,0.2513
NAMS,1,187492,1409,19.57
NAMSW,1,4460,7,8.5
NAN,1,52324,307,10.94
NANC,1,13025,454,32.44
NANR,1,61110,186,48.0862
NAOV,1,106352,356,1.08
NAPA,1,575569,5104,8.67
NAPR,1,11610,59,45.02
NARI,1,247132,7103,57.53
NAT,1,1608433,6874,4.19
NATH,1,2442,185,65.92
NATL,1,273649,5406,22.75
NATR,1,23087,584,17.82
NAUT,1,45085,418,2.7
NAVI,1,1003735,13169,16.11
NAZ,1,14062,63,10.86
NB,1,131687,648,2.98
NBB,1,45484,319,15.94
NBBK,1,291279,2472,14.05
NBCC,1,9,3,22.8685
NBCE,1,8,1,22.5461
NBCM,1,29719,132,20.74
NBCT,1,400,3,24.0447
NBDS,1,390,7,27.9815
NBGR,1,2,2,26.3099
NBH,1,61892,438,10.33
NBHC,1,102653,2696,33.8
NBIX,1,1011055,21388,134.42
NBN,1,6649,333,53.06
NBOS,1,303233,213,25.73
NBR,1,307613,7525,80.44
NBSE,1,69199,180,0.67
NBSTW,1,5400,1,0.05
NBTB,1,182790,4404,33.59
NBTX,1,3868,76,7.51
NBXG,1,213169,901,11.76
NBY,1,2255657,2563,0.1419
NC,1,6560,424,36.24
NCA,1,23794,99,9.0
NCDL,1,84981,442,17.75
NCL,1,355455,808,0.77
NCLH,1,9315087,54428,17.5
NCMI,1,230408,3386,3.73
NCNA,1,74627,135,0.298
NCNC,1,512488,1007,0.171
NCNCW,1,3220,6,0.0059
NCNO,1,407604,7663,31.18
NCPL,1,291203,649,0.1518
NCPLW,1,9900,13,0.0174
NCRA,1,6141,34,1.1
NCSM,1,2642,39,14.99
NCTY,1,65112,433,5.98
NCV,1,255202,555,3.34
NCVpA,1,500,2,21.97
NCZ,1,440694,923,2.92
NCZpA,1,7517,27,21.1976
NDAQ,1,1314224,21242,56.76
NDIA,1,6781,34,28.4922
NDIV,1,2112,37,26.2982
NDJI,1,2473,31,21.23
NDLS,1,134770,1961,2.61
NDMO,1,204045,725,10.59
NDP,1,8940,68,28.76
NDRA,1,87987,306,1.14
NDSN,1,231589,9003,261.87
NDVG,1,116,2,28.72
NE,1,897905,14181,44.69
NE.WS,1,1641,15,25.46
NE.WS.A,1,1801,18,21.885
NEA,1,594007,1842,10.97
NEAR,1,522638,1404,50.43
NECB,1,49126,814,15.75
NEE,1,8003959,86500,56.29
NEEpN,1,27718,342,25.03
NEEpR,1,36601,502,36.02
NEGG,1,601839,2036,0.7953
NEM,1,8053199,60736,33.34
NEN,1,456,10,71.0
NEO,1,1101300,11404,14.5
NEOG,1,1361755,15801,16.26
NEON,1,20968,267,1.73
NEOV,1,68961,176,1.609
NEOVW,1,2400,26,0.25
NEP,1,945387,11644,28.08
NEPH,1,9657,85,3.55
NEPT,1,62286,327,0.4176
NERD,1,14625,99,15.91
NERV,1,231901,2150,9.52
NET,1,18045230,195226,90.31
NETD,1,9905,10,10.47
NETL,1,8508,71,23.1694
NETZ,1,788,32,60.12
NEU,1,39879,3730,588.2
NEUE,1,8753,209,6.94
NEWP,1,119331,568,1.21
NEWT,1,121845,2061,11.175
NEWTI,1,6497,60,25.21
NEWTL,1,4636,70,24.7901
NEWTZ,1,1701,53,23.9
NEXA,1,41279,294,7.0
NEXI,1,141782,1473,8.98
NEXN,1,33100,283,4.92
NEXT,1,694768,6206,4.98
NFBK,1,365003,4887,10.73
NFE,1,1150609,13306,31.99
NFG,1,1194899,17644,48.78
NFGC,1,149123,893,3.25
NFJ,1,198619,783,12.27
NFLP,1,54,26,30.1583
NFLT,1,19446,71,22.41
NFLX,1,3144431,93850,558.53
NFLY,1,79157,849,17.92
NFRA,1,56707,263,52.55
NFTY,1,32334,372,55.63
NFYS,1,1544,13,10.79
NG,1,1750392,6485,2.37
NGD,1,2509462,6641,1.24
NGE,1,16691,215,3.68
NGG,1,468803,9536,64.88
NGL,1,767300,4687,5.77
NGLpB,1,84351,117,30.6
NGLpC,1,39540,56,30.2795
NGM,1,185855,1981,1.43
NGMS,1,19434,393,28.1
NGNE,1,35526,1600,29.79
NGS,1,20596,963,14.9
NGVC,1,52027,873,14.81
NGVT,1,217023,4839,44.6
NHC,1,70650,3021,90.95
NHI,1,102427,2847,52.76
NHS,1,91632,481,8.24
NHTC,1,29573,300,6.16
NI,1,3934193,27238,25.06
NIC,1,24811,789,74.85
NICE,1,179650,6372,218.37
NICK,1,1390,41,7.12
NIE,1,58376,398,21.89
NIKL,1,697,20,12.5691
NIM,1,5034,27,9.07
NINE,1,334833,2207,2.19
NIO,1,32023296,64564,5.82
NIOBW,1,1840,6,0.4499
NISN,1,94118,493,4.24
NIU,1,173395,1304,1.69
NIpB,1,84423,263,25.37
NJAN,1,152020,479,42.92
NJR,1,688837,11177,41.15
NJUL,1,15993,182,56.6189
NKE,1,6264424,88787,103.77
NKGN,1,16713,291,1.61
NKLA,1,66282418,64180,0.7087
NKSH,1,5483,157,29.27
NKTR,1,1784637,4254,0.685
NKTX,1,564505,6669,10.96
NKX,1,49333,217,11.56
NL,1,6160,163,5.18
NLOP,1,161551,3251,23.81
NLR,1,62129,1046,75.49
NLSP,1,51912,113,0.5
NLY,1,6013157,37659,18.81
NLYpF,1,51361,392,25.56
NLYpG,1,12500,200,25.32
NLYpI,1,27597,219,25.05
NMAI,1,46492,226,12.18
NMCO,1,376084,1046,10.19
NMFC,1,172119,1935,12.63
NMFCZ,1,16749,101,25.9
NMG,1,132573,560,1.92
NMI,1,15367,52,9.37
NMIH,1,751740,7495,29.93
NML,1,182019,797,6.49
NMM,1,70770,698,28.5
NMR,1,1992175,6386,5.44
NMRA,1,171529,2894,17.45
NMRK,1,847984,8920,10.49
NMS,1,2431,9,11.181
NMT,1,7063,45,10.63
NMTC,1,44262,219,1.26
NMZ,1,320380,953,10.04
NMpG,1,2551,100,5.0
NMpH,1,633,11,3.27
NN,1,663330,5131,4.4
NNAG,1,28721,17,10.24
NNAGU,1,100,1,10.35
NNAVW,1,20156,46,1.09
NNBR,1,110020,2448,4.62
NNDM,1,1940350,6754,2.55
NNI,1,77290,2601,88.31
NNN,1,2031597,23281,39.87
NNOX,1,406036,5424,5.74
NNVC,1,14532,88,1.16
NNY,1,135041,595,8.44
NOA,1,56453,915,23.38
NOAH,1,39799,442,11.66
NOBL,1,544611,4522,95.07
NOC,1,522985,17832,451.22
NOCT,1,4685,41,46.8985
NODK,1,8774,128,13.59
NOG,1,811652,13225,32.47
NOK,1,15086658,29471,3.68
NOM,1,1936,9,10.16
NOMD,1,664836,6613,17.35
NORW,1,3658,118,23.286
NOTE,1,659570,3185,1.53
NOTE.WS,1,8543,40,0.26
NOTV,1,924155,5184,4.3
NOV,1,21569598,67871,17.27
NOVA,1,6904007,55016,11.0
NOVT,1,187848,4783,163.28
NOVV,1,183,16,11.7
NOVVR,1,26848,41,0.168
NOVZ,1,541,19,36.052
NOW,1,864570,37250,799.41
NPCE,1,52890,1146,16.91
NPCT,1,89738,345,10.5
NPFD,1,37807,243,17.21
NPK,1,40747,1222,76.5
NPO,1,55183,2340,157.14
NPV,1,34332,102,10.89
NPWR,1,225772,3466,8.11
NPWR.WS,1,1078,12,1.8
NQP,1,24112,108,11.73
NR,1,561860,4915,6.17
NRAC,1,50105,40,11.0
NRBO,1,93047,734,4.33
NRC,1,89902,1724,37.97
NRDS,1,201695,5056,15.21
NRDY,1,312336,2763,3.35
NREF,1,21669,388,14.05
NREFpA,1,1278,20,21.05
NRG,1,2801772,28660,52.35
NRGD,1,44731,1198,206.21
NRGU,1,38063,1649,445.0
NRGV,1,808063,3407,1.66
NRIM,1,13081,376,46.7
NRIX,1,337675,4140,8.62
NRK,1,212559,881,10.82
NRO,1,220810,514,3.36
NRP,1,17548,473,89.75
NRSH,1,3111,8,21.7317
NRSN,1,118969,346,1.32
NRSNW,1,10421,95,0.18
NRT,1,45867,302,4.97
NRUC,1,6867,78,24.9
NRXP,1,1617816,2077,0.464
NRXPW,1,5300,31,0.1449
NRXS,1,3561,156,2.43
NS,1,1720532,6041,22.42
NSA,1,658682,11107,37.02
NSApA,1,16906,133,23.12
NSC,1,956980,22766,254.05
NSCS,1,0,0,24.8142
NSI,1,1141,9,25.7749
NSIT,1,176430,7104,189.44
NSP,1,1427645,25345,96.35
NSPI,1,848,9,22.0625
NSPR,1,24670,147,2.76
NSS,1,40007,262,25.72
NSSC,1,402178,8317,45.63
NSTG,1,394556402,259902,0.1162
NSYS,1,2400,26,11.18
NSpA,1,6803,64,25.92
NSpB,1,13050,100,25.75
NSpC,1,47944,187,25.88
NTAP,1,1366328,26094,88.92
NTB,1,443752,3896,29.27
NTBL,1,21935,198,1.23
NTCO,1,3165838,14062,6.57
NTCT,1,422021,8143,20.8
NTES,1,1100261,20734,104.69
NTEST,1,12280,185,25.0
NTEST.H,1,2040,45,25.04
NTEST.I,1,1840,39,25.0351
NTG,1,19878,175,34.05
NTGR,1,636967,8650,13.2
NTIC,1,14598,180,13.61
NTIP,1,15414,113,2.16
NTKI,1,7,6,18.8747
NTLA,1,1188014,18236,27.47
NTNX,1,2689189,23423,58.61
NTR,1,1855366,20988,49.05
NTRA,1,684602,11566,69.65
NTRB,1,1927,20,2.51
NTRBW,1,15352,188,0.3915
NTRL,1,0,0,27.0212
NTRS,1,927215,18113,78.47
NTRSO,1,27753,222,22.43
NTSE,1,11466,75,27.4626
NTSI,1,42468,89,35.3594
NTST,1,952035,7020,17.85
NTSX,1,104730,480,40.84
NTWK,1,7611,58,2.13
NTZG,1,2,2,30.51
NU,1,23380192,46876,9.64
NUAG,1,678,16,20.77
NUBD,1,47727,172,21.919
NUDM,1,31081,327,29.06
NUDV,1,752,7,25.5143
NUE,1,965663,21502,186.29
NUEM,1,47927,551,26.73
NUGO,1,8108,91,28.28
NUGT,1,1436672,8992,26.45
NUHY,1,20971,154,21.03
NUKK,1,93039,270,0.82
NUKKW,1,19132,45,0.0471
NUKZ,1,3164,38,25.9
NULC,1,170,6,40.5519
NULG,1,46612,366,72.79
NULV,1,96011,348,36.11
NUMG,1,40392,206,43.28
NUMV,1,36524,175,31.06
NURE,1,7511,67,29.4175
NURO,1,7145,81,3.13
NUS,1,870201,13380,17.82
NUSA,1,2774,17,22.915
NUSC,1,88386,786,38.61
NUSI,1,28162,580,23.32
NUTX,1,979170,4923,0.1102
NUV,1,487232,1735,8.8
NUVB,1,388642,1796,1.7
NUVB.WS,1,800,6,0.0899
NUVL,1,711177,12840,80.58
NUW,1,44279,214,13.78
NUWE,1,183399,488,0.457
NUZE,1,46888,168,1.66
NVACR,1,1100,2,0.091
NVACW,1,11814,8,0.0513
NVAX,1,4626998,19430,3.79
NVBT,1,0,0,29.8603
NVBW,1,400,4,28.8752
NVCR,1,1003693,13841,14.85
NVCT,1,19294,712,6.89
NVD,1,592121,1475,9.9
NVDA,1,40301359,717901,696.41
NVDD,1,30746,190,15.65
NVDL,1,1115641,16836,158.17
NVDQ,1,372002,891,9.03
NVDS,1,2255743,7294,18.75
NVDU,1,241940,1775,45.89
NVDX,1,326089,4174,63.52
NVDY,1,200866,2139,25.35
NVEC,1,21641,1069,80.83
NVEE,1,46062,1787,108.31
NVEI,1,597131,7076,26.02
NVFY,1,22498,197,1.9
NVG,1,568432,1815,11.86
NVGS,1,235926,3283,15.64
NVIR,1,2,2,25.5739
NVIV,1,3389851,8987,0.5493
NVMI,1,94255,2601,149.99
NVNI,1,233340,1853,2.14
NVNO,1,65122,318,4.31
NVO,1,4544680,67534,118.39
NVOS,1,598483,1008,0.725
NVQ,1,1247,22,33.5365
NVR,1,21320,4490,7486.69
NVRI,1,355457,4024,8.24
NVRO,1,303473,4978,17.06
NVS,1,1620289,26906,101.36
NVST,1,9866521,66443,22.44
NVT,1,1815333,23313,64.29
NVTS,1,2924168,23813,6.33
NVVE,1,527973,2483,0.9349
NVVEW,1,15811,17,0.032
NVX,1,138545,849,1.59
NWBI,1,529412,6422,11.74
NWE,1,289177,7060,47.08
NWFL,1,5318,221,26.8
NWG,1,894167,3986,5.51
NWGL,1,9888,133,10.14
NWL,1,4772890,29808,8.45
NWLG,1,657,3,28.53
NWLI,1,4292,428,484.12
NWN,1,361371,7429,35.36
NWPX,1,26489,795,29.76
NWS,1,2132169,26163,27.01
NWSA,1,9671058,87947,25.84
NWTN,1,13445,169,6.45
NWTNW,1,5383,19,0.065
NX,1,86710,2245,32.36
NXC,1,11217,43,13.285
NXDT,1,91215,940,6.6
NXDTpA,1,869,10,15.3601
NXE,1,10836771,31802,7.7
NXG,1,13465,157,34.85
NXGL,1,10856,92,2.22
NXJ,1,55193,309,12.06
NXL,1,24287,90,0.3031
NXN,1,13418,60,11.83
NXP,1,67223,244,14.58
NXPI,1,2615390,42029,227.83
NXPL,1,1480,36,1.57
NXRT,1,84278,2421,30.71
NXST,1,567448,18522,160.88
NXT,1,3910213,38192,57.12
NXTC,1,17676,123,1.3
NXTE,1,1556,12,32.1424
NXTG,1,18514,152,76.5
NXTP,1,36734,248,1.08
NXU,1,343581,1291,0.965
NYAX,1,965,27,25.59
NYC,1,3938,54,7.6
NYCB,1,62580538,149830,4.19
NYCBpA,1,486633,2615,15.855
NYCBpU,1,147766,1184,24.9
NYF,1,57967,237,53.81
NYMT,1,533984,5582,7.38
NYMTL,1,9290,110,19.07
NYMTM,1,21332,164,22.53
NYMTN,1,2396,69,21.41
NYMTZ,1,6419,48,17.8
NYT,1,2472684,34785,43.74
NYXH,1,61150,524,11.78
NZAC,1,1259,23,32.3907
NZF,1,493065,1809,11.87
NZUS,1,14,5,28.22
O,1,4389577,73882,53.16
OABI,1,264989,3698,5.31
OABIW,1,10202,19,1.0
OACP,1,16154,108,22.6585
OAEM,1,2025,29,28.3165
OAIA,1,29,4,21.395
OAIB,1,593,4,25.335
OAIE,1,103,10,28.26
OAIM,1,13568,90,30.5281
OAKpA,1,8925,100,22.9499
OAKpB,1,7722,66,22.25
OALC,1,19005,61,26.217
OARK,1,114227,823,13.08
OB,1,93848,893,4.22
OBDC,1,1409407,9106,14.65
OBDE,1,25658,223,14.46
OBE,1,133208,1339,6.6
OBIL,1,20002,111,49.935
OBIO,1,104766,819,6.95
OBK,1,133472,2071,29.71
OBLG,1,278071,503,0.1725
OBND,1,176,9,25.885
OBOR,1,244,4,19.9854
OBT,1,4596,256,44.63
OC,1,707402,14122,159.49
OCAXU,1,918,1,10.84
OCC,1,3329,48,2.68
OCCI,1,90076,351,6.98
OCCIN,1,4311,12,22.65
OCCIO,1,1400,14,23.8717
OCEA,1,52861,318,0.5405
OCEAW,1,1711,9,0.024
OCEN,1,4,3,21.4659
OCFC,1,505027,7267,15.26
OCFCP,1,5126,40,24.47
OCFT,1,37424,188,2.14
OCG,1,3476,42,1.35
OCGN,1,1484164,3370,0.5201
OCIO,1,201,8,31.19
OCN,1,5938,141,28.57
OCS,1,4458,83,12.59
OCSAW,1,140,3,2.7
OCSL,1,832894,7243,19.68
OCTD,1,212,4,24.65
OCTH,1,1349,6,24.45
OCTJ,1,110,2,24.2865
OCTO,1,52357,283,0.5622
OCTQ,1,1146,6,24.16
OCTT,1,1124,11,35.0911
OCTW,1,1605,19,33.3651
OCTZ,1,0,0,34.6225
OCUL,1,671512,7085,5.03
OCUP,1,288485,1234,2.52
OCX,1,10726,63,2.85
ODC,1,5476,297,65.9
ODD,1,460672,6861,44.81
ODDS,1,64,5,21.39
ODFL,1,673017,22473,435.16
ODP,1,208944,6484,52.5
ODV,1,20757,168,2.44
ODVWZ,1,4519,48,1.3
OEC,1,279148,4224,23.6
OEF,1,162838,2991,237.09
OESX,1,157969,555,1.07
OEUR,1,1924,20,28.7373
OFG,1,214775,4200,35.93
OFIX,1,684148,4220,14.55
OFLX,1,2538,168,69.44
OFOS,1,673,9,24.1305
OFS,1,15850,155,11.49
OGCP,1,100,1,9.41
OGE,1,1125041,14125,32.47
OGEN,1,103298,788,3.88
OGI,1,1141874,5806,2.17
OGIG,1,15382,153,38.8487
OGN,1,2346064,24269,16.31
OGS,1,747513,9757,60.26
OHI,1,4375986,42798,29.91
OI,1,5214346,33771,16.11
OIA,1,101418,299,6.33
OIH,1,519985,7725,290.54
OII,1,553846,8416,20.49
OILD,1,51587,495,20.26
OILK,1,22608,417,44.4
OILT,1,138,5,24.0576
OILU,1,155079,1342,34.21
OIS,1,633822,9522,5.98
OKE,1,2604185,32714,68.97
OKTA,1,1138084,21491,84.68
OKYO,1,18476,108,1.43
OLB,1,52118,132,0.75
OLED,1,294700,10567,181.44
OLK,1,601837,4567,24.37
OLLI,1,603574,14051,75.62
OLMA,1,324121,5751,15.25
OLN,1,808326,12969,51.12
OLO,1,557090,4843,5.65
OLP,1,66004,1259,20.2
OLPX,1,3041882,18644,2.27
OM,1,397086,4667,3.34
OMAB,1,76413,1525,76.78
OMC,1,2596793,37902,86.63
OMCL,1,2058475,31992,29.1
OMER,1,202767,1788,3.31
OMEX,1,59704,340,4.43
OMF,1,1757605,25205,43.91
OMFL,1,481075,2586,50.39
OMFS,1,75523,139,36.02
OMGA,1,594634,3476,3.6
OMH,1,49459,255,1.08
OMI,1,398507,6275,20.32
OMIC,1,67624,422,0.59
OMQS,1,14258,55,0.5201
ON,1,8956264,101971,80.71
ONB,1,1726462,18362,15.89
ONBPO,1,6180,64,25.08
ONBPP,1,20184,207,25.3
ONCO,1,1076713,1948,0.1638
ONCT,1,1881,94,9.55
ONCY,1,610754,1425,1.02
OND,1,27,3,25.2462
ONDS,1,212505,1153,1.31
ONEO,1,85,7,106.9618
ONEQ,1,274108,2634,62.26
ONEV,1,4543,121,115.0705
ONEW,1,77037,1816,26.2
ONEY,1,17035,134,98.4903
ONFO,1,16389,111,0.5395
ONL,1,319047,3045,4.86
ONLN,1,11947,147,34.67
ONMD,1,176397,1221,1.09
ONMDW,1,6524,5,0.016299
ONOF,1,12510,19,31.1169
ONON,1,3952328,33920,28.57
ONTF,1,161607,2927,7.94
ONTO,1,715411,15702,164.76
ONTX,1,40960,200,0.68
ONVO,1,40578,253,1.0
ONYX,1,1141,18,11.15
ONYXU,1,302,5,11.0
OOMA,1,45766,848,10.5
OOTO,1,28915,219,14.7831
OP,1,20631,459,2.34
OPAD,1,9835,800,9.42
OPAL,1,62416,874,4.68
OPBK,1,21565,464,9.68
OPCH,1,1180664,15244,32.43
OPEN,1,14984511,28663,3.33
OPER,1,3961,53,100.275
OPFI,1,178755,1515,3.24
OPFI.WS,1,8419,24,0.118
OPGN,1,493781,900,0.405
OPHC,1,3647,52,4.03
OPI,1,1066636,6211,3.8
OPINL,1,25754,293,10.49
OPK,1,4025201,7414,1.02
OPOF,1,2310,22,17.01
OPP,1,49119,326,8.45
OPPpA,1,11032,54,18.05
OPPpB,1,1430,11,19.85
OPRA,1,499088,5823,10.98
OPRT,1,188198,2278,3.28
OPRX,1,94145,1838,15.49
OPT,1,11937,121,2.9
OPTN,1,189138,939,1.26
OPTT,1,347401,691,0.3
OPTX,1,4605,77,4.57
OPTXW,1,2687,14,0.1299
OPXS,1,6478,86,6.08
OPY,1,34296,1015,38.77
OR,1,1320237,7889,14.64
ORA,1,366581,7573,64.04
ORAN,1,187670,1984,11.44
ORC,1,1123898,7546,7.99
ORCL,1,4402506,64370,116.68
ORGN,1,1855508,5854,0.5222
ORGNW,1,238013,49,0.0203
ORGO,1,439252,3940,3.62
ORGS,1,24346,44,0.301
ORI,1,1373451,16632,27.57
ORIC,1,767957,5640,12.245
ORLA,1,495560,2161,3.56
ORLY,1,808955,30565,1020.83
ORMP,1,99558,795,2.69
ORN,1,60971,1032,5.86
ORRF,1,14664,397,25.89
OSA,1,27164,138,0.7637
OSBC,1,149565,2471,13.3
OSCR,1,12656524,86745,16.68
OSCV,1,92383,159,33.36
OSEA,1,2879,36,26.26
OSG,1,248955,4383,6.18
OSI,1,152,4,10.55
OSIS,1,60957,2318,133.9
OSK,1,494110,10420,113.13
OSPN,1,199410,3687,10.28
OSS,1,18359,112,2.13
OST,1,35853,154,0.5346
OSUR,1,630325,6497,7.22
OSW,1,498980,5838,14.02
OTEX,1,746929,10256,41.1
OTIS,1,1404850,22770,90.87
OTLK,1,2894465,4520,0.4486
OTLY,1,1527591,3121,1.11
OTRK,1,322908,549,0.17
OTTR,1,162268,5382,95.52
OUNZ,1,825698,1168,19.67
OUSA,1,49524,328,47.74
OUSM,1,234454,445,39.52
OUST,1,578021,6674,5.06
OUST.WS,1,27610,30,0.0751
OUST.WS.A,1,22902,14,0.015
OUT,1,1648991,13852,12.85
OVB,1,16414,42,20.56
OVBC,1,824,52,24.77
OVF,1,204,2,23.2162
OVID,1,125541,960,3.75
OVL,1,476101,144,39.8873
OVLH,1,399628,47,29.938
OVLY,1,6460,162,24.56
OVM,1,1645,14,22.2121
OVS,1,156,4,32.0172
OVT,1,370855,67,21.9804
OVV,1,3033424,33975,41.8
OWL,1,6139421,35076,16.39
OWLT,1,27912,324,4.55
OWNS,1,2680,58,17.01
OXBR,1,1893,27,0.98
OXBRW,1,3000,1,0.03518
OXLC,1,1769002,4822,5.39
OXLCL,1,5290,46,23.94
OXLCM,1,5357,38,24.99
OXLCN,1,6883,55,23.93
OXLCP,1,1127,22,23.36
OXLCZ,1,4413,42,23.15
OXM,1,137865,4701,96.65
OXSQ,1,195584,1287,3.03
OXSQG,1,1500,4,23.0999
OXSQZ,1,4299,28,24.3301
OXY,1,7690226,68237,58.05
OXY.WS,1,67540,484,36.13
OZ,1,4955,46,62.045
OZK,1,783920,15819,42.28
OZKAP,1,43267,324,15.73
Op,1,67089,370,25.19
PAA,1,4901273,19215,15.35
PAAA,1,13368,35,50.755
PAAS,1,2411772,15242,13.12
PAB,1,7,7,41.8622
PABD,1,0,0,50.615
PABU,1,1928,37,55.17
PAC,1,65031,951,165.11
PACB,1,5720297,32435,6.55
PACK,1,605175,5135,4.46
PAG,1,223203,7486,148.02
PAGP,1,4554286,18231,16.07
PAGS,1,2414517,15619,13.23
PAHC,1,393989,6337,11.46
PAI,1,9958,50,12.07
PAK,1,123049,261,16.84
PALC,1,84901,101,43.44
PALI,1,311631,898,0.4498
PALL,1,65434,1258,81.88
PALT,1,276845,1389,4.28
PAM,1,171375,2019,43.37
PAMC,1,5803,62,39.7878
PANL,1,270060,3537,8.5
PANW,1,2934336,72894,367.02
PAPI,1,7846,49,25.295
PAPL,1,19685,126,1.395
PAPR,1,197937,134,33.25
PAR,1,129217,3233,47.25
PARA,1,12667193,72458,13.01
PARAA,1,61473,1140,20.53
PARAP,1,26279,376,16.71
PARR,1,433224,8493,38.84
PASG,1,265419,948,0.99
PATH,1,14547082,101913,24.36
PATK,1,279589,5894,105.45
PAUG,1,266727,351,34.35
PAVE,1,684609,4184,35.86
PAVM,1,44212,407,1.68
PAVMZ,1,15450,12,0.05
PAVS,1,2561,32,2.21
PAWZ,1,5981,106,50.8527
PAX,1,150116,2523,14.43
PAXS,1,95601,498,14.9
PAY,1,71906,1315,15.83
PAYC,1,1770264,38023,195.75
PAYO,1,2126731,9570,4.97
PAYOW,1,5150,8,0.309999
PAYS,1,125112,1131,3.15
PAYX,1,1038800,20889,122.75
PB,1,572845,9990,62.14
PBA,1,785996,7326,33.75
PBAX,1,59452,851,5.34
PBAXW,1,1300,7,0.065
PBBK,1,2485,12,13.275
PBD,1,12962,142,13.78
PBDC,1,17595,163,31.73
PBE,1,9814,94,63.8812
PBF,1,1621799,27125,52.87
PBFB,1,9129,14,25.3162
PBFS,1,7850,120,9.56
PBH,1,661191,11893,68.8
PBHC,1,8399,164,11.75
PBI,1,1039409,5863,3.92
PBIpB,1,26527,238,19.65
PBJ,1,14008,107,45.0
PBJA,1,0,0,25.5155
PBL,1,26,2,26.4328
PBLA,1,360939,1758,1.14
PBM,1,401522,2724,0.9475
PBMWW,1,4780,23,0.0306
PBP,1,4835,39,22.02
PBPB,1,149545,2573,12.39
PBR,1,9141963,39175,17.24
PBR.A,1,9864280,33082,16.75
PBT,1,107305,1267,13.23
PBTP,1,17653,63,24.91
PBUS,1,5043,79,49.97
PBW,1,159645,1128,24.3
PBYI,1,552506,4843,5.405
PCAR,1,2199971,34205,105.61
PCB,1,9399,243,15.81
PCEF,1,103603,434,18.45
PCF,1,39345,166,6.54
PCG,1,22221980,54226,16.24
PCGG,1,50911,15,11.12
PCGpA,1,6595,160,24.3
PCGpB,1,1150,8,20.0
PCGpD,1,1763,15,18.35
PCGpE,1,969,10,19.1
PCGpG,1,371,5,18.05
PCGpH,1,717,18,17.0674
PCH,1,727858,12033,44.67
PCK,1,80193,234,5.8
PCM,1,28216,191,8.48
PCN,1,214963,934,13.39
PCOR,1,634080,10648,73.97
PCQ,1,39616,145,9.48
PCRB,1,9159,6,48.4823
PCRX,1,1311299,22750,27.7
PCSA,1,230781,2107,2.32
PCT,1,3193856,14153,4.93
PCTTW,1,763,4,1.2467
PCTY,1,1382622,32269,171.91
PCVX,1,700611,10632,74.14
PCY,1,319535,1787,20.09
PCYO,1,64706,854,9.83
PD,1,623320,9588,24.21
PDBA,1,4119,39,31.8028
PDBC,1,2257431,6307,13.41
PDCO,1,580953,11637,28.89
PDD,1,3689917,56373,126.655
PDEC,1,40033,138,35.86
PDEX,1,11568,177,21.11
PDFS,1,200960,2835,33.22
PDI,1,1919296,7290,19.33
PDLB,1,71331,2150,9.18
PDM,1,1121767,9691,6.62
PDN,1,13585,118,31.47
PDO,1,527367,2081,13.14
PDP,1,19767,219,91.06
PDS,1,95681,2670,63.94
PDSB,1,577434,4226,5.26
PDT,1,89600,534,10.9
PDX,1,115533,508,19.21
PEAK,1,6884788,45223,17.99
PEB,1,1168904,12307,15.59
PEBK,1,8127,381,25.85
PEBO,1,72714,1895,27.85
PEBpE,1,8870,54,21.69
PEBpF,1,7932,114,21.5
PEBpG,1,6416,87,20.9
PEBpH,1,59019,242,19.1
PECO,1,729841,12527,34.79
PED,1,61153,171,0.7025
PEG,1,2726797,33814,58.2
PEGA,1,473691,8651,49.76
PEGRU,1,370,5,10.65
PEGRW,1,179050,31,0.03
PEGY,1,23557236,21146,0.109
PEJ,1,67761,1083,42.83
PEMX,1,5,1,48.252
PEN,1,330824,10377,272.34
PENN,1,3645996,37713,22.45
PEO,1,41251,364,20.8
PEP,1,8890286,127166,173.85
PEPG,1,441714,3407,15.09
PEPL,1,3067,38,10.91
PEPLW,1,1800,9,0.0165
PERF,1,2014,46,2.44
PERI,1,1848727,20098,23.61
PESI,1,34125,391,7.74
PET,1,13216,71,1.85
PETQ,1,500935,3842,17.68
PETS,1,802007,7056,5.87
PETV,1,20694,77,1.32
PETVW,1,1170,11,0.21
PETZ,1,10832,57,1.06
PEV,1,5408,32,1.27
PEX,1,406,24,28.0074
PEXL,1,6382,88,46.618
PEY,1,378130,1730,19.87
PEZ,1,17822,74,84.51
PFBC,1,64224,2097,68.4
PFC,1,116259,2260,19.85
PFD,1,36491,170,10.11
PFE,1,28334925,137398,27.57
PFEB,1,639613,1417,33.48
PFF,1,4640663,16371,31.81
PFFA,1,248682,1157,20.7
PFFD,1,483857,2082,19.88
PFFL,1,426,15,10.1658
PFFR,1,598467,137,18.5616
PFFV,1,73218,293,23.35
PFG,1,873924,18042,77.76
PFGC,1,1392496,21417,72.57
PFH,1,34597,267,20.69
PFI,1,45419,156,45.8
PFIE,1,89238,387,1.46
PFIG,1,8679,70,23.5
PFIS,1,7209,247,40.07
PFIX,1,171779,1646,47.26
PFL,1,113343,355,8.46
PFLD,1,48539,238,20.95
PFLT,1,719871,5435,11.3
PFM,1,32333,159,40.82
PFMT,1,238926,745,2.83
PFN,1,351153,1922,7.54
PFO,1,30550,130,8.17
PFRL,1,6679,57,50.4536
PFS,1,590858,7422,15.13
PFSI,1,263810,5850,90.27
PFTA,1,17277,15,10.6307
PFTAW,1,8500,25,0.0351
PFUT,1,8033,11,23.0135
PFXF,1,349790,1298,17.43
PG,1,5689722,77781,158.64
PGAL,1,966,17,10.3
PGC,1,131572,2388,23.61
PGEN,1,552861,1734,1.385
PGF,1,115221,367,15.05
PGHY,1,18509,197,19.68
PGJ,1,27800,233,23.14
PGNY,1,501953,9290,40.35
PGP,1,54831,346,7.41
PGR,1,1706914,33853,182.96
PGRE,1,1211126,5361,4.61
PGRO,1,7081,39,31.5819
PGRU,1,6933,50,3.22
PGSS,1,6019,38,11.195
PGTI,1,419220,4152,41.33
PGX,1,2429903,3160,11.79
PGY,1,7327423,8263,1.1
PGYWW,1,14694,24,0.114451
PGZ,1,11564,82,10.15
PH,1,474511,18051,515.51
PHAR,1,1370,41,12.0
PHAT,1,774884,5940,6.975
PHB,1,77176,353,18.08
PHD,1,32510,181,9.67
PHDG,1,4592,72,35.46
PHEQ,1,2000,18,26.72
PHG,1,720896,7292,20.5
PHGE,1,78757,223,0.2111
PHI,1,12809,195,23.15
PHIN,1,657903,9428,30.04
PHIO,1,58416,173,0.6078
PHK,1,453014,937,4.99
PHM,1,1418618,27415,103.26
PHO,1,68294,1429,61.86
PHR,1,368734,5602,27.02
PHT,1,71072,316,7.423
PHUN,1,110937156,87003,0.3704
PHVS,1,62594,1054,28.85
PHX,1,62547,610,3.04
PHXM,1,1744,31,3.99
PHYD,1,1445,2,50.8
PHYL,1,3818,56,34.6234
PHYS,1,1330005,2462,15.76
PHYT.WS,1,200,2,0.111
PI,1,679227,14263,106.31
PICB,1,9759,130,22.14
PICK,1,70692,1097,39.73
PID,1,116831,484,17.87
PIE,1,108663,142,20.0
PIFI,1,9103,77,92.14
PII,1,589641,11998,90.91
PIII,1,205669,740,1.09
PIK,1,27978,115,0.3663
PILL,1,47395,338,8.51
PIM,1,15445,49,3.25
PIN,1,80309,515,26.5
PINC,1,1890644,21990,21.05
PINE,1,36916,564,15.22
PINK,1,32478,251,29.61
PINS,1,34880793,223972,40.72
PIO,1,15508,94,39.15
PIPR,1,81579,3419,183.94
PIRS,1,331724,427,0.1678
PIT,1,436,13,47.42
PIXY,1,10106,192,4.51
PIZ,1,32832,249,32.35
PJAN,1,101865,265,38.23
PJBF,1,37,2,55.862
PJFG,1,1291,21,80.0662
PJFM,1,0,0,51.1621
PJFV,1,0,0,59.8196
PJIO,1,8,4,52.6634
PJP,1,33484,607,76.35
PJT,1,324311,8887,95.42
PJUL,1,294060,217,37.11
PJUN,1,25242,96,34.02
PK,1,2018720,16054,15.26
PKB,1,27372,387,64.71
PKBK,1,11715,207,17.2
PKE,1,29884,462,14.57
PKG,1,507501,13996,166.87
PKOH,1,18213,767,24.4
PKST,1,138126,2100,15.0
PKW,1,17360,210,100.35
PKX,1,77514,2800,84.33
PL,1,650433,4101,2.21
PL.WS,1,3508,25,0.2025
PLAB,1,568609,10715,31.62
PLAG,1,7435,28,0.3468
PLAO,1,1722,8,11.21
PLAY,1,1036905,17847,58.05
PLBC,1,7792,185,36.1
PLBY,1,182725,967,1.21
PLCE,1,464565,7321,19.75
PLD,1,3001598,47278,131.66
PLDR,1,13820,13,29.0892
PLG,1,116977,341,0.9911
PLL,1,817192,12758,14.64
PLMIW,1,68837,575,0.3
PLMR,1,65077,2153,59.73
PLNT,1,807336,15452,70.14
PLOW,1,135598,2517,24.79
PLPC,1,14926,925,126.86
PLRX,1,278925,4565,16.29
PLSE,1,138255,1695,8.52
PLTK,1,586077,6294,7.3
PLTM,1,43873,214,8.625
PLTR,1,212356375,644191,24.51
PLUG,1,35818485,76926,4.19
PLUR,1,18001,96,0.7778
PLUS,1,284866,7078,74.07
PLX,1,209935,1679,1.5
PLXS,1,107402,2934,96.49
PLYA,1,327754,3568,8.56
PLYM,1,337435,2995,22.11
PM,1,9164793,102236,89.01
PMAR,1,14168,72,36.0644
PMAY,1,14947,95,32.04
PMCB,1,7673,81,2.17
PMD,1,2358,44,2.92
PMEC,1,7959,69,2.03
PMF,1,68008,219,9.49
PML,1,197987,977,8.55
PMM,1,93228,503,6.16
PMN,1,10675,93,1.98
PMNT,1,378326,2861,5.2
PMO,1,57093,262,10.37
PMT,1,620430,6554,13.55
PMTS,1,8098,251,18.15
PMTU,1,6836,36,25.2
PMTpA,1,42224,371,23.34
PMTpB,1,4935,55,23.46
PMTpC,1,7778,83,19.6616
PMVP,1,587388,4288,1.69
PMX,1,89593,324,7.56
PNBK,1,588,6,4.0499
PNC,1,1459479,32242,147.93
PNF,1,25872,231,8.27
PNFP,1,405668,9753,80.84
PNFPP,1,6556,103,24.0692
PNI,1,25739,268,7.6
PNM,1,1696140,19810,37.08
PNNT,1,471747,2972,6.76
PNOV,1,34924,109,35.065
PNQI,1,94164,1163,38.98
PNR,1,1570327,16934,74.44
PNRG,1,590,63,95.9
PNST,1,149718,810,3.44
PNST.WS,1,105794,40,0.34
PNTG,1,88752,1812,15.58
PNW,1,1806801,22179,66.39
POAI,1,7909,106,2.92
POCI,1,4978,23,6.0
POCT,1,43713,195,36.88
PODC,1,76015,394,1.82
PODD,1,421362,14397,196.64
POET,1,33015,245,1.31
POL,1,42773,481,4.47
POLA,1,78361,194,0.361
POOL,1,241224,10931,387.34
POR,1,620187,11091,39.61
PORT.U,1,100,1,10.63
POST,1,860081,17670,106.47
POTX,1,241770,842,5.13
POWA,1,5240,104,74.02
POWI,1,609693,12887,78.29
POWL,1,247416,7659,140.99
POWW,1,657509,3777,2.21
POWWP,1,2084,18,25.5
PP,1,8557,159,25.9351
PPA,1,241994,1428,93.55
PPBI,1,489535,8021,24.06
PPBT,1,37317,190,0.7999
PPC,1,322388,7038,27.29
PPEM,1,780,3,19.9269
PPG,1,1373390,23916,138.63
PPH,1,140804,1663,86.94
PPHP,1,195,7,11.07
PPI,1,5958,23,27.96
PPIE,1,5682,14,21.4149
PPIH,1,832,16,8.12
PPL,1,3409169,28749,25.66
PPLT,1,139567,1193,81.84
PPSI,1,68221,506,5.04
PPT,1,72170,260,3.7
PPTA,1,93235,521,2.82
PPTY,1,19282,80,29.2346
PQDI,1,13995,36,18.26
PR,1,9721309,46214,13.52
PRA,1,181737,3548,12.91
PRAA,1,218806,4865,23.65
PRAE,1,500,2,31.2293
PRAX,1,104235,3080,45.04
PRAY,1,2093,11,26.2208
PRCH,1,844278,6252,2.4
PRCT,1,457165,8046,49.51
PRDO,1,285706,4776,17.72
PRE,1,4591,102,4.7
PREF,1,203896,585,17.67
PRENW,1,40277,30,0.0062
PREpJ,1,13016,96,20.08
PRF,1,206697,961,36.0
PRFD,1,3811,33,48.435
PRFT,1,105855,3397,70.09
PRFX,1,7941,92,2.11
PRFZ,1,155497,1174,36.77
PRG,1,170258,4299,32.37
PRGO,1,965529,13143,31.86
PRGS,1,245036,5349,57.38
PRH,1,30828,243,25.89
PRI,1,87776,4342,235.93
PRIFpF,1,2715,27,23.3
PRIFpH,1,739,9,23.21
PRIFpI,1,780,4,22.305
PRIFpJ,1,1039,12,22.2699
PRIFpL,1,2406,15,23.14
PRIM,1,280732,4723,36.42
PRK,1,54823,2146,128.23
PRLB,1,200289,4727,37.19
PRLD,1,106354,804,2.68
PRM,1,595672,5091,4.98
PRME,1,293835,4387,6.73
PRMN,1,200,2,29.6047
PRMW,1,741620,7039,14.73
PRN,1,10856,165,126.8181
PRNT,1,12521,257,22.1923
PRO,1,661615,8952,36.01
PROC,1,5180,55,3.39
PROCW,1,100,1,0.0989
PROF,1,26872,232,8.72
PROK,1,179086,1028,1.26
PROP,1,13916,166,7.8
PROV,1,3279,52,14.295
PRPH,1,19687,165,5.25
PRPL,1,1134356,3664,1.29
PRPO,1,31105,248,6.48
PRQR,1,228232,1414,2.1
PRS,1,29171,278,25.01
PRSO,1,137007,781,1.782
PRST,1,369855,747,0.1854
PRSTW,1,21434,9,0.0239
PRT,1,52143,235,4.35
PRTA,1,839723,10850,27.43
PRTG,1,26435,98,0.6401
PRTH,1,15932,237,3.13
PRTS,1,1015670,6382,2.51
PRU,1,1822527,32532,108.61
PRVA,1,827372,10801,20.3
PRZO,1,271870,469,0.7028
PSA,1,480137,14474,284.9
PSApF,1,16440,174,24.45
PSApG,1,28826,253,24.6
PSApH,1,17273,243,25.08
PSApI,1,14928,211,23.24
PSApJ,1,8457,82,21.84
PSApK,1,15630,157,22.07
PSApL,1,44401,328,21.8
PSApM,1,8354,98,19.35
PSApN,1,8653,116,17.87
PSApO,1,6079,88,18.07
PSApP,1,40496,385,18.89
PSApQ,1,1778,16,18.09
PSApR,1,17658,193,18.79
PSApS,1,11155,115,19.19
PSBD,1,71034,842,16.15
PSC,1,9149,87,46.5
PSCC,1,8967,109,37.62
PSCD,1,97,3,102.0656
PSCE,1,8420,133,50.03
PSCF,1,154,6,45.9068
PSCH,1,24907,96,41.67
PSCI,1,4606,79,116.23
PSCJ,1,0,0,23.9339
PSCM,1,8,4,70.2065
PSCQ,1,0,0,24.6457
PSCT,1,6165,87,46.5272
PSCU,1,654,18,51.8163
PSCW,1,100,1,23.56
PSCX,1,1749,8,25.0588
PSDM,1,107,7,50.6301
PSEC,1,1744513,9910,5.81
PSECpA,1,3244,39,18.44
PSEP,1,12862,39,35.64
PSET,1,2850,35,64.44
PSF,1,18842,104,19.42
PSFD,1,3484,5,29.7415
PSFE,1,241691,4118,13.63
PSFE.WS,1,79253,34,0.028
PSFF,1,29782,133,26.46
PSFJ,1,0,0,25.9219
PSFM,1,244,3,26.5806
PSFO,1,0,0,26.5002
PSH,1,73,6,50.405
PSHG,1,76565,407,1.74
PSI,1,67233,616,51.03
PSIL,1,56808,181,1.43
PSK,1,84153,581,34.6
PSL,1,1899,80,92.693
PSLV,1,1765609,2606,7.63
PSMD,1,6778,28,26.5005
PSMJ,1,3498,7,25.6203
PSMO,1,1004,11,25.6938
PSMR,1,2000,18,25.2259
PSMT,1,127624,3915,78.3
PSN,1,528700,9341,67.03
PSNL,1,372354,1554,1.17
PSNY,1,3117777,12014,1.72
PSNYW,1,75701,110,0.17
PSO,1,276564,2541,11.83
PSP,1,18965,256,62.54
PSQ,1,15853117,7530,9.03
PSQH,1,152455,1202,4.57
PSQH.WS,1,24741,58,0.8232
PSR,1,7473,155,86.6644
PST,1,171114,465,23.14
PSTG,1,4106494,38970,44.14
PSTL,1,139759,1519,14.19
PSTP,1,19804,51,28.8559
PSTV,1,10535,52,2.01
PSTX,1,676690,6370,3.38
PSWD,1,447,10,32.21
PSX,1,3994115,51394,146.82
PT,1,130461,407,1.08
PTA,1,129236,543,18.88
PTBD,1,24758,128,20.38
PTC,1,569594,16134,181.54
PTCT,1,561152,9429,25.25
PTEC,1,8,3,29.95
PTEN,1,4235719,30167,10.65
PTEST,1,0,0,25.25
PTEU,1,1865,14,24.8499
PTF,1,36664,343,53.3416
PTGX,1,759648,10414,26.11
PTH,1,21413,117,42.29
PTIN,1,5539,51,27.4015
PTIX,1,1899,23,0.9601
PTLC,1,100639,597,45.37
PTLO,1,573967,8420,14.04
PTMC,1,27271,145,32.94
PTMN,1,31230,265,18.57
PTN,1,404208,2538,4.02
PTNQ,1,44366,295,67.43
PTON,1,15156937,46493,4.53
PTPI,1,230575,789,1.18
PTRB,1,16350,168,41.3843
PTSI,1,4013,226,18.66
PTVE,1,262631,4886,14.58
PTWO,1,200,2,11.3
PTY,1,787081,2521,14.1
PUBM,1,294891,4996,15.51
PUCK,1,1002,8,10.8
PUI,1,3818,29,30.4933
PUK,1,1143208,10926,21.0
PULM,1,19271,105,1.68
PULS,1,1248647,2005,49.49
PULT,1,2863,14,50.265
PUMP,1,1269960,9113,7.92
PUTD,1,1,1,21.5301
PUTW,1,9240,115,32.6806
PUYI,1,120,10,5.98
PVAL,1,56996,176,32.37
PVBC,1,20853,734,9.94
PVH,1,929417,19318,127.06
PVI,1,4488,44,24.8459
PVL,1,48417,188,1.61
PW,1,25915,74,0.6095
PWB,1,123778,325,86.2745
PWER,1,0,0,24.8735
PWFL,1,253004,2056,3.245
PWM,1,370325,1590,1.34
PWOD,1,38661,477,19.96
PWP,1,413686,5288,12.49
PWR,1,747110,18139,207.77
PWS,1,1004,8,28.172
PWSC,1,304596,5177,24.59
PWUP,1,133846,59,10.93
PWUPU,1,400,10,11.0
PWV,1,35840,263,51.81
PWZ,1,96677,409,24.99
PX,1,319728,3487,9.22
PXD,1,1503213,33423,231.76
PXDT,1,21913,303,5.0
PXE,1,24024,270,30.75
PXF,1,23256,158,46.57
PXH,1,105837,439,18.93
PXI,1,32777,79,43.82
PXJ,1,159053,256,28.28
PXLW,1,2454453,10317,2.25
PXMD,1,293281,861,0.41
PXS,1,43874,191,4.33
PXSAP,1,1416,8,24.865
PXSAW,1,3888,23,1.3
PY,1,4073,48,43.6075
PYCR,1,1257182,16762,20.48
PYLD,1,149866,539,25.52
PYN,1,2624,18,5.91
PYPD,1,396,15,6.92
PYPL,1,68169841,555462,56.13
PYPY,1,81762,1669,16.99
PYT,1,2300,2,22.7624
PYXS,1,273321,2446,3.71
PYZ,1,12962,32,82.4027
PZA,1,904435,2979,23.91
PZC,1,11047,29,7.49
PZG,1,23286,67,0.3488
PZT,1,8610,102,23.05
PZZA,1,652498,14426,73.66
QABA,1,10561,74,44.94
QAI,1,101040,175,30.14
QARP,1,5262,52,46.52
QAT,1,1587,35,17.05
QBTS,1,1233019,3231,0.93
QBTS.WS,1,47140,36,0.094
QCLN,1,143251,1727,35.84
QCLR,1,13,12,27.63
QCOM,1,8842584,106856,148.18
QCON,1,7021,23,42.3552
QCRH,1,36025,1312,56.38
QD,1,609403,3737,2.2
QDEC,1,54985,114,24.46
QDEF,1,9293,122,60.95
QDEL,1,715482,14269,67.02
QDF,1,24935,155,63.03
QDIV,1,8461,80,31.9
QDPL,1,35972,226,34.61
QEFA,1,29680,337,72.38
QEMM,1,29695,44,56.4217
QETA,1,21739,12,10.2
QFIN,1,652975,6878,14.12
QFLR,1,18489,131,25.3316
QFTA,1,398,36,6.78
QGEN,1,889750,13476,44.12
QGRO,1,49563,253,81.44
QGRW,1,64813,340,39.57
QH,1,29202,139,1.249
QID,1,12169499,9792,9.55
QINT,1,17796,94,46.4889
QIPT,1,65722,598,4.605
QIS,1,8638,43,25.0941
QJUN,1,32194,76,24.97
QLC,1,3947,85,55.42
QLD,1,2042773,20733,84.06
QLGN,1,18295,92,0.509001
QLI,1,14646,41,0.5214
QLTA,1,72614,645,47.29
QLTY,1,495488,557,28.41
QLV,1,10000,34,58.5389
QLVD,1,126,5,25.5405
QLVE,1,1,1,23.5521
QLYS,1,1444007,26142,169.65
QMAR,1,30169,16,25.885
QMCO,1,82181,307,0.4
QMID,1,130,3,25.5765
QMOM,1,7425,97,54.4
QNCX,1,90234,301,1.3
QNRX,1,12975,118,3.35
QNST,1,1215195,11037,14.69
QOMOW,1,100,1,0.02
QOWZ,1,249,5,27.4429
QPFF,1,15787,122,36.72
QPX,1,947,6,31.6711
QQEW,1,359673,1771,121.08
QQH,1,18629,126,53.2
QQJG,1,68,6,21.158
QQMG,1,8684,511,29.74
QQQ,1,29738729,263693,432.79
QQQA,1,1979,48,42.82
QQQE,1,263889,2333,87.22
QQQI,1,7809,314,50.5222
QQQJ,1,224949,1187,27.28
QQQM,1,817636,16644,178.17
QQQN,1,11497,58,27.78
QQQS,1,1294,32,26.02
QQQX,1,103208,741,23.61
QQQY,1,352212,3880,17.29
QQXT,1,4771,59,88.4309
QRFT,1,112,32,46.4599
QRHC,1,18360,383,6.92
QRMI,1,19812,164,17.46
QRTEA,1,1212503,4240,0.822
QRTEB,1,869,56,4.75
QRTEP,1,32799,559,40.0
QRVO,1,1391808,24857,112.62
QS,1,6413047,33398,7.5
QSG,1,136131,804,3.81
QSI,1,829176,3480,1.44
QSIAW,1,1000,4,0.1599
QSML,1,7653,15,25.0019
QSPT,1,5387,32,24.55
QSR,1,1528727,21849,77.19
QSWN,1,1,1,20.3015
QTAP,1,293,4,32.3693
QTEC,1,110757,1466,187.8
QTJA,1,17514,94,22.08
QTJL,1,4603,37,28.8202
QTOC,1,2516,1,26.2354
QTR,1,3,3,27.45
QTRX,1,200439,3341,24.35
QTUM,1,30547,584,56.65
QTWO,1,453230,6660,42.66
QUAD,1,62726,869,5.45
QUAL,1,1232543,11117,156.66
QUBT,1,537171,1817,0.7349
QUIK,1,119777,2002,12.52
QULL,1,2,2,39.0911
QURE,1,714424,6546,5.47
QUS,1,16973,273,138.0152
QUVU,1,18961,47,22.95
QVAL,1,37049,176,40.93
QVCC,1,28250,357,12.5499
QVCD,1,22608,159,12.54
QVML,1,4992,48,29.5209
QVMM,1,4549,7,25.7839
QVMS,1,604,7,24.2856
QVOY,1,4146,24,27.7748
QWLD,1,3479,52,113.2863
QYLD,1,2991640,13145,17.86
QYLE,1,47,7,26.715
QYLG,1,16448,311,30.1
R,1,302439,7035,116.75
RA,1,141603,983,12.94
RAAX,1,18446,137,25.26
RACE,1,271035,9507,385.15
RAFE,1,6309,22,33.4453
RAIL,1,18553,164,2.8
RAMP,1,679467,11516,41.96
RAND,1,537,11,13.4729
RANI,1,70904,459,3.795
RAPT,1,373013,5362,25.36
RARE,1,652164,9287,45.45
RATE,1,758,39,19.04
RAVE,1,13068,124,1.83
RAVI,1,33551,99,75.185
RAYA,1,997237,2288,0.586
RAYC,1,1050,7,12.6561
RAYD,1,200,1,26.355
RAYE,1,3603,15,23.83
RAYS,1,29751,143,11.25
RBA,1,912125,13397,67.97
RBB,1,22878,508,17.46
RBBN,1,305582,2049,3.14
RBC,1,374252,9958,258.15
RBCAA,1,11541,493,48.95
RBCP,1,124711,58,119.62
RBKB,1,26446,74,8.75
RBLD,1,240,4,57.0004
RBLX,1,17203459,141929,44.87
RBOT,1,328837,1774,0.4
RBT,1,233143,892,1.18
RC,1,1457188,9741,8.88
RCAT,1,134092,341,0.6435
RCB,1,1393,19,23.82
RCC,1,3381,40,24.11
RCEL,1,89030,1652,17.6
RCG,1,604,7,1.6
RCI,1,428345,4901,45.82
RCKT,1,500305,10045,29.26
RCKTW,1,7277,20,0.3232
RCKY,1,14420,525,27.34
RCL,1,2909175,44203,120.97
RCM,1,1545452,16594,10.57
RCMT,1,62997,1750,27.83
RCON,1,357982,651,0.1502
RCRT,1,9736,93,1.4
RCS,1,142804,488,6.2
RCUS,1,654248,7563,15.21
RCpC,1,245,2,19.0
RCpE,1,9236,67,19.37
RDCM,1,110769,771,10.15
RDFI,1,16172,7,22.855
RDFN,1,5094762,27251,8.06
RDHL,1,321380,1005,0.5321
RDI,1,5531,39,1.85
RDIB,1,9511,194,15.2
RDIV,1,43169,252,42.5793
RDN,1,1946311,26437,27.29
RDNT,1,298073,6465,35.77
RDOG,1,1036,21,35.6359
RDUS,1,139400,3157,24.56
RDVI,1,313796,1338,22.62
RDVT,1,51390,633,17.83
RDVY,1,1136104,3795,51.27
RDW,1,333092,1668,3.03
RDWR,1,254658,3320,19.41
RDY,1,213209,3666,73.27
RDZN,1,10458,424,6.7
RDZNW,1,9250,13,0.12
REAI,1,68,4,19.2556
REAL,1,1591579,7135,1.84
REAX,1,549356,3460,2.98
REBN,1,37226,846,2.35
RECS,1,1193806,438,29.27
REE,1,32777,337,6.12
REET,1,284754,1698,23.21
REFI,1,60618,981,15.74
REFR,1,17995,81,1.03
REG,1,1349430,22106,62.14
REGCO,1,13953,85,24.24
REGL,1,47286,449,72.42
REGN,1,476141,18538,946.43
REI,1,1260605,2865,1.32
REIT,1,18332,144,25.52
REK,1,7151,122,19.2162
REKR,1,1463758,10128,2.67
RELI,1,49514,185,0.48
RELL,1,105940,2464,9.43
RELX,1,818339,9706,41.76
RELY,1,1258626,16105,18.1
REM,1,247743,1748,21.59
REMX,1,49529,918,47.45
RENB,1,112589,1454,3.61
RENEU,1,200,5,11.14
RENT,1,521039,1749,0.5363
RENW,1,1750,12,11.515
REPL,1,748700,9488,7.72
REPX,1,40927,1033,22.21
RERE,1,176051,1042,1.1
RES,1,1529398,9983,6.98
RETL,1,3050328,6977,8.65
RETO,1,505428,950,0.3881
REVB,1,397809,4587,2.78
REVBW,1,72607,85,0.009499
REVG,1,616081,6628,16.57
REVS,1,650106,31,21.9777
REW,1,26314,168,7.1285
REX,1,97904,2607,43.25
REXR,1,1999350,22674,53.12
REXRpB,1,6950,56,22.2801
REXRpC,1,12632,62,21.38
REYN,1,499878,8686,28.51
REZ,1,25898,410,68.77
REZI,1,654683,7944,17.34
RF,1,8253463,37765,17.89
RFCI,1,323,5,22.32
RFDA,1,756,12,47.6827
RFDI,1,4909,51,61.02
RFEM,1,824,20,59.4142
RFEU,1,4,3,62.98
RFFC,1,279,14,49.8789
RFG,1,4379,72,43.5938
RFI,1,51027,305,11.86
RFIL,1,8502,27,3.07
RFL,1,13480,99,1.82
RFM,1,13458,50,15.645
RFMZ,1,37292,179,13.85
RFV,1,13621,207,111.4996
RFpB,1,68370,557,23.93
RFpC,1,39787,427,22.11
RFpE,1,25674,297,17.63
RGA,1,233519,7129,167.55
RGCO,1,9825,258,18.74
RGEN,1,557715,14837,203.99
RGF,1,97797,352,1.29
RGLD,1,317051,9647,112.12
RGLS,1,19900,187,1.42
RGNX,1,1065735,12591,16.29
RGP,1,402514,3780,13.22
RGR,1,117010,3316,44.43
RGS,1,25357,298,12.35
RGT,1,47394,201,10.41
RGTI,1,2011953,6869,1.16
RGTIW,1,3240,15,0.258
RH,1,327214,11358,256.86
RHCB,1,5,3,45.7127
RHE,1,541,18,2.215
RHI,1,803393,15301,80.55
RHP,1,254574,6252,114.58
RHRX,1,1797,1,13.8678
RHTX,1,0,0,14.0409
RICK,1,59399,1824,60.78
RIET,1,33886,321,9.95
RIG,1,12623427,31824,5.23
RIGL,1,699082,2346,1.14
RIGS,1,69585,93,22.845
RILY,1,603040,7504,18.15
RILYG,1,9636,155,15.31
RILYK,1,4156,43,18.49
RILYL,1,3850,85,20.0083
RILYM,1,38199,364,21.45
RILYN,1,16185,157,17.05
RILYO,1,9561,86,24.93
RILYP,1,10162,100,17.11
RILYT,1,18537,151,15.3
RILYZ,1,72550,342,13.03
RINC,1,1553,30,22.6988
RINF,1,4038,40,32.2
RING,1,36393,317,21.47
RIO,1,2270080,30810,68.11
RIOT,1,31563030,141694,13.05
RISN,1,2460,20,25.3886
RISR,1,5671,53,33.17
RITA,1,86,10,18.5931
RITM,1,5386652,23192,10.12
RITMpA,1,13995,87,24.2
RITMpB,1,43853,303,23.9
RITMpC,1,9960,113,21.7
RITMpD,1,35952,264,22.38
RIV,1,66883,373,11.81
RIVN,1,58198259,116508,16.11
RIVpA,1,6138,36,23.8499
RJF,1,794586,16870,112.1
RJFpB,1,2058,8,25.21
RJMG,1,26380,60,21.1898
RKDA,1,10078,109,2.4578
RKLB,1,5974202,19891,4.3
RKT,1,1180871,14242,11.48
RL,1,4400054,60114,171.85
RLAY,1,646125,8657,8.89
RLGT,1,193137,2262,6.21
RLI,1,168432,4957,137.2
RLJ,1,955107,8047,11.64
RLJpA,1,14010,192,25.05
RLMD,1,205986,2196,5.24
RLTY,1,42098,256,14.12
RLX,1,3222532,6184,1.84
RLY,1,207540,598,26.29
RLYB,1,665567,3778,1.71
RM,1,36561,766,23.05
RMAX,1,119140,2198,9.95
RMBI,1,15959,305,10.23
RMBL,1,139607,2449,6.44
RMBS,1,2939234,49539,56.25
RMCF,1,3140,50,4.03
RMCO,1,33072,240,1.36
RMD,1,886029,23705,183.75
RMI,1,12657,54,15.96
RMIF,1,161,3,25.13
RMM,1,43308,256,15.35
RMMZ,1,21901,125,15.81
RMNI,1,161246,1421,3.14
RMPLp,1,1180,15,24.91
RMR,1,96064,2275,25.62
RMT,1,66789,322,9.16
RMTI,1,222014,759,1.23
RNA,1,593963,7707,12.51
RNAC,1,233408,1641,0.6803
RNAZ,1,688265,2176,0.674
RNEM,1,2302,22,50.12
RNEW,1,10,1,22.4382
RNG,1,890039,13717,33.36
RNGR,1,195907,2737,9.85
RNLC,1,595,10,35.2088
RNLX,1,4869447,8420,0.5414
RNMC,1,49,3,30.54
RNP,1,71858,488,20.11
RNR,1,626230,15475,226.51
RNRG,1,4939,63,9.97
RNRpF,1,18931,231,24.86
RNRpG,1,22437,296,18.52
RNSC,1,7198,99,27.84
RNST,1,138650,2741,30.91
RNW,1,300361,3489,6.45
RNWWW,1,4296,23,0.7698
RNWZ,1,1081,4,20.3658
RNXT,1,16066,101,1.5501
ROAD,1,403709,8022,50.35
ROAM,1,12020,26,22.4621
ROBO,1,74855,1199,55.41
ROBT,1,146785,575,44.51
ROCK,1,123393,3411,85.3
ROCL,1,2227,20,10.9522
ROCLW,1,12391,12,0.0799
RODE,1,1812,13,26.325
RODM,1,127834,725,26.76
ROE,1,15039,46,26.8073
ROG,1,83693,3208,117.67
ROI,1,1568860,1823,0.107
ROIC,1,1806737,13507,13.75
ROIV,1,7151427,40445,10.57
ROK,1,2018123,41282,278.71
ROKT,1,668,26,42.8734
ROKU,1,5773355,69871,94.7
ROL,1,2378747,22173,43.73
ROM,1,35837,489,59.47
ROMA,1,8598328,22017,1.14
ROMO,1,5300,20,27.4885
ROOF,1,4732,41,19.1824
ROOT,1,76834,1180,7.39
ROP,1,504799,23241,545.34
RORO,1,2627,16,17.6924
ROSC,1,2600,26,40.14
ROSS,1,685,31,10.97
ROSS.U,1,2800,28,11.0
ROSS.WS,1,3412,6,0.07
ROST,1,1319880,33416,146.06
ROUS,1,26396,110,45.57
ROVR,1,558991,2854,10.96
ROYA,1,3,3,24.5971
RPAR,1,45771,246,18.55
RPAY,1,514166,5860,8.06
RPD,1,2365081,28333,58.73
RPG,1,340104,1010,34.68
RPHM,1,190325,872,1.65
RPHS,1,17001,27,9.31
RPID,1,10913,99,0.95
RPM,1,543370,10588,106.49
RPRX,1,3327295,32546,28.7
RPTX,1,107056,1262,7.97
RPV,1,180383,1139,81.24
RQI,1,320866,1432,11.8
RR,1,371122,1612,1.88
RRAC,1,1096,13,11.1
RRBI,1,7471,264,51.1
RRC,1,3895560,32055,28.46
RRGB,1,87023,1224,10.17
RRR,1,2236098,23235,57.91
RRX,1,1245748,24050,148.0
RS,1,184519,6913,297.43
RSBT,1,20935,103,17.09
RSEE,1,1298,17,26.3881
RSF,1,1242,22,16.06
RSG,1,1119944,22526,174.64
RSHO,1,1230,16,32.9722
RSI,1,1029498,8130,5.9
RSKD,1,449955,3685,4.72
RSLS,1,278489,648,0.196
RSP,1,4900248,44679,158.74
RSPC,1,7732,80,29.0649
RSPD,1,17634,316,48.05
RSPE,1,12199,70,24.41
RSPF,1,43416,304,59.104
RSPG,1,270697,1622,72.5
RSPH,1,147044,866,30.57
RSPM,1,29816,171,32.36
RSPN,1,46823,334,44.3
RSPR,1,5049,73,31.5255
RSPS,1,134176,298,31.18
RSPT,1,464331,2765,33.81
RSPU,1,21528,268,51.66
RSSB,1,28681,99,21.338
RSSS,1,48613,277,2.88
RSST,1,11439,64,21.07
RSVR,1,145774,816,6.14
RTAI,1,428,5,20.74
RTC,1,2780920,6626,0.86
RTH,1,4154,215,197.24
RTO,1,367619,4623,25.62
RTX,1,5800107,71783,91.04
RUFF,1,318,6,23.4304
RULE,1,6992,16,21.28
RUM,1,7162288,37353,7.97
RUMBW,1,33187,108,2.06
RUN,1,12137478,71764,15.44
RUNN,1,48770,112,29.2146
RUSHA,1,246774,6192,46.55
RUSHB,1,8653,439,49.38
RVLV,1,995482,11717,15.66
RVMD,1,854750,13386,30.38
RVMDW,1,321,5,0.201
RVNC,1,1660200,13472,5.42
RVNU,1,18420,108,25.45
RVP,1,46283,237,1.2
RVPH,1,219815,1933,4.33
RVPHW,1,6191,15,1.0
RVRB,1,50,2,26.0007
RVSB,1,19771,408,4.89
RVSN,1,589542,5623,11.59
RVSNW,1,72908,88,0.1251
RVT,1,253858,1154,14.34
RVTY,1,753351,16421,103.25
RVYL,1,12214,154,3.99
RWAY,1,387936,3500,13.47
RWAYL,1,4124,27,25.2714
RWAYZ,1,6559,42,25.41
RWJ,1,216083,857,40.38
RWK,1,18644,257,104.8
RWL,1,120945,1119,87.73
RWM,1,1728224,4892,21.7
RWO,1,69224,503,41.9
RWR,1,323250,3368,92.13
RWT,1,965633,9461,6.49
RWTN,1,43203,183,25.0
RWTpA,1,2877,39,24.15
RWX,1,85874,363,25.42
RXD,1,656,21,10.8012
RXI,1,3269,48,160.01
RXL,1,3963,78,101.26
RXO,1,2811224,25875,20.75
RXRX,1,4221568,30524,9.9
RXST,1,267786,5925,48.94
RXT,1,641363,4325,1.59
RY,1,1206478,7497,96.76
RYAAY,1,1054781,13642,138.99
RYAM,1,433740,3693,4.57
RYAN,1,568267,8890,43.43
RYI,1,144537,2906,34.19
RYJ,1,12520,45,61.3429
RYLD,1,933114,5332,16.48
RYLG,1,805,34,24.8
RYN,1,343823,6727,32.87
RYSE,1,399,12,23.4248
RYTM,1,489688,7955,47.55
RYZB,1,235114,2486,62.27
RZB,1,18139,107,25.376
RZC,1,29255,313,26.27
RZG,1,43724,462,45.4537
RZLT,1,35020,148,1.0
RZV,1,2492,75,101.1842
S,1,4815218,47191,29.04
SA,1,407015,3774,10.01
SAA,1,5599,74,22.98
SABA,1,163328,469,3.85
SABR,1,1917258,11097,4.13
SABS,1,1275,55,5.4318
SABSW,1,4270,26,0.0163
SACC,1,1206,13,24.39
SACH,1,206640,1889,3.53
SACHpA,1,3130,31,21.89
SAEF,1,3419,26,22.9094
SAFE,1,188474,4108,20.6
SAFT,1,31210,1531,82.3
SAGA,1,2272,6,10.9
SAGAR,1,3256,20,0.0578
SAGAU,1,600,9,11.03
SAGE,1,731729,11169,23.78
SAGP,1,690,7,25.9662
SAH,1,426493,7254,55.2
SAI,1,62388,257,0.9
SAIA,1,315120,11038,553.1
SAIC,1,247935,8033,130.21
SAJ,1,2662,10,25.31
SAM,1,84473,4344,351.81
SAMG,1,34196,647,16.12
SAMT,1,750,13,24.4251
SAN,1,2713395,7768,3.93
SANA,1,9274200,51090,6.16
SAND,1,1485998,5206,4.41
SANE,1,3,2,23.0887
SANG,1,4488,46,2.87
SANM,1,685115,12106,59.29
SANW,1,19554,90,0.5501
SAP,1,549599,14209,181.16
SAR,1,47087,782,22.98
SARK,1,1500526,7694,27.96
SASI,1,21823,217,3.4
SASR,1,224995,3657,22.7
SAT,1,4662,36,24.38
SATL,1,32392,170,1.33
SATO,1,13484,115,12.0907
SATS,1,921156,12087,13.51
SATX,1,216595,392,0.401
SAUG,1,13602,49,20.97
SAVA,1,565033,6903,25.25
SAVAW,1,89584,787,7.72
SAVE,1,22537316,82208,7.18
SAY,1,1362,9,25.5399
SAZ,1,2451,23,25.62
SB,1,409639,3230,4.15
SBAC,1,1313608,22921,216.2
SBB,1,2246,36,16.65
SBBA,1,2274,9,25.2201
SBCF,1,339322,5078,24.31
SBET,1,43303,246,1.1
SBEV,1,155514,558,0.333
SBEV.WS,1,2400,4,0.045
SBFG,1,8125,77,15.4
SBFM,1,124640,315,0.23015
SBGI,1,589221,10046,14.025
SBH,1,979107,11838,12.98
SBI,1,22906,100,7.84
SBIO,1,49173,81,34.6057
SBLK,1,1130293,14278,22.94
SBND,1,347,9,18.345
SBOW,1,391553,4971,27.21
SBR,1,27876,599,62.1
SBRA,1,2900653,20799,13.4
SBS,1,500120,5006,15.74
SBSI,1,95255,2563,29.77
SBSW,1,4026712,17351,4.35
SBT,1,13923,194,5.08
SBUX,1,9831050,132233,96.59
SBXC,1,631,9,10.4
SBpD,1,5755,59,25.23
SCAP,1,3487,25,31.664
SCC,1,242,21,15.393
SCCB,1,581,11,24.98
SCCC,1,5158,82,24.8
SCCD,1,886,11,21.99
SCCE,1,1777,18,22.3
SCCF,1,1743,24,22.39
SCCG,1,1038,16,23.65
SCCO,1,785471,14874,80.94
SCD,1,46262,256,14.22
SCDL,1,1,1,34.2843
SCEpG,1,16866,164,20.78
SCEpH,1,12790,58,25.01
SCEpJ,1,17480,150,23.02
SCEpK,1,7349,97,24.1553
SCEpL,1,19854,283,20.31
SCEpM,1,17962,172,26.41
SCHA,1,886906,5692,46.24
SCHB,1,520451,4259,58.05
SCHC,1,384941,1599,33.76
SCHD,1,2478132,51937,77.07
SCHE,1,1479127,4852,24.3
SCHF,1,3749742,7300,36.71
SCHG,1,1163495,9762,89.44
SCHH,1,3072200,6625,19.78
SCHI,1,309443,889,44.3
SCHJ,1,46903,177,48.21
SCHK,1,809631,1714,48.17
SCHL,1,240702,5465,38.4
SCHM,1,302006,2047,75.44
SCHO,1,1817253,4068,48.3
SCHP,1,1055634,4159,51.69
SCHQ,1,198328,1146,33.52
SCHR,1,1580272,2660,49.14
SCHV,1,314497,2322,71.09
SCHW,1,5382470,65355,62.47
SCHWpD,1,35665,349,25.5
SCHWpJ,1,56475,416,20.94
SCHX,1,1416611,6007,59.11
SCHY,1,72214,488,24.15
SCHZ,1,1110847,3061,45.9
SCI,1,1390729,18916,66.21
SCJ,1,14424,109,70.7545
SCKT,1,9824,74,1.114
SCL,1,66798,2098,90.01
SCLX,1,362999,3010,1.63
SCLXW,1,10582,32,0.439899
SCM,1,98598,964,12.74
SCMB,1,32013,213,52.2
SCNI,1,17481,119,0.5
SCO,1,3583579,12718,18.49
SCOR,1,1042,138,18.35
SCPH,1,321194,1950,5.11
SCPX,1,121354,319,0.3636
SCRD,1,3,3,41.2893
SCRM,1,94097,286,10.64
SCRMU,1,200,5,10.85
SCS,1,413926,4576,12.86
SCSC,1,172103,5139,37.67
SCTL,1,74976,204,0.4601
SCVL,1,151420,3711,27.47
SCWO,1,61659,367,1.14
SCWX,1,30647,291,7.0
SCX,1,14392,178,13.35
SCYB,1,41261,274,51.81
SCYX,1,131512,706,1.92
SCZ,1,958835,6877,59.96
SD,1,410204,4705,12.4
SDA,1,365059,2125,6.34
SDAWW,1,846,6,0.2675
SDCI,1,4638,27,17.946
SDCP,1,0,0,25.78
SDD,1,1484,52,19.8209
SDEM,1,5257,42,24.8212
SDG,1,13035,173,76.06
SDGR,1,374646,8782,27.2
SDHC,1,157043,2134,27.83
SDHY,1,48812,234,15.3
SDIG,1,939215,5376,5.3
SDIV,1,282554,3037,20.85
SDOG,1,35630,267,50.44
SDOT,1,36496,138,0.352
SDOW,1,5143457,10458,17.2
SDP,1,12148,139,13.9908
SDPI,1,58789,151,0.724
SDRL,1,968130,6400,43.79
SDS,1,4105868,8574,27.53
SDSI,1,2929,32,50.755
SDVD,1,57254,169,20.53
SDVY,1,1520108,3357,32.1
SDY,1,368775,4159,123.3
SE,1,4544803,45508,43.34
SEA,1,11280,134,15.1046
SEALpA,1,1646,24,25.08
SEALpB,1,1200,67,24.875
SEAS,1,507813,8402,48.36
SEAT,1,1144423,9204,5.53
SEATW,1,2205,25,0.85
SEB,1,2502,1370,3551.3
SECO,1,2133432,5090,0.525
SECT,1,74363,208,48.05
SEDA,1,256206,22,10.89
SEDG,1,1865616,34447,75.51
SEE,1,1261835,17193,35.12
SEED,1,10968,77,1.98
SEEL,1,238905,1270,0.789
SEER,1,258755,2618,1.78
SEF,1,16881,74,11.04
SEIC,1,477170,10156,66.31
SEIM,1,1293,14,30.2778
SEIQ,1,600,12,31.6546
SEIV,1,1042,13,28.531
SEIX,1,34908,214,24.0351
SELF,1,19152,114,4.33
SELV,1,2437,18,26.6718
SEM,1,378238,7561,26.22
SEMI,1,10502,94,23.0805
SEMR,1,572366,7514,12.14
SENEA,1,29889,1333,51.61
SENS,1,1199428,2841,0.54
SEPA,1,1119,18,10.8
SEPAW,1,32800,16,0.146
SEPT,1,3352,15,27.1639
SEPW,1,633,8,26.6223
SEPZ,1,54,1,34.5734
SERA,1,173504,1749,8.1
SES,1,275308,2002,1.26
SETH,1,1295,17,29.0748
SETM,1,4125,32,16.0576
SEVN,1,73602,1235,12.14
SEZL,1,14907,479,42.34
SF,1,630019,11100,75.8
SFB,1,41784,375,20.69
SFBS,1,181309,4291,60.42
SFE,1,6997,36,0.652
SFIG,1,1975,26,47.83
SFIX,1,698346,4924,3.45
SFL,1,917273,7609,11.97
SFLO,1,24,3,24.9647
SFLR,1,26057,110,28.43
SFM,1,1210318,18475,50.76
SFNC,1,482463,8798,17.68
SFST,1,11846,345,33.67
SFWL,1,442525,2468,1.95
SFY,1,131091,1245,17.7
SFYF,1,2648,101,30.7582
SFYX,1,11439,184,12.87
SFpB,1,15324,159,24.3411
SFpC,1,6286,131,24.5
SFpD,1,8448,115,18.25
SG,1,2439907,22671,11.88
SGA,1,7965,247,23.61
SGBX,1,104594,307,0.2901
SGC,1,24026,777,13.74
SGD,1,121047,464,0.848
SGDJ,1,9964,71,26.5346
SGDM,1,59075,184,22.3399
SGE,1,6480,31,1.07
SGH,1,748724,12386,21.99
SGHC,1,664215,2226,3.27
SGHT,1,139545,1513,4.53
SGLC,1,40850,110,31.31
SGLY,1,110243,14459,0.5
SGMA,1,8691,74,3.26
SGML,1,2274579,21302,14.26
SGMO,1,1767468,4682,0.55
SGMT,1,1625140,12172,6.0
SGN,1,10300,93,0.7032
SGOL,1,2406740,2632,19.43
SGOV,1,3838264,12958,100.4
SGRP,1,17692,107,1.09
SGRY,1,805043,10219,32.84
SGU,1,36541,625,11.49
SH,1,15058185,5663,12.49
SHAG,1,8712,60,47.225
SHAK,1,584606,10916,79.13
SHBI,1,119490,1281,11.05
SHC,1,1374578,10948,15.99
SHCO,1,928609,8162,5.0
SHCR,1,663697,3231,1.05
SHCRW,1,1260,1,0.0229
SHDG,1,0,0,25.4269
SHE,1,2122,162,100.7768
SHEL,1,4431995,41701,63.56
SHEN,1,111949,2605,19.78
SHFS,1,54172,160,0.9488
SHFSW,1,39671,67,0.07
SHG,1,117242,1716,32.94
SHIM,1,11479,177,6.09
SHIP,1,59584,736,7.4
SHLD,1,5736,71,28.995
SHLS,1,2999522,28189,15.44
SHLT,1,10788,133,6.5
SHM,1,258913,906,47.6
SHNY,1,650,23,25.6629
SHO,1,787791,6993,10.74
SHOC,1,8094,144,41.39
SHOO,1,636657,13147,40.96
SHOP,1,20832784,208184,87.87
SHOT,1,2575663,10678,3.84
SHOTW,1,7350,33,1.06
SHOpH,1,7622,18,21.42
SHOpI,1,6483,31,20.12
SHPH,1,99626,186,0.3795
SHPP,1,2,2,27.3679
SHPW,1,28841,92,1.93
SHPWW,1,33350,45,0.0035
SHRT,1,11804,21,8.125
SHUS,1,0,0,39.9215
SHV,1,1722475,25384,110.25
SHW,1,1197555,24368,312.15
SHY,1,2233372,7346,81.84
SHYD,1,84348,719,22.09
SHYF,1,231788,3555,10.85
SHYG,1,755356,3194,42.32
SHYL,1,11891,97,44.25
SIBN,1,133942,2765,21.11
SID,1,3143087,5064,3.57
SIDU,1,97724,1010,4.33
SIEB,1,955,82,1.7
SIEN,1,81043,233,0.6095
SIF,1,9430,75,3.42
SIFI,1,3,2,43.3139
SIFY,1,97963,444,1.32
SIG,1,531887,13863,101.03
SIGA,1,226136,2781,4.64
SIGI,1,528312,7967,97.18
SIGIP,1,7613,85,18.3608
SIHY,1,4017,20,45.1901
SII,1,81364,1321,36.76
SIJ,1,8865,66,10.87
SIL,1,136731,1397,24.87
SILC,1,42163,671,15.8
SILJ,1,596575,2413,8.52
SILK,1,671066,9051,16.63
SILO,1,5995,64,1.53
SILV,1,681321,4402,5.53
SIMO,1,854042,12716,67.9
SIMS,1,2787,24,32.9291
SING,1,536070,655,0.43
SINT,1,5611291,4817,0.1601
SIO,1,7,2,25.204
SIRI,1,11916752,35523,4.99
SISI,1,366394,314,0.1352
SITC,1,1415983,11987,13.78
SITCpA,1,16179,139,23.31
SITE,1,211626,5780,160.89
SITM,1,241207,6909,116.37
SIVR,1,699603,2318,21.6
SIX,1,777130,9506,25.21
SIXA,1,634,8,38.9988
SIXF,1,8312,48,25.4
SIXH,1,3607,25,34.5516
SIXJ,1,16791,77,27.1601
SIXL,1,80012,12,33.069
SIXO,1,3711,58,29.2796
SIXS,1,2282,5,46.0245
SIZE,1,2578,33,133.06
SJ,1,535857,1282,0.785
SJB,1,113210,564,17.3
SJIM,1,159,21,19.84
SJM,1,845448,18158,131.09
SJNK,1,2559866,5896,25.13
SJT,1,331288,2000,4.42
SJW,1,131536,3492,58.94
SKE,1,90594,509,4.35
SKF,1,31351,106,13.8628
SKGR,1,1644,21,11.1
SKGRU,1,100,1,10.85
SKIL,1,22907,861,12.31
SKIN,1,1538368,8987,2.7
SKLZ,1,226104,3280,6.18
SKM,1,337098,4621,21.05
SKOR,1,20866,97,47.58
SKRE,1,28407,247,28.87
SKT,1,584334,8288,26.51
SKWD,1,269199,4497,30.01
SKX,1,2059985,26701,57.97
SKY,1,318186,6627,79.51
SKYH,1,2915,221,11.5
SKYH.WS,1,4472,23,1.18
SKYT,1,334564,3350,9.29
SKYU,1,842,16,25.15
SKYW,1,497796,10760,59.69
SKYX,1,212018,1131,1.55
SKYY,1,152099,2188,95.02
SLAB,1,416539,11148,137.27
SLAC,1,479,11,10.49
SLACU,1,100,1,10.0
SLACW,1,70720,50,0.2
SLAM,1,50289,24,10.9
SLAMU,1,1143,17,11.01
SLAMW,1,290,2,0.2
SLB,1,12042656,100965,47.79
SLCA,1,518806,6813,10.46
SLDB,1,348674,3363,7.24
SLDP,1,2964274,6731,1.6
SLDPW,1,27622,75,0.1795
SLE,1,88334,368,2.27
SLF,1,556764,6980,52.78
SLG,1,1096151,16443,44.75
SLGL,1,3384,43,1.2475
SLGN,1,404869,9085,44.42
SLGpI,1,11733,93,21.04
SLI,1,836783,3460,1.46
SLM,1,1343004,17020,19.5
SLMBP,1,1595,82,71.65
SLN,1,1851323,2865,21.2
SLNA,1,641165,970,0.3799
SLNAW,1,6949,12,0.0078
SLND,1,14345,204,4.89
SLND.WS,1,2244,12,0.4
SLNG,1,1828,17,4.42
SLNH,1,37355,357,2.9599
SLNHP,1,1019,18,3.3
SLNO,1,137397,3045,47.48
SLP,1,115170,2831,40.74
SLQD,1,409324,1516,49.1
SLQT,1,1035110,3598,1.18
SLRC,1,163955,2018,14.84
SLRN,1,1006389,9704,8.19
SLRX,1,26660,156,0.545
SLS,1,1418611,3369,0.7761
SLV,1,16472242,23105,20.65
SLVM,1,188891,4406,46.73
SLVO,1,5975,182,70.13
SLVP,1,48676,338,8.57
SLX,1,12269,206,69.6556
SLYG,1,445481,2205,82.53
SLYV,1,910563,2311,78.78
SM,1,1043916,14297,36.97
SMAR,1,804228,13792,46.36
SMAY,1,6095,42,21.8364
SMB,1,412232,1257,17.01
SMBC,1,25056,640,40.82
SMBK,1,12242,324,21.66
SMCF,1,3572,9,26.6125
SMCI,1,9402268,179285,698.0
SMCO,1,4317,22,22.1833
SMCP,1,1959,40,29.2078
SMDD,1,3517,35,13.4063
SMDV,1,128175,1080,61.24
SMDY,1,33,1,40.4703
SMFG,1,1090103,5884,10.14
SMFL,1,92707,311,0.9699
SMG,1,931408,17464,57.66
SMH,1,8834200,103509,199.43
SMHB,1,16907,202,5.82
SMHI,1,37996,623,10.29
SMI,1,403,20,46.2302
SMID,1,31386,872,44.99
SMIG,1,54286,228,25.01
SMIN,1,125983,2171,73.89
SMIZ,1,30010,34,29.18
SMLE,1,421,3,25.8262
SMLF,1,64061,469,58.73
SMLP,1,10475,120,16.86
SMLR,1,85911,1829,47.43
SMLV,1,7802,54,106.6358
SMMD,1,130627,689,61.09
SMMF,1,24057,583,26.95
SMMT,1,1897325,8043,4.18
SMMU,1,97629,163,49.945
SMMV,1,48940,336,35.52
SMN,1,3491,43,8.7583
SMOG,1,3379,76,95.096
SMOT,1,229994,388,31.38
SMP,1,170068,2183,40.53
SMPL,1,1295106,18985,35.88
SMR,1,1419874,7409,2.72
SMR.WS,1,21393,59,0.3299
SMRI,1,40605,18,26.5872
SMRT,1,915752,4805,3.02
SMSI,1,60235,352,0.814
SMTC,1,705855,8896,20.26
SMTH,1,45399,221,25.648
SMTI,1,8337,284,40.2
SMWB,1,205685,2145,7.01
SMX,1,6279961,13335,0.352
SMXWW,1,59687,46,0.0041
SN,1,613158,8028,49.87
SNA,1,775742,23363,266.03
SNAL,1,2178,49,0.88
SNAP,1,87846761,258483,11.1
SNAV,1,13322,37,27.85
SNAX,1,9610,74,1.485
SNAXW,1,40661,43,0.0062
SNBR,1,334904,6115,9.87
SNCE,1,32992,258,5.68
SNCR,1,51671,492,6.072
SNCRL,1,1710,69,19.9599
SNCY,1,415316,5741,14.76
SND,1,41659,344,1.84
SNDA,1,6439,185,11.525
SNDL,1,1912413,7063,1.36
SNDR,1,521994,9291,24.22
SNDX,1,1125464,9822,22.0
SNES,1,432731,1351,1.02
SNEX,1,160875,3936,63.03
SNFCA,1,10620,217,7.99
SNGX,1,95238,272,0.648
SNMP,1,1459,43,1.3138
SNN,1,491356,7468,27.99
SNOA,1,1377149,1325,0.1602
SNOV,1,3229,16,21.0412
SNOW,1,5995314,91544,222.9
SNPD,1,64,3,25.2516
SNPE,1,63749,338,45.49
SNPG,1,376,14,36.66
SNPO,1,20579,282,8.35
SNPS,1,1495604,44180,570.69
SNPV,1,36,4,28.7998
SNPX,1,117112,151,0.197899
SNSE,1,34122,135,0.81
SNSR,1,21969,195,34.45
SNT,1,4933,45,1.165
SNTG,1,75621,454,2.48
SNTI,1,64933,343,0.431
SNV,1,676754,12832,35.33
SNVpD,1,13017,77,24.85
SNVpE,1,37175,226,23.51
SNX,1,521427,13457,100.81
SNY,1,3265192,22025,46.56
SO,1,3750382,42678,66.94
SOAR,1,18046,166,2.565
SOBR,1,17085,84,0.7
SOCL,1,12578,132,39.92
SOF,1,680,20,100.42
SOFI,1,49558415,109420,8.08
SOGP,1,112762,347,2.74
SOHO,1,102189,482,1.34
SOHOB,1,2298,24,19.25
SOHON,1,1200,25,19.2151
SOHOO,1,576,6,19.47
SOHU,1,37698,624,9.62
SOI,1,342161,3495,7.51
SOJC,1,16118,220,24.45
SOJD,1,36837,289,23.31
SOJE,1,21507,171,20.61
SOL,1,421891,2087,1.65
SOLO,1,586292,1214,0.252
SOLR,1,7,1,26.2062
SON,1,323786,7582,56.89
SOND,1,15937,182,2.68
SONDW,1,150964,78,0.0091
SONM,1,33066,106,0.6102
SONN,1,21000,157,1.47
SONO,1,4235828,40892,18.19
SONY,1,624919,14415,96.4
SOPA,1,379478,533,0.1661
SOPH,1,14077,193,4.5
SOR,1,33958,390,40.6
SOS,1,133555,1051,3.46
SOTK,1,26946,160,5.68
SOUN,1,14340543,28017,1.95
SOUNW,1,50893,61,0.249
SOVF,1,637,19,27.9331
SOVO,1,505843,4033,22.26
SOXL,1,59516892,364852,37.15
SOXQ,1,161685,1283,35.25
SOXS,1,116964009,102112,4.58
SOXX,1,919739,21220,617.14
SOYB,1,21674,210,25.17
SP,1,831318,5132,51.11
SPAB,1,2225063,3498,25.24
SPAM,1,966,12,28.477
SPAQ,1,318,14,95.0212
SPAX,1,506,14,20.38
SPB,1,733659,14952,86.1
SPBC,1,12549,66,30.4282
SPBO,1,1581440,1998,28.95
SPC,1,2788,16,21.32
SPCB,1,1334709,2063,0.178
SPCE,1,5126370,13765,1.76
SPCX,1,516,15,23.14
SPCZ,1,300,3,25.84
SPD,1,18283,112,30.09
SPDG,1,1337,17,32.81
SPDN,1,3387521,1083,12.8
SPDV,1,2399,29,28.93
SPDW,1,2784081,6108,33.73
SPE,1,39238,238,12.16
SPEC,1,27130,256,1.66
SPEM,1,2081821,7242,34.71
SPEU,1,2726,57,39.8
SPEpC,1,1740,5,22.8
SPFF,1,45710,352,9.4
SPFI,1,10963,358,25.97
SPG,1,1208868,24335,144.1
SPGC,1,62516,184,0.769
SPGI,1,3673189,82750,436.63
SPGM,1,231962,444,56.63
SPGP,1,517450,4030,97.95
SPGpJ,1,821,13,60.23
SPH,1,5884071,9394,19.85
SPHB,1,498267,3731,82.76
SPHD,1,645292,6230,41.42
SPHQ,1,732714,5696,57.28
SPHR,1,1106348,15954,40.67
SPHY,1,1880125,5717,23.32
SPI,1,48067,394,0.5902
SPIB,1,5498003,3663,32.58
SPIP,1,459553,955,25.51
SPIR,1,210443,2427,8.15
SPKLW,1,2400,9,0.14
SPLB,1,761806,2474,23.03
SPLG,1,4562194,20177,58.64
SPLK,1,2308850,21746,154.25
SPLPpA,1,13490,81,24.245
SPLV,1,1887050,11221,62.98
SPMB,1,2295435,1733,21.66
SPMD,1,1053242,5580,48.89
SPMO,1,228882,4046,73.83
SPMV,1,2804,5,40.9037
SPNS,1,68177,1503,27.98
SPNT,1,370419,4820,11.81
SPNTpB,1,9979,63,25.41
SPOK,1,82292,1716,16.99
SPOT,1,2732545,40133,240.01
SPPL,1,10638,175,4.72
SPPP,1,99153,510,8.91
SPQ,1,162,2,27.6948
SPR,1,3092769,30837,28.27
SPRB,1,183798,1296,3.98
SPRC,1,45023,334,3.7
SPRE,1,38083,3264,19.57
SPRO,1,265280,797,1.35
SPRU,1,32160,608,3.66
SPRX,1,143778,854,24.8
SPRY,1,263760,3307,6.49
SPSB,1,1659742,3056,29.75
SPSC,1,137630,4310,183.77
SPSK,1,104218,3000,17.77
SPSM,1,1334271,6734,40.81
SPT,1,424995,10758,63.1
SPTE,1,8467,48,23.5406
SPTI,1,2493123,1845,28.22
SPTL,1,16025330,9208,27.75
SPTM,1,352775,2186,60.98
SPTN,1,166547,3814,22.27
SPTS,1,646235,1787,28.97
SPUC,1,17,9,35.6445
SPUS,1,74483,851,36.35
SPUU,1,19605,253,112.67
SPVM,1,2247,16,50.76
SPVU,1,8488,76,44.9042
SPWH,1,168280,2188,3.74
SPWO,1,3796,30,20.383
SPWR,1,3913405,19189,3.23
SPXB,1,125,6,75.15
SPXC,1,126380,4006,106.63
SPXE,1,455,21,106.9588
SPXL,1,4075724,35578,117.71
SPXN,1,1836,22,107.7947
SPXS,1,17312082,14813,10.16
SPXT,1,1175,28,79.9282
SPXU,1,16251211,12326,7.57
SPXV,1,19,2,105.4013
SPXX,1,46847,297,15.47
SPY,1,52253330,406770,498.32
SPYC,1,3436,31,32.6373
SPYD,1,1484682,10594,38.18
SPYG,1,1696843,12140,70.41
SPYI,1,280474,2788,49.55
SPYV,1,1687921,6874,47.09
SPYX,1,47227,345,40.7817
SQ,1,8504920,90007,68.83
SQEW,1,17180,88,31.08
SQFT,1,9699,92,1.03
SQFTP,1,5398,50,15.5
SQFTW,1,3491,6,0.063
SQLV,1,2812,19,40.1252
SQM,1,1174953,14506,40.45
SQNS,1,19203,54,2.92
SQQQ,1,79994651,97216,11.45
SQSP,1,373359,7872,31.71
SQY,1,69993,656,21.16
SR,1,1175443,8695,58.46
SRAD,1,197903,3067,10.28
SRBK,1,20979,253,9.05
SRCE,1,124840,1510,49.91
SRCL,1,257992,5588,48.3
SRDX,1,35582,997,31.89
SRE,1,1714430,25779,69.84
SREA,1,37412,315,24.73
SRET,1,29931,469,19.97
SRFM,1,229545,873,1.14
SRG,1,176105,2398,9.55
SRGpA,1,1831,65,24.22
SRHQ,1,129,2,32.3349
SRHR,1,8,8,57.3253
SRI,1,48234,872,18.37
SRL,1,6946,67,7.88
SRLN,1,2445187,5302,41.72
SRM,1,66311,387,1.59
SROI,1,1654,6,26.9609
SRPT,1,412322,9143,127.38
SRRK,1,291998,5474,15.71
SRS,1,47443,392,15.68
SRTS,1,131632,853,3.65
SRTY,1,1374276,6363,32.28
SRV,1,42711,407,34.7157
SRVR,1,45169,473,28.525
SRZN,1,9222,192,9.4199
SRZNW,1,1220,10,0.0161
SRpA,1,182176,524,23.72
SSB,1,398929,8664,79.89
SSBI,1,20330,133,9.85
SSBK,1,6787,188,26.14
SSD,1,400235,8531,190.42
SSFI,1,919,9,21.135
SSG,1,175186,633,3.57
SSIC,1,5261,34,8.05
SSKN,1,5227,71,0.535
SSL,1,492194,4169,8.13
SSLY,1,0,0,43.082
SSNC,1,1014112,19391,60.43
SSNT,1,49920,450,13.37
SSO,1,1803872,10918,70.86
SSP,1,1003774,9533,5.665
SSPX,1,242,9,24.843
SSPY,1,9,6,71.9794
SSRM,1,1846093,14497,9.41
SSSS,1,61278,369,3.58
SST,1,65049,669,1.88
SSTI,1,17415,508,20.35
SSTK,1,603507,13317,44.3
SSUS,1,77749,221,36.89
SSXU,1,3307,28,27.11
SSY,1,8031,31,0.9
SSYS,1,244840,4543,13.4
ST,1,2868870,24177,32.71
STAA,1,348427,7600,30.35
STAF,1,3880,52,0.303
STAG,1,1047333,15744,37.51
STAX,1,2,1,25.27
STBA,1,114935,3199,31.22
STBX,1,415464,419,0.312
STC,1,397239,8164,59.76
STCE,1,16055,170,28.4984
STCN,1,1221,35,8.99
STE,1,731974,18895,220.26
STEL,1,150480,3195,24.19
STEM,1,3077543,11616,3.17
STEP,1,355937,6612,34.26
STER,1,194342,3268,13.27
STEW,1,46894,291,14.33
STGW,1,467759,5104,6.46
STHO,1,25963,513,11.72
STI,1,901531,4121,1.16
STIM,1,91461,706,3.59
STIP,1,464957,2713,98.61
STIX,1,16078,126,0.6402
STIXW,1,6400,11,0.011881
STK,1,31055,257,33.42
STKH,1,135975,394,0.659
STKL,1,382972,4072,6.21
STKS,1,79170,770,3.93
STLA,1,6907818,28463,24.05
STLD,1,827425,19106,124.84
STLG,1,8643,63,44.93
STM,1,3709478,34004,45.17
STN,1,87823,1693,81.42
STNC,1,0,0,28.5981
STNE,1,4165800,26268,18.16
STNG,1,1175875,16199,66.07
STOK,1,85589,1137,4.39
STOT,1,7649,85,46.86
STPZ,1,13895,119,51.13
STR,1,334088,5374,21.02
STRA,1,48727,1975,96.72
STRC,1,216446,471,0.4951
STRCW,1,112656,136,0.0123
STRL,1,363742,8647,82.3
STRM,1,140576,221,0.4051
STRO,1,529341,4934,4.77
STRR,1,46704,132,0.9556
STRRP,1,2064,24,9.545
STRS,1,2587,104,22.2
STRT,1,5035,118,25.45
STRV,1,59843,437,32.09
STRW,1,3267,68,7.95
STSS,1,103834,261,0.2899
STSSW,1,9639,12,0.1077
STT,1,2357056,31702,72.39
STTK,1,254964,4295,9.0
STTpD,1,115109,302,25.26
STTpG,1,82525,286,23.94
STVN,1,175588,2152,33.73
STWD,1,3323349,25362,19.12
STX,1,1662834,27760,87.68
STXD,1,9661,73,29.966
STXE,1,9294,87,27.7894
STXG,1,14168,109,36.1209
STXK,1,15138,163,28.27
STXS,1,174441,1802,2.43
STXT,1,25470,181,20.21
STXV,1,8774,55,26.75
STZ,1,1036610,22061,243.05
SU,1,4859212,26877,32.24
SUB,1,437146,2014,105.02
SUGP,1,159851,886,2.57
SUI,1,636113,9875,124.9
SUM,1,730202,10935,37.74
SUN,1,4798795,8595,60.65
SUNW,1,138695223,62746,0.0544
SUP,1,51602,312,3.19
SUPL,1,775,15,40.447
SUPN,1,208618,5666,27.9
SUPP,1,1113,16,61.3116
SUPV,1,1497294,7285,3.73
SURE,1,508,8,107.085
SURG,1,1189378,8440,8.08
SURGW,1,209027,1557,3.33
SURI,1,18,8,20.9739
SUSA,1,96945,1084,104.02
SUSB,1,160384,363,24.43
SUSC,1,298644,1138,22.86
SUSL,1,15798,234,89.09
SUZ,1,2020719,12650,10.68
SVAL,1,5186,54,28.8073
SVC,1,523744,4495,7.72
SVFD,1,17968,187,1.61
SVII,1,929,9,10.91
SVIIU,1,1547,11,11.03
SVIX,1,681124,3814,41.04
SVM,1,721188,2453,2.25
SVMH,1,314034,629,0.18
SVMHW,1,3045,3,0.02
SVOL,1,369000,2503,22.91
SVRA,1,706887,6258,4.77
SVRE,1,280892,787,0.87
SVREW,1,1310,4,0.1249
SVV,1,377360,5292,19.59
SVXY,1,1531273,20814,109.26
SWAG,1,27451,148,1.45
SWAN,1,11758,121,27.0241
SWAV,1,344127,11309,236.78
SWBI,1,328597,5060,13.67
SWI,1,758499,9202,13.27
SWIM,1,246051,2315,2.72
SWIN,1,133446,1236,5.29
SWK,1,1050295,19366,89.27
SWKH,1,7268,101,16.95
SWKHL,1,1352,11,24.9999
SWKS,1,1882539,33098,104.59
SWN,1,13035451,39143,6.48
SWSSW,1,38100,40,0.055
SWTX,1,1266567,20029,46.43
SWVL,1,24337,231,4.57
SWVLW,1,70777,21,0.01
SWX,1,275362,6295,58.44
SWZ,1,7425,61,7.9
SXC,1,1325424,6835,11.18
SXI,1,48210,2445,154.78
SXQG,1,3780,31,28.04
SXT,1,169896,4974,62.74
SXTC,1,10168692,83044,2.12
SXTP,1,570242,869,0.282
SXUS,1,21,4,17.2731
SY,1,91832,428,1.03
SYBT,1,55063,1648,45.76
SYBX,1,261748,946,3.45
SYF,1,3459684,31656,38.88
SYFpA,1,99663,390,18.74
SYII,1,0,0,44.4328
SYK,1,1428850,31170,339.03
SYLD,1,67287,761,67.51
SYM,1,3177479,41871,42.99
SYNA,1,573290,14909,110.22
SYNB,1,20,1,29.4797
SYNX,1,2547,29,3.17
SYPR,1,17641,152,1.9
SYRA,1,92710697,447142,4.85
SYRE,1,192830,2505,23.69
SYRS,1,79059,1304,7.06
SYT,1,12062,187,3.582
SYTA,1,12137,221,3.33
SYUS,1,0,0,45.3583
SYY,1,4451107,42398,79.32
SZK,1,683,8,14.74
SZNE,1,6728,69,36.736
SZZL,1,1008,12,11.1
SZZLW,1,1025,2,0.0979
T,1,66251033,160235,16.82
TAC,1,601306,3941,6.83
TACK,1,13194,65,25.3
TACT,1,4141,93,7.65
TAFI,1,228964,242,25.09
TAFL,1,91,2,25.456
TAFM,1,7,1,25.35
TAGG,1,21,5,42.308
TAGS,1,4410,41,28.68
TAIL,1,26479,146,12.35
TAIT,1,32820,104,3.18
TAK,1,972996,7496,14.0
TAL,1,18686705,102838,13.21
TALK,1,737330,4621,2.45
TALKW,1,21500,34,0.14
TALO,1,1449405,14790,12.33
TAN,1,1433740,13654,44.1
TANH,1,1262752,2370,0.71
TAOP,1,1637692,6670,1.16
TAP,1,2277398,30569,60.26
TARA,1,107527,854,2.89
TARK,1,75024,1070,76.82
TARO,1,35964,680,42.34
TARS,1,505201,7024,31.19
TASK,1,179974,3780,12.1
TAST,1,334382,2144,9.41
TATT,1,8801,139,12.4
TAXF,1,17973,107,50.55
TAYD,1,15750,467,34.25
TBB,1,44911,347,23.95
TBBK,1,454399,9455,42.63
TBC,1,48711,395,25.0
TBF,1,439728,1217,23.34
TBFC,1,4403,18,25.3381
TBFG,1,0,0,25.6637
TBG,1,30725,103,27.6338
TBI,1,146586,2421,13.25
TBIL,1,800206,2320,49.91
TBIO,1,18433,124,0.322
TBJL,1,23401,65,19.6538
TBLA,1,996938,9438,4.74
TBLD,1,83163,429,15.92
TBLL,1,139307,354,105.68
TBLT,1,9757,243,6.29
TBMC,1,503214,238,10.5
TBNK,1,14772,225,9.31
TBPH,1,724100,7720,8.22
TBT,1,1112880,8847,33.48
TBUX,1,15336,80,49.36
TBX,1,44745,151,29.22
TC,1,185869,1052,2.195
TCAF,1,360110,1139,28.81
TCBI,1,301540,6780,59.37
TCBIO,1,19702,117,18.8517
TCBK,1,168447,2721,33.46
TCBP,1,1476858,4779,1.1
TCBPW,1,28130,36,0.0103
TCBS,1,265,4,14.05
TCBX,1,12104,204,18.95
TCHI,1,1848,20,14.925
TCHP,1,355587,423,33.96
TCI,1,2512,143,39.75
TCJH,1,134997,262,1.5
TCMD,1,112844,2837,15.12
TCN,1,6837115,10396,11.02
TCOM,1,3086881,32544,38.99
TCON,1,530500,760,0.1957
TCPC,1,221462,2530,11.07
TCRT,1,100683,763,2.34
TCRX,1,100359,1524,6.0
TCS,1,1607160,3782,1.34
TCTM,1,17027,40,1.0
TCX,1,13995,416,22.14
TD,1,2579645,24415,59.08
TDC,1,523221,9500,48.67
TDCX,1,13147,321,6.28
TDF,1,59363,287,7.52
TDG,1,436946,21354,1128.57
TDI,1,4189,13,27.43
TDIV,1,103626,850,66.51
TDOC,1,2107065,24378,20.38
TDS,1,858093,11827,18.46
TDSB,1,20734,84,21.5786
TDSC,1,21891,58,23.334
TDSpU,1,32735,364,18.45
TDSpV,1,50902,432,16.27
TDTF,1,139626,504,23.46
TDTT,1,181211,295,23.57
TDUP,1,571696,3190,1.98
TDV,1,43511,172,69.6702
TDVG,1,49777,223,36.1021
TDVI,1,5900,32,21.87
TDW,1,497085,9887,67.87
TDW.WS,1,1161,4,2.69
TDY,1,163547,7307,430.67
TEAF,1,26662,163,11.28
TEAM,1,2026897,34454,212.29
TECB,1,58839,460,46.73
TECH,1,879976,14319,67.98
TECK,1,3210365,29908,37.94
TECL,1,1366510,16278,78.69
TECS,1,5088388,6757,8.16
TECTP,1,1610,9,10.035
TEF,1,883057,6096,3.86
TEI,1,77468,236,5.23
TEL,1,1711378,24678,143.11
TELA,1,76651,684,6.85
TELL,1,30693793,27546,0.5469
TELZ,1,9566,59,12.1499
TEMP,1,25,4,40.0928
TENB,1,2208635,31144,50.72
TENK,1,173,6,10.96
TENKU,1,100,1,11.49
TENX,1,2683501,23944,5.07
TEO,1,133011,1844,6.98
TEQI,1,60117,63,36.6613
TER,1,1883087,27124,98.47
TERN,1,526053,5740,6.27
TETE,1,363,10,11.54
TETEW,1,28800,11,0.0199
TEVA,1,7055504,26096,12.09
TEX,1,899283,14760,64.35
TFC,1,7442497,56896,35.51
TFCpI,1,10002,83,21.58
TFCpO,1,54253,523,23.21
TFCpR,1,60643,415,21.24
TFFP,1,15003,223,7.075
TFI,1,521226,1887,46.58
TFII,1,625016,11256,141.5
TFIN,1,168410,4668,77.2
TFINP,1,1625,32,21.3
TFJL,1,811,8,20.7
TFLO,1,4788121,7087,50.56
TFLR,1,3248,46,51.66
TFPM,1,114841,936,12.73
TFPN,1,1823,32,24.365
TFSA,1,1058,17,23.09
TFSL,1,253135,4215,13.09
TFX,1,93953,4685,251.32
TG,1,65080,535,4.71
TGAA,1,34369,186,11.095
TGAAU,1,250,7,11.2
TGAN,1,180977,945,4.88
TGB,1,421939,1457,1.35
TGH,1,368168,3486,49.68
TGHpA,1,2920,37,25.19
TGHpB,1,6870,52,24.96
TGI,1,2088467,23627,15.01
TGIF,1,1858,253,97.895
TGL,1,2682094,2596,0.0928
TGLR,1,3012,24,26.0516
TGLS,1,210700,4565,48.5
TGNA,1,2854371,20131,14.18
TGRT,1,14580,30,31.19
TGRW,1,2728,47,33.2491
TGS,1,230457,2912,12.81
TGT,1,2900958,52068,147.4
TGTX,1,3919257,32066,14.64
TGVC,1,9254,74,11.2087
TGVCW,1,12350,6,0.0202
TH,1,566526,6770,9.28
THAR,1,246619,766,0.3805
THC,1,2193973,33355,89.02
THCH,1,251793,858,1.33
THCPU,1,400,8,10.23
THCX,1,13096,185,17.2408
THD,1,23927,451,59.66
THFF,1,58319,1900,37.67
THG,1,211906,6172,131.02
THLV,1,15582,27,25.5988
THM,1,101547,193,0.54
THMO,1,120852,513,0.8039
THNQ,1,31978,294,43.3651
THO,1,271936,7458,116.5
THQ,1,84656,527,18.84
THR,1,359350,5585,26.9
THRD,1,43527,630,9.02
THRM,1,260847,4493,48.42
THRX,1,324275,808,4.06
THRY,1,92173,1904,21.38
THS,1,423981,7375,43.1
THTA,1,11832,126,20.14
THTX,1,5815,79,1.57
THW,1,127303,606,12.73
THWWW,1,38321,88,0.0449
THY,1,1484,20,22.4455
THYF,1,9594,88,51.64
TIGO,1,87926,1220,16.485
TIGR,1,393467,2792,3.8
TIL,1,16316,269,11.66
TILE,1,154502,2696,12.89
TILL,1,7156,82,21.8809
TILT,1,15319,85,186.94
TIMB,1,410474,3703,18.41
TIME,1,1630,36,23.13
TINT,1,20,1,32.0933
TINY,1,249,12,44.2486
TIP,1,1603911,10844,106.48
TIPT,1,155369,1993,16.45
TIPX,1,487450,607,18.49
TIPZ,1,6290,90,52.8672
TIRX,1,293699,965,0.6231
TISI,1,775,36,6.41
TITN,1,83847,2940,27.0
TIVC,1,16945,153,1.2
TIXT,1,225038,2447,9.17
TJUL,1,16162,49,25.96
TJX,1,6181829,56820,98.36
TK,1,545428,4943,8.12
TKC,1,206978,1589,5.47
TKLF,1,114973,505,0.23
TKNO,1,2240,107,3.22
TKO,1,932218,15024,85.93
TKR,1,590398,12677,80.68
TLF,1,1067,21,4.48
TLH,1,505746,4754,104.39
TLIS,1,4378,48,7.3245
TLK,1,95707,1897,25.33
TLPH,1,70604,243,0.86
TLRY,1,15790931,18487,1.89
TLS,1,307795,3386,4.14
TLSA,1,52172,123,0.524
TLSI,1,19159,452,9.61
TLT,1,49945613,159211,94.04
TLTD,1,9639,59,67.1379
TLTE,1,2264,46,50.28
TLTW,1,674987,6768,26.495
TLYS,1,44956,791,7.34
TM,1,301649,12570,226.31
TMAT,1,13292,111,16.205
TMC,1,979462,3956,1.28
TMCI,1,962023,9172,15.1
TMCWW,1,16375,76,0.13
TMDV,1,38,8,45.7581
TMDX,1,295912,6956,89.2
TME,1,9524277,35155,9.49
TMET,1,103,5,24.12
TMF,1,7732300,87718,54.63
TMFC,1,110927,541,47.94
TMFE,1,9669,69,22.55
TMFG,1,13106,91,28.5263
TMFM,1,5160,40,25.35
TMFS,1,6891,59,30.06
TMFX,1,3950,85,16.8702
TMHC,1,819107,12505,53.61
TMO,1,1517918,42624,550.89
TMP,1,78389,2401,48.41
TMQ,1,57035,327,0.4855
TMSL,1,22728,45,28.536
TMST,1,174111,3103,21.0
TMUS,1,4031427,60641,160.93
TMV,1,2970245,26634,34.29
TNA,1,17680329,85085,35.86
TNC,1,155210,2554,97.63
TNDM,1,629760,10700,23.17
TNET,1,421393,11102,112.04
TNGX,1,443965,4795,12.16
TNK,1,553481,8683,58.03
TNL,1,317679,8596,40.37
TNON,1,6710,85,1.13
TNP,1,129752,1944,23.92
TNPpE,1,9461,62,26.5
TNPpF,1,22659,94,26.0297
TNXP,1,498537,1232,0.3299
TNYA,1,1930858,12223,5.13
TOI,1,80669,847,1.97
TOK,1,206,8,101.8935
TOKE,1,6934,89,5.6906
TOL,1,926276,17259,100.27
TOLL,1,489,17,29.9304
TOLZ,1,2991,48,43.61
TOMZ,1,12217,77,0.771
TOON,1,92398,627,1.25
TOP,1,186922,1182,3.27
TOPS,1,7066,269,13.47
TORO,1,29239,616,5.7
TOST,1,7605282,50583,19.09
TOTL,1,261994,1066,39.8
TOTR,1,2832,27,40.495
TOUR,1,97978,253,0.631
TOUS,1,6994,41,26.0648
TOVX,1,64121,220,0.5354
TOWN,1,223291,4669,27.0
TPB,1,132457,2591,22.97
TPC,1,92912,1521,8.86
TPCS,1,2746,31,3.72
TPET,1,1021758,1555,0.1386
TPG,1,646874,12619,43.43
TPH,1,604967,9799,35.16
TPHD,1,14012,148,32.7858
TPHE,1,5383,33,22.3243
TPHS,1,55432,119,0.1754
TPIC,1,681902,6025,2.74
TPIF,1,8895,50,25.94
TPL,1,20521,3268,1481.82
TPLC,1,16126,142,38.79
TPLE,1,1949,12,23.19
TPMN,1,8447,78,23.5967
TPOR,1,25536,284,36.09
TPR,1,9189298,86784,42.99
TPSC,1,28550,109,34.3306
TPST,1,1389976,5032,4.155
TPTA,1,6112,76,16.3
TPVG,1,142649,1505,10.89
TPX,1,3472990,44823,51.88
TPYP,1,55315,512,25.38
TPZ,1,2645,25,14.17
TQQQ,1,49461067,248356,58.55
TR,1,61661,2408,32.85
TRAK,1,93438,1040,12.14
TRC,1,39668,890,15.87
TRDA,1,22141,585,14.51
TREE,1,286946,5965,34.12
TRES,1,9257,176,19.89
TREX,1,1073996,19543,90.4
TRFK,1,10033,129,41.4555
TRFM,1,47918,80,32.4542
TRGP,1,1360933,22077,87.9
TRI,1,875722,14066,155.93
TRIB,1,82610,195,0.5122
TRIN,1,502517,4314,13.97
TRINL,1,3537,62,25.34
TRIP,1,2491843,25446,22.55
TRIS,1,325,34,10.885
TRMB,1,1020551,16491,52.08
TRMD,1,442672,5879,33.63
TRMK,1,172407,3036,26.63
TRML,1,152572,3518,36.24
TRN,1,332515,5599,26.0
TRND,1,2828,28,30.1614
TRNO,1,1144776,16178,63.47
TRNR,1,8439,87,0.69
TRNS,1,44266,1367,110.91
TRONW,1,101342,52,0.0374
TROO,1,4575,75,1.85
TROW,1,1942826,35942,108.91
TROX,1,870149,9850,13.49
TRP,1,3557964,24363,37.46
TRS,1,279410,4041,24.4
TRST,1,69097,1677,27.2
TRT,1,3575,32,5.06
TRTL,1,293,10,10.71
TRTNpA,1,3515,26,25.76
TRTNpB,1,1363,28,25.4
TRTNpC,1,4462,59,25.01
TRTNpD,1,1844,57,24.49
TRTNpE,1,7899,77,21.7
TRTX,1,814565,6592,5.19
TRTXpC,1,21692,209,15.27
TRTY,1,21442,58,25.09
TRU,1,1717783,28692,69.21
TRUE,1,142842,1386,3.83
TRUG,1,246901,1180,1.62
TRUP,1,488470,9925,29.68
TRV,1,1357558,25265,213.81
TRVG,1,45804,418,2.47
TRVI,1,151007,1355,1.51
TRVN,1,44452,162,0.5703
TRX,1,286204,696,0.3182
TS,1,1531911,17069,31.85
TSAT,1,6596,194,9.65
TSBK,1,11664,417,26.72
TSBX,1,21102,493,2.21
TSCO,1,1188785,25582,231.83
TSDD,1,8376,112,23.48
TSE,1,136643,2030,5.94
TSEC,1,1324,10,25.85
TSEM,1,559131,6514,29.46
TSHA,1,539336,3119,1.56
TSI,1,34332,113,4.78
TSL,1,74122,457,7.7471
TSLA,1,82794636,925032,189.56
TSLH,1,2,1,23.2629
TSLL,1,13333899,41608,9.38
TSLP,1,869,69,21.6495
TSLQ,1,2134872,16605,36.12
TSLR,1,159081,960,14.97
TSLS,1,1125861,4176,24.26
TSLT,1,3226390,20681,13.65
TSLX,1,269970,2808,21.31
TSLY,1,2816933,20301,8.75
TSLZ,1,146047,1115,36.8
TSM,1,33334860,345216,133.73
TSME,1,24165,77,31.1185
TSN,1,2482228,32039,53.97
TSPA,1,33333,133,31.0294
TSQ,1,22620,541,10.62
TSRI,1,793,16,8.6599
TSVT,1,1062026,8522,5.99
TT,1,1659823,36045,269.94
TTAC,1,16996,49,59.09
TTAI,1,3025,44,29.23
TTC,1,612893,14532,96.91
TTD,1,4067311,54335,70.17
TTE,1,3336062,19723,64.19
TTEC,1,314786,6025,18.22
TTEK,1,296282,8596,174.03
TTGT,1,204679,5058,33.56
TTI,1,738754,5298,3.94
TTMI,1,1508357,15878,15.22
TTNP,1,27457,746,7.26
TTOO,1,36203,706,4.29
TTP,1,9235,61,28.5699
TTSH,1,18375,223,6.28
TTT,1,15483,181,70.6688
TTWO,1,3055914,57159,169.6
TU,1,2730057,16643,17.06
TUA,1,298863,727,22.51
TUG,1,153823,558,31.02
TUGN,1,74282,160,23.65
TUP,1,889678,2471,1.48
TUR,1,82744,791,37.12
TURB,1,13546,52,0.9543
TURN,1,9785,53,3.93
TUSI,1,53910,4,25.22
TUSK,1,38418,427,3.75
TUYA,1,147446,907,1.72
TV,1,1390490,7392,3.03
TVAL,1,12665,31,27.7073
TVC,1,3298,64,22.36
TVE,1,9744,127,21.93
TVTX,1,821548,7469,8.3
TW,1,1048774,21908,101.03
TWEB,1,445,40,21.18
TWI,1,289837,4496,14.24
TWIN,1,20411,715,15.46
TWIO,1,8908,4,8.835
TWKS,1,417955,3671,4.44
TWLO,1,2187795,32682,70.36
TWLV,1,1790,32,11.37
TWM,1,2760763,3627,12.23
TWN,1,7258,49,37.84
TWO,1,818640,7641,12.29
TWOU,1,1723800,7566,0.7577
TWOpA,1,5211,65,22.765
TWOpB,1,10259,131,22.4
TWOpC,1,16230,123,22.66
TWST,1,757117,11694,36.51
TX,1,106103,2285,37.73
TXG,1,1282648,22059,48.47
TXMD,1,6322,204,2.29
TXN,1,3438754,54131,160.21
TXO,1,80269,514,17.95
TXRH,1,806838,17001,135.49
TXS,1,1415,42,26.1321
TXSS,1,100,1,23.8428
TXT,1,1236094,24285,87.59
TY,1,25596,252,29.31
TYA,1,15224,98,13.5301
TYD,1,38188,352,26.3361
TYG,1,16457,188,28.6
TYGO,1,25459,142,1.43
TYL,1,140288,6655,435.15
TYLD,1,1349,6,25.15
TYLG,1,1884,44,31.4938
TYO,1,11305,151,13.9513
TYRA,1,79232,1396,18.26
TYp,1,1059,15,44.8
TZA,1,18762347,51108,21.34
TZOO,1,64220,805,8.64
TpA,1,51610,578,21.69
TpC,1,59054,748,20.64
U,1,7360176,63693,33.41
UA,1,8629592,42246,7.46
UAA,1,19375150,69384,7.71
UAE,1,43983,98,14.48
UAL,1,7149149,65684,41.62
UAMY,1,129313,340,0.2236
UAN,1,37370,561,71.66
UAPR,1,4419,13,27.8733
UAUG,1,82512,255,31.68
UAVS,1,28812730,33264,0.0711
UBCP,1,977,45,11.7397
UBER,1,21545798,189489,71.61
UBFO,1,5185,158,7.19
UBND,1,20587,47,21.53
UBOT,1,21432,243,21.61
UBR,1,198,3,29.4087
UBS,1,3343758,22485,27.79
UBSI,1,615530,12605,34.64
UBT,1,51053,423,20.23
UBX,1,96090,669,1.76
UCAR,1,274383793,128341,0.0959
UCBI,1,438704,9415,26.91
UCBIO,1,3195,26,23.91
UCC,1,1518,26,35.45
UCIB,1,2578,14,24.31
UCL,1,1023,47,1.3181
UCO,1,3677323,18071,28.78
UCON,1,708981,1181,24.61
UCRD,1,110,2,21.015
UCTT,1,329770,5634,42.07
UCYB,1,4428,93,44.86
UDEC,1,8501,39,32.73
UDI,1,0,0,26.1155
UDIV,1,2125,23,38.3269
UDMY,1,722666,12981,14.27
UDN,1,16627,138,17.97
UDOW,1,2513237,24500,79.57
UDR,1,3457946,30121,35.49
UE,1,1693738,11675,17.57
UEC,1,10112276,41645,7.6
UEIC,1,32730,573,8.58
UEVM,1,718,17,44.21
UFCS,1,40790,1316,21.49
UFEB,1,57572,165,30.15
UFI,1,86974,711,5.89
UFIV,1,4881,54,48.625
UFO,1,4752,128,16.58
UFPI,1,296942,7520,117.44
UFPT,1,43384,2390,172.79
UG,1,13402,210,8.89
UGA,1,33234,379,67.03
UGE,1,2292,35,16.3825
UGI,1,1790047,18041,23.42
UGIC,1,1322,66,56.4901
UGL,1,73110,756,61.28
UGP,1,1120199,5151,5.79
UGRO,1,54399,296,1.84
UHAL,1,290842,6573,62.19
UHAL.B,1,337708,6887,60.6
UHG,1,6753,173,7.35
UHS,1,363687,8516,161.96
UHT,1,60572,1859,38.38
UI,1,53069,3082,127.13
UIS,1,548896,6246,6.92
UITB,1,103229,369,46.36
UIVM,1,2382,20,45.66
UJAN,1,7361,43,35.3
UJB,1,67,5,68.0321
UJUL,1,3796,22,31.13
UJUN,1,2374,5,30.5998
UK,1,606554,3310,2.31
UL,1,4863381,44379,50.68
ULBI,1,21098,460,7.19
ULCC,1,4091337,30042,7.32
ULE,1,302,12,11.3012
ULH,1,13283,500,30.94
ULST,1,398534,608,40.42
ULTA,1,666296,22445,519.12
ULTR,1,1434,11,47.965
ULVM,1,99,12,69.498
ULY,1,13436,159,2.04
UMAR,1,594,6,31.94
UMAY,1,6736,23,29.89
UMBF,1,224719,4232,80.29
UMC,1,7594544,18713,8.05
UMDD,1,6656,89,22.04
UMH,1,237055,3090,14.71
UMHpD,1,31221,208,22.71
UMI,1,27629,92,36.1732
UMMA,1,28336,128,23.1
UNB,1,749,83,29.2
UNCY,1,285959,467,1.14
UNF,1,76261,3240,171.25
UNFI,1,774979,8241,16.35
UNG,1,9906729,37461,17.42
UNH,1,3268881,72816,520.09
UNIT,1,2049540,13132,4.86
UNIY,1,0,0,48.7735
UNL,1,1203026,236,7.9
UNM,1,1110862,17497,47.35
UNMA,1,8265,114,25.12
UNOV,1,1041,14,32.2109
UNP,1,1843146,39505,248.82
UNTY,1,7425,200,26.93
UOCT,1,815,10,33.0203
UONE,1,32148,420,3.64
UONEK,1,18332,524,3.4
UP,1,729485,5304,3.43
UPAR,1,5909,35,13.12
UPBD,1,446087,7314,33.5
UPC,1,67653,387,1.275
UPGR,1,0,0,19.8034
UPLD,1,148312,2030,4.66
UPRO,1,3966917,30353,61.95
UPS,1,3125808,51077,147.92
UPST,1,8699756,75593,34.31
UPV,1,4,3,56.4619
UPW,1,2690,59,46.9118
UPWK,1,1628794,18269,14.04
UPXI,1,74236,268,1.18
URA,1,5395625,38825,30.0
URBN,1,1849942,18172,41.61
URE,1,12004,126,57.4628
URG,1,4617450,12623,1.86
URGN,1,461973,6776,18.5
URI,1,587780,22732,647.0
URNJ,1,768802,5186,27.92
URNM,1,1252596,12111,54.07
UROY,1,2398316,7946,2.99
URTH,1,118924,1167,137.23
URTY,1,1050689,5947,42.21
USA,1,587350,1401,6.63
USAC,1,5166583,9214,24.5
USAI,1,6926,57,28.4394
USAP,1,76985,1592,19.59
USAS,1,219157,576,0.2204
USAU,1,17042,167,3.47
USB,1,7519223,63701,40.37
USBF,1,2,2,83.85
USBpA,1,1124,142,832.66
USBpH,1,98050,545,20.7
USBpP,1,45999,399,24.18
USBpQ,1,19091,202,17.22
USBpR,1,41389,459,18.14
USBpS,1,25531,304,20.27
USCA,1,202,9,31.2478
USCB,1,8034,170,11.45
USCF,1,105,2,26.4543
USCI,1,9632,133,57.9599
USCL,1,132,10,59.36
USCT,1,300704,11,10.98
USCTU,1,225,6,11.1
USD,1,222170,3977,73.86
USDU,1,92979,769,25.89
USE,1,0,0,34.4635
USEA,1,29039,215,2.71
USEG,1,13551,188,1.01
USEP,1,4866,27,32.1539
USFD,1,1218697,15913,47.01
USFI,1,1,1,24.4
USFR,1,3749726,6106,50.37
USGO,1,3582,74,6.0001
USGOW,1,1148,15,1.87
USHY,1,4990965,11435,36.31
USIG,1,1624249,4656,50.5
USIO,1,13189,84,1.67
USL,1,6533,108,37.019
USLM,1,23290,1571,254.15
USM,1,238301,5702,41.7
USMC,1,30380,162,49.87
USMF,1,17339,82,43.7252
USML,1,3,3,32.5025
USMV,1,1351111,9378,80.26
USNA,1,68479,1999,50.85
USNZ,1,1,1,32.4724
USO,1,6147399,36593,71.52
USOI,1,23364,740,73.7
USPH,1,42909,1685,93.82
USPX,1,56219,98,43.72
USRD,1,3119,7,27.6585
USRT,1,245517,1506,52.37
USSE,1,28555,19,27.7
USSG,1,10273,107,46.6571
UST,1,4618,66,43.74
USTB,1,55947,243,49.75
USVM,1,3602,43,73.3795
USVN,1,374,8,48.03
USVT,1,0,0,28.5116
USXF,1,48218,346,42.31
UTEN,1,15722,105,44.13
UTES,1,4274,43,42.7734
UTF,1,206275,1379,21.93
UTG,1,368484,3026,25.74
UTHR,1,375861,10226,211.74
UTHY,1,707,14,44.94
UTI,1,2894359,22688,16.2
UTL,1,48725,1428,48.06
UTMD,1,21817,498,74.18
UTRE,1,1024,7,49.11
UTRN,1,8,4,24.1799
UTSI,1,1838,29,2.79
UTSL,1,175884,1488,17.6
UTWO,1,44847,239,48.18
UTWY,1,3479,23,46.13
UTZ,1,637834,8761,18.18
UUP,1,1687052,1957,28.01
UUU,1,13952,165,1.4
UUUU,1,5089301,24524,7.0
UVE,1,166665,3088,16.0
UVIX,1,2971797,17655,10.56
UVSP,1,78010,1304,19.62
UVV,1,296639,8738,53.58
UVXY,1,14227670,23237,7.06
UWM,1,633709,3796,35.95
UWMC,1,942111,8148,6.88
UWMC.WS,1,20802,8,0.2649
UXI,1,419,16,29.9579
UXIN,1,24267,285,2.46
UYG,1,36638,296,58.55
UYLD,1,12751,139,50.775
UYM,1,4187,41,23.2546
UZD,1,32359,280,20.592
UZE,1,24253,231,18.2
UZF,1,17159,185,18.25
V,1,5680851,89673,275.78
VABK,1,5562,170,29.45
VABS,1,100,1,23.84
VAC,1,338170,8014,84.51
VAL,1,1272727,18342,64.87
VAL.WS,1,16374,51,11.83
VALE,1,30281750,64509,13.27
VALN,1,2221,126,8.5
VALQ,1,5532,40,54.9464
VALU,1,2542,88,43.24
VAMO,1,4733,77,27.9994
VANI,1,14622,142,1.01
VATE,1,129248,1305,0.9369
VAW,1,40849,1052,183.38
VAXX,1,301610,1595,0.7
VB,1,1983934,10502,212.15
VBF,1,23743,158,15.95
VBFC,1,983,18,41.75
VBIV,1,31950,227,0.6505
VBK,1,210405,4287,243.59
VBND,1,21565,50,43.645
VBNK,1,27074,170,11.24
VBR,1,344975,5256,177.22
VBTX,1,536010,7082,19.78
VC,1,540002,5856,119.81
VCAR,1,5038,51,9.9675
VCEB,1,28114,220,62.38
VCEL,1,349613,8101,45.85
VCIG,1,193227,691,0.935
VCIT,1,8602377,19371,80.09
VCLN,1,102,3,16.6458
VCLT,1,2801528,10855,77.51
VCNX,1,132358,365,0.64
VCR,1,46621,1408,305.34
VCRB,1,38859,340,76.2348
VCSA,1,54095,992,9.06
VCSH,1,4388894,6420,77.15
VCTR,1,392947,7068,34.9
VCV,1,84324,292,9.75
VCXB.WS,1,120601,188,0.0272
VCYT,1,448770,7642,25.0
VDC,1,94055,1954,195.4
VDE,1,556028,6392,117.68
VEA,1,10014082,24966,47.47
VECO,1,392703,8765,32.72
VEEE,1,39766,130,1.22
VEEV,1,769201,20862,215.39
VEGA,1,5702,15,39.665
VEGI,1,16770,275,35.995
VEGN,1,7885,81,44.9732
VEL,1,8487,209,15.82
VEMY,1,948,3,25.9419
VEON,1,38706,347,22.63
VERA,1,944163,11694,37.56
VERB,1,719904,799,0.1392
VERBW,1,308321,120,0.0119
VERI,1,252236,2474,1.73
VERO,1,846,34,1.26
VERS,1,680,18,41.8697
VERU,1,1575989,3726,0.4111
VERV,1,1297880,14230,11.81
VERX,1,275277,7856,25.86
VERY,1,1118,56,11.34
VET,1,1065663,7260,10.45
VETZ,1,735,15,20.08
VEU,1,2555321,7039,55.63
VEV,1,16191,73,0.8299
VFC,1,10824337,68186,15.35
VFF,1,602936,1210,0.795
VFH,1,399297,4213,94.33
VFL,1,21308,99,10.19
VFLO,1,104413,671,28.7602
VFMF,1,14072,320,117.12
VFMO,1,16098,340,140.75
VFMV,1,1632,59,106.9267
VFQY,1,9664,172,129.22
VFS,1,1003861,6443,5.31
VFSWW,1,28397,138,0.82
VFVA,1,27086,340,110.43
VGAS,1,11821,108,2.94
VGASW,1,5454,38,0.1458
VGI,1,29014,175,7.8
VGIT,1,1168953,4957,58.63
VGK,1,1475546,10021,63.63
VGLT,1,1540705,9269,58.85
VGM,1,147987,581,9.88
VGR,1,2881846,14584,9.91
VGSH,1,1733048,5576,58.16
VGSR,1,61677,81,9.56
VGT,1,396121,14482,513.65
VGZ,1,124637,226,0.386
VHC,1,3988,78,7.023
VHI,1,2695,183,13.71
VHT,1,113778,3276,263.45
VIA,1,15147,202,10.64
VIAO,1,13620,65,0.781
VIASP,1,4528,36,19.22
VIAV,1,3503442,16336,8.7
VICE,1,60,13,27.5837
VICI,1,4297006,33583,29.67
VICR,1,492284,9237,42.47
VIDI,1,24203,43,23.8306
VIEW,1,59380,408,1.34
VIEWW,1,48516,19,0.0041
VIG,1,796724,11960,175.2
VIGI,1,318671,2591,79.21
VIGL,1,45852,501,2.84
VINC,1,152151,582,1.35
VINE,1,112710,130,0.7698
VINO,1,58788,73,0.4754
VINP,1,101541,652,10.54
VIOG,1,27397,371,106.17
VIOO,1,84006,1062,95.84
VIOT,1,885408,1420,1.01
VIOV,1,48728,633,83.75
VIPS,1,2301897,20213,16.47
VIR,1,540180,6605,9.23
VIRC,1,145137,1983,11.64
VIRI,1,122892,255,0.404
VIRS,1,2,2,33.9131
VIRT,1,1386844,17025,16.61
VIRX,1,30773,171,0.5601
VIS,1,70924,1074,225.54
VISL,1,3426,94,3.24
VIST,1,416473,6514,31.43
VITL,1,251848,3933,15.31
VIV,1,869220,7324,10.68
VIVK,1,6187,69,0.8505
VIXM,1,23183,293,15.62
VIXY,1,1728120,10323,13.87
VJET,1,17549,94,1.08
VKI,1,102230,539,8.57
VKQ,1,144758,393,9.52
VKTX,1,8510363,71258,28.89
VLCN,1,637931,5802,2.5
VLD,1,9502332,11716,0.2627
VLD.WS,1,8228,17,0.032
VLGEA,1,8838,325,25.33
VLN,1,263736,653,2.26
VLN.WS,1,3000,2,0.0498
VLO,1,2638815,43877,141.8
VLRS,1,341423,4027,7.54
VLT,1,16559,85,10.55
VLTO,1,2066533,29369,82.56
VLU,1,10970,107,163.4229
VLUE,1,415233,3917,100.52
VLY,1,7340962,45743,8.245
VLYPO,1,53533,333,21.07
VLYPP,1,42495,350,19.75
VMAR,1,118863,214,0.785
VMAX,1,0,0,43.0444
VMBS,1,1794317,5087,45.47
VMC,1,865127,20454,238.44
VMCA,1,876,7,11.2997
VMD,1,53887,600,8.55
VMEO,1,2346248,14428,3.76
VMI,1,167120,4931,235.75
VMO,1,158140,726,9.63
VMOT,1,1581,17,24.05
VNAM,1,4398,66,16.77
VNCE,1,6142,77,3.52
VNDA,1,2587876,15297,4.07
VNET,1,1064580,3454,1.55
VNLA,1,360121,1155,48.35
VNM,1,345309,1731,13.08
VNMC,1,20,2,33.7149
VNO,1,1564493,20626,26.41
VNOM,1,381505,6714,31.72
VNOpL,1,15594,206,16.0
VNOpM,1,50031,148,15.4
VNOpN,1,3630,50,15.48
VNOpO,1,14447,131,13.2275
VNQ,1,3697224,41547,84.25
VNQI,1,282296,2767,40.45
VNRX,1,106481,446,1.18
VNSE,1,1299,30,32.7986
VNT,1,569038,8865,36.48
VO,1,477329,8963,233.77
VOC,1,42128,409,6.6
VOD,1,5665363,20162,8.16
VOE,1,648365,4673,143.87
VONE,1,48516,539,226.99
VONG,1,830672,5673,84.0
VONV,1,343923,1335,73.25
VOO,1,3974592,102821,458.07
VOOG,1,104955,3985,293.04
VOOV,1,98173,1413,169.75
VOR,1,225080,983,2.3
VOT,1,341707,2600,223.9
VOTE,1,11257,178,58.32
VOX,1,149802,1598,127.7
VOXR,1,66291,449,1.74
VOXX,1,16936,522,8.49
VOYA,1,836363,16170,69.21
VOYApB,1,16844,214,23.4067
VPC,1,15068,164,22.23
VPG,1,54718,1627,31.85
VPL,1,956944,4614,71.84
VPLS,1,86493,447,76.28
VPN,1,26759,158,14.77
VPU,1,232741,4099,129.92
VPV,1,30767,99,10.19
VR,1,2522,45,25.55
VRA,1,285295,3268,7.9
VRAI,1,2099,6,22.59
VRAR,1,44342,261,1.19
VRAX,1,45964,158,0.8363
VRCA,1,84558,1173,5.24
VRDN,1,707017,11420,17.96
VRE,1,883783,7460,15.15
VREX,1,647483,8982,17.11
VRIG,1,273574,306,25.125
VRM,1,1485307,2868,0.199
VRME,1,19906,90,1.09
VRNA,1,571558,7139,16.28
VRNS,1,2520366,34000,50.69
VRNT,1,421493,8949,30.68
VRP,1,815507,4027,23.35
VRPX,1,41343,99,0.3746
VRRM,1,1008591,12720,22.4
VRSK,1,633974,18707,249.26
VRSN,1,742889,15156,201.02
VRT,1,7389580,85504,61.67
VRTS,1,30009,1334,231.69
VRTX,1,1374918,33315,423.06
VS,1,35688,243,2.13
VSAT,1,1833738,24182,19.67
VSCO,1,1696860,23495,27.93
VSDA,1,54238,89,47.77
VSEC,1,72862,2232,67.76
VSGX,1,132288,732,54.8
VSH,1,2539527,21853,21.85
VSHY,1,19,5,21.46
VSLU,1,132070,92,31.19
VSME,1,329686,677,0.3879
VSMV,1,1746,19,43.56
VSS,1,201382,2940,111.49
VSSYW,1,174242,441,0.0325
VST,1,3464746,31927,42.9
VSTA,1,7443,93,4.0
VSTE,1,22409,192,2.37
VSTEW,1,307799,120,0.1113
VSTM,1,147465,2348,13.45
VSTO,1,412346,6831,30.02
VSTS,1,5360533,45375,20.11
VT,1,881706,11056,105.12
VTAK,1,16675,105,0.421
VTC,1,31065,322,76.2
VTEB,1,3136424,7864,50.55
VTEC,1,11377,95,100.76
VTEI,1,26565,246,100.48
VTES,1,75000,274,100.81
VTEX,1,190483,1908,7.75
VTGN,1,142849,1575,4.95
VTHR,1,14525,248,221.44
VTI,1,2653605,51185,247.39
VTIP,1,949060,3278,47.5
VTLE,1,486559,9812,43.76
VTMX,1,58395,1452,37.17
VTN,1,92836,400,10.65
VTNR,1,1777503,6223,1.47
VTOL,1,73871,1603,26.69
VTR,1,1840975,19745,45.52
VTRS,1,6762455,38191,11.56
VTRU,1,386,27,14.7202
VTS,1,286816,3862,20.2
VTSI,1,130851,1502,11.88
VTV,1,1982642,16618,152.44
VTVT,1,7235,216,10.2
VTWG,1,16758,315,183.15
VTWO,1,2820119,11979,79.27
VTWV,1,48717,334,130.74
VTYX,1,659540,4520,2.36
VUG,1,1124560,18375,333.97
VUSB,1,548504,1543,49.45
VUSE,1,33749,75,52.72
VUZI,1,699817,4310,1.69
VV,1,142328,2696,229.16
VVI,1,58974,1620,33.41
VVOS,1,115757,1243,5.25
VVPR,1,31659,170,1.62
VVR,1,408689,898,4.18
VVV,1,1911108,26189,39.36
VVX,1,66472,1800,37.9
VWE,1,119237,255,0.4277
VWEWW,1,122021,59,0.0089
VWI,1,501,6,26.1667
VWID,1,235,7,26.2183
VWO,1,7863372,24919,40.47
VWOB,1,307276,2504,62.55
VXF,1,398778,4735,164.6
VXRT,1,876417,3689,1.18
VXUS,1,2904029,11531,57.31
VXX,1,7214322,28646,13.92
VXZ,1,8297,76,13.52
VYGR,1,272532,3714,7.48
VYM,1,874056,12376,112.99
VYMI,1,459849,3322,65.35
VYNE,1,52335,542,2.14
VYX,1,1005701,12672,15.09
VZ,1,19351964,126525,39.91
VZIO,1,518201,5114,7.38
VZLA,1,236409,803,1.4
W,1,3767880,46468,51.59
WAB,1,1333544,20867,136.73
WABC,1,198838,3578,44.67
WABF,1,3,3,25.6485
WAFD,1,185204,4999,27.84
WAFDP,1,10742,112,15.83
WAFU,1,159604,493,1.975
WAL,1,1175038,18297,58.93
WALD,1,42146,408,7.24
WALDW,1,100,1,0.7
WALpA,1,8892,76,17.29
WANT,1,14853,315,33.26
WASH,1,89780,1870,25.64
WAT,1,338142,14578,326.69
WATT,1,37880,263,1.68
WAVD,1,16956,133,2.15
WAVE,1,2553,54,1.4
WAVS,1,128,5,10.64
WB,1,1966385,17552,8.94
WBA,1,7880546,56973,22.54
WBAT,1,131,6,27.08
WBD,1,19585197,79772,9.83
WBIF,1,1239,17,28.3675
WBIG,1,3334,18,23.5713
WBIL,1,1163,11,32.3013
WBIY,1,3270,32,28.2546
WBND,1,11979,149,20.18
WBS,1,1601084,21833,45.6
WBSpF,1,21898,229,19.77
WBSpG,1,4987,89,22.52
WBUY,1,1173507,1866,0.555
WBX,1,261605,1333,1.53
WBX.WS,1,3234,23,0.0925
WCBR,1,198614,1059,27.63
WCC,1,397450,7771,190.87
WCCpA,1,24927,167,26.96
WCEO,1,195,8,27.7043
WCLD,1,221440,1112,36.15
WCN,1,837999,12150,155.98
WD,1,111969,4025,94.95
WDAY,1,1083393,24482,298.65
WDC,1,7438103,45814,57.12
WDFC,1,69451,3716,265.74
WDH,1,250419,1183,1.0
WDI,1,212425,765,14.38
WDIV,1,14160,173,57.7226
WDNA,1,636,5,16.307
WDS,1,659724,8436,21.18
WEA,1,24191,98,11.1
WEAT,1,612348,1917,5.57
WEAV,1,232634,3060,13.02
WEBL,1,554243,3504,18.41
WEBS,1,611359,2226,6.75
WEC,1,2240039,32332,77.4
WEED,1,67742,641,43.01
WEIX,1,115,3,28.6261
WELL,1,2101626,28653,86.98
WEN,1,1867824,18046,19.08
WERN,1,710957,13086,41.49
WES,1,1340164,5001,27.97
WEST,1,139200,2637,10.09
WESTW,1,5122,27,2.28
WETG,1,2813111,17998,3.68
WEX,1,1041663,17067,207.03
WEYS,1,5289,153,32.1
WF,1,29675,478,32.8
WFC,1,10668477,75605,48.35
WFCpA,1,120887,620,20.98
WFCpC,1,59908,371,19.36
WFCpD,1,79490,494,18.93
WFCpL,1,8018,595,1202.95
WFCpR,1,67701,404,25.29
WFCpY,1,20907,186,24.38
WFCpZ,1,133015,853,20.91
WFG,1,154991,2860,77.36
WFH,1,13882,51,57.0373
WFHY,1,17401,138,45.16
WFIG,1,2506,14,44.2516
WFRD,1,1664614,25430,98.45
WGMI,1,859486,4224,15.1
WGO,1,310102,7417,66.97
WGS,1,114097,827,3.87
WGSWW,1,225553,45,0.0091
WH,1,460720,8603,78.8
WHD,1,546606,8383,43.38
WHF,1,20126,295,12.55
WHFCL,1,4384,43,25.264
WHG,1,2486,70,11.83
WHLM,1,1037,15,4.7
WHLR,1,333428,586,0.1782
WHLRD,1,7830,36,13.96
WHLRP,1,701,8,1.318
WHR,1,896346,21787,110.19
WIA,1,36267,170,8.14
WILC,1,755,54,9.81
WIMI,1,29669389,72636,1.08
WINA,1,14500,1209,377.38
WINC,1,1768,101,23.85
WING,1,441324,13400,294.15
WINN,1,751422,321,22.78
WINT,1,245056,504,0.3634
WINVR,1,10258,61,0.0494
WINVW,1,10000,4,0.01
WIP,1,24598,342,39.86
WIRE,1,164588,6484,237.15
WISA,1,1765784,1993,0.0803
WISE,1,7009,43,27.9789
WISH,1,307788,4641,4.45
WIT,1,672577,5170,5.85
WIW,1,385292,1174,8.55
WIX,1,628616,11619,130.94
WK,1,278944,5842,93.47
WKC,1,477607,6285,23.15
WKEY,1,204608,668,2.4201
WKHS,1,7437282,12354,0.2401
WKLY,1,1435,342,48.6486
WKME,1,34736,540,10.46
WKSP,1,91300,407,1.44
WKSPW,1,10090,6,0.1249
WLDN,1,17334,356,19.64
WLDR,1,1461,10,28.485
WLDS,1,303015,520,0.44
WLFC,1,11542,431,49.5
WLGS,1,250957,683,0.679
WLK,1,306757,11712,142.8
WLKP,1,33422,346,21.94
WLTG,1,5744,40,24.4324
WLY,1,218315,4845,33.65
WLYB,1,202,4,33.55
WM,1,1130632,27376,189.49
WMB,1,6982293,49334,34.04
WMG,1,3724866,34363,35.29
WMK,1,78464,2412,60.78
WMPN,1,57636,593,11.69
WMS,1,1612943,29676,157.97
WMT,1,4530921,79214,169.37
WNC,1,577731,9258,25.48
WNDY,1,1018,17,12.15
WNEB,1,17345,658,7.98
WNNR,1,135620,332,10.69
WNNR.U,1,434,7,10.5
WNNR.WS,1,29151,20,0.33
WNS,1,618084,8920,57.95
WNW,1,4897120,22901,1.68
WOLF,1,5621996,52136,28.38
WOMN,1,1506,38,34.9401
WOOD,1,10479,98,75.55
WOOF,1,2286334,10791,2.55
WOR,1,215392,5734,58.19
WORX,1,18520,86,1.2582
WOW,1,393246,3058,3.44
WPC,1,1188044,18719,61.35
WPM,1,1373665,15689,45.9
WPP,1,145358,3050,49.75
WPRT,1,22102,200,5.95
WPS,1,80,17,26.9931
WRAP,1,697723,5149,4.33
WRB,1,1103991,19712,79.88
WRBY,1,792013,9595,13.82
WRBpE,1,12461,121,24.89
WRBpF,1,6923,150,23.35
WRBpG,1,9240,124,21.64
WRBpH,1,5069,86,19.64
WRK,1,4168648,36553,42.82
WRLD,1,40625,1582,130.21
WRN,1,99065,296,1.04
WRND,1,0,0,27.1033
WRNT,1,26536,95,0.419899
WS,1,620479,6077,33.52
WSBC,1,140659,3016,28.17
WSBCP,1,3521,69,24.2501
WSBF,1,30657,570,12.52
WSC,1,1999346,28239,51.23
WSFS,1,223029,5556,41.7
WSM,1,951991,24103,215.86
WSO,1,228348,10505,409.41
WSR,1,422290,3909,12.65
WST,1,349661,15206,410.9
WT,1,987408,6931,6.95
WTAI,1,150924,964,21.08
WTBA,1,9720,343,17.66
WTBN,1,2542,31,24.77
WTFC,1,329178,8229,92.61
WTFCM,1,7202,118,24.21
WTFCP,1,11403,189,24.69
WTI,1,2254639,7584,2.87
WTID,1,131,8,20.9557
WTIU,1,1019,24,16.7717
WTM,1,10765,1778,1595.0
WTMAR,1,2239,16,0.11
WTMF,1,35607,181,35.69
WTO,1,89036,220,0.2349
WTRE,1,18244,133,17.4
WTRG,1,1092582,18487,35.43
WTS,1,162504,5616,213.31
WTTR,1,756365,5855,7.65
WTV,1,19796,159,69.4278
WTW,1,465214,13665,270.11
WU,1,6402473,39988,12.08
WUCT,1,0,0,31.0576
WUGI,1,4487,74,58.1384
WULF,1,30241905,40601,2.03
WVE,1,389794,3559,4.06
WVVI,1,2592,28,5.1999
WVVIP,1,4065,21,4.225
WW,1,4925608,25727,5.11
WWD,1,200920,7148,137.68
WWJD,1,21161,122,28.63
WWR,1,243582,659,0.51
WWW,1,735048,9364,8.63
WY,1,2653665,22746,33.01
WYNN,1,6471297,83451,106.11
WYY,1,17412,136,2.91
X,1,4416075,21272,46.36
XAIR,1,358077,3081,1.74
XAR,1,118271,1490,131.31
XAUG,1,5708,43,31.8649
XB,1,80,9,39.4319
XBAP,1,25889,247,30.93
XBB,1,729,14,40.0806
XBI,1,8545427,93378,89.22
XBIL,1,110889,246,50.0
XBIO,1,2801,31,3.7333
XBIT,1,21539,398,5.44
XBJA,1,11727,30,26.44
XBJL,1,3315,54,31.1934
XBOC,1,11052,39,28.3212
XBP,1,35563,690,2.4
XBPEW,1,1889,16,0.0701
XC,1,5702,36,29.65
XCCC,1,17309,148,38.1707
XCEM,1,419829,1795,30.05
XCLR,1,0,0,28.317
XCOR,1,3837,15,59.3839
XCUR,1,258057,802,0.59
XDAP,1,30,1,31.245
XDAT,1,3204,32,24.0893
XDEC,1,26020,59,34.7457
XDJA,1,656,4,25.4619
XDJL,1,415,3,30.9687
XDOC,1,1289,12,27.9777
XDQQ,1,2058,22,27.6216
XDSQ,1,6265,40,30.67
XEL,1,2525332,35768,58.0
XELA,1,96699,936,2.24
XELAP,1,2210,95,1.4332
XELB,1,4464,38,1.06
XEMD,1,2135,28,40.535
XENE,1,252203,4860,48.18
XERS,1,1396326,7000,2.73
XES,1,121781,1141,80.56
XFIV,1,5024,35,48.55
XFIX,1,628,12,51.405
XFLT,1,444743,1997,7.59
XFLTpA,1,3499,18,24.57
XFLX,1,3404,21,24.015
XFOR,1,618722,3770,0.8643
XGN,1,8426,114,2.0
XHB,1,4308153,45973,98.61
XHE,1,49298,544,86.26
XHLF,1,162498,274,50.2
XHR,1,400908,5217,13.15
XHS,1,3194,82,88.373
XHYC,1,407,7,37.0924
XHYD,1,238,6,37.6116
XHYE,1,184,6,38.7245
XHYF,1,64,7,36.7707
XHYH,1,24,2,34.0285
XHYI,1,361,9,37.717
XHYT,1,42,11,34.112
XIDE,1,88942,134,30.3602
XIN,1,2642,56,2.647
XISE,1,67382,42,30.6004
XITK,1,29054,140,150.41
XJAN,1,37656,163,31.25
XJH,1,7126,63,37.89
XJR,1,4515,28,37.0031
XJUL,1,32769,14,32.7151
XJUN,1,11629,67,35.7516
XLB,1,3399132,37514,82.96
XLC,1,4267708,28195,79.08
XLE,1,18100299,151923,84.61
XLF,1,47331463,73813,38.97
XLG,1,1083787,5322,40.54
XLI,1,8532366,70447,116.77
XLK,1,4974094,60666,205.08
XLO,1,59827,294,0.6
XLP,1,16287509,62150,73.79
XLRE,1,4517540,23206,38.31
XLSR,1,84527,313,47.81
XLU,1,20876244,107071,60.04
XLV,1,6671354,70795,144.12
XLY,1,4049991,48825,178.63
XMAR,1,61274,51,33.07
XME,1,2294471,25675,56.23
XMHQ,1,260794,2274,96.19
XMLV,1,38569,259,53.15
XMMO,1,87238,864,99.88
XMPT,1,23178,179,21.3
XMTR,1,431474,9602,33.17
XMVM,1,11215,114,49.4642
XNAV,1,0,0,61.2158
XNCR,1,627971,7640,18.65
XNET,1,71262,239,1.47
XNOV,1,2491,12,31.9555
XNTK,1,18030,346,177.89
XOCT,1,1531,12,32.4
XOM,1,19539524,176170,103.97
XOMA,1,6982,378,20.04
XOMAO,1,3388,33,24.8392
XOMAP,1,154,4,25.145
XOMO,1,13877,184,17.2542
XONE,1,35124,125,49.67
XOP,1,3298130,49187,133.84
XOS,1,5417,108,7.9
XOSWW,1,2631,11,0.0201
XP,1,4733780,40577,24.66
XPDB,1,805,16,10.84
XPDBW,1,20965,26,0.105
XPEL,1,95768,2638,52.63
XPER,1,449846,7229,10.85
XPEV,1,7914489,38379,8.42
XPH,1,11666,307,43.3308
XPL,1,161831,237,0.5214
XPND,1,75368,116,25.8
XPO,1,2430834,38260,118.04
XPOF,1,595965,8735,10.6
XPON,1,4523,67,4.26
XPP,1,15085,165,11.37
XPRO,1,627998,6669,17.55
XRAY,1,3969667,30197,33.16
XRLV,1,995,16,47.7287
XRLX,1,1468,13,39.2849
XRMI,1,13291,124,19.1891
XRT,1,6961169,47857,71.73
XRTX,1,35739,112,2.32
XRX,1,1997897,20696,18.48
XSD,1,48746,1326,220.46
XSEP,1,9867,52,36.49
XSHD,1,23282,230,15.17
XSHQ,1,36430,245,39.32
XSLV,1,38189,326,42.75
XSMO,1,32675,323,56.6474
XSOE,1,4769496,7360,28.17
XSVM,1,47016,466,52.69
XSVN,1,10922,54,47.52
XSW,1,14813,199,152.71
XT,1,150229,532,58.49
XTAP,1,552,5,30.65
XTEN,1,7726,62,46.5022
XTJA,1,420,1,24.9942
XTJL,1,746,3,30.2
XTKG,1,292045,1285,0.8641
XTL,1,3756,94,76.3623
XTLB,1,2109,8,0.87
XTN,1,53475,258,82.63
XTNT,1,23134,318,1.06
XTOC,1,1851,10,27.2566
XTR,1,8,7,28.3657
XTRE,1,3426,23,49.005
XTWO,1,15820,70,49.165
XTWY,1,3589,19,42.1387
XUSP,1,3932,16,32.69
XVOL,1,5366,20,18.9049
XVV,1,25354,48,38.455
XWEL,1,6145,95,1.6377
XXCH,1,598,14,25.1557
XXII,1,1055117,3756,0.146
XXXX,1,635088,5979,33.57
XYF,1,12528,52,4.0
XYL,1,1851318,32671,122.38
XYLD,1,327651,2585,40.14
XYLE,1,11,2,25.54
XYLG,1,2607,116,29.2206
YALA,1,641012,3691,4.81
YALL,1,3532,71,29.6541
YANG,1,3139234,16175,15.41
YBTC,1,7502,109,51.8413
YCBD,1,45872,117,0.7459
YCBDpA,1,9412,40,0.5889
YCL,1,48191,474,24.26
YCS,1,6163,129,78.27
YDEC,1,47327,73,22.67
YEAR,1,160532,374,50.4084
YELP,1,535974,8271,45.0
YETI,1,1488203,22459,45.46
YEXT,1,466269,4948,5.97
YGF,1,4097,27,0.733277
YGMZ,1,19318,80,0.47
YHGJ,1,19620,56,1.475
YI,1,61230,357,1.4
YIBO,1,88491,411,2.15
YINN,1,8350965,46301,15.49
YJ,1,11197,69,0.612
YJUN,1,31471,69,21.15
YLD,1,37244,204,18.88
YLDE,1,2851,63,44.9822
YMAB,1,442957,5070,12.97
YMAG,1,60919,720,20.49
YMAR,1,5162,44,21.9312
YMAX,1,113883,964,20.8
YMM,1,5056437,21278,6.07
YOLO,1,39452,510,3.67
YORW,1,32331,1094,36.12
YOSH,1,2382,61,4.85
YOU,1,1142653,13277,19.3
YPF,1,1293059,11069,15.81
YPS,1,107,5,22.4003
YQ,1,11062,104,2.13
YRD,1,48162,372,4.64
YS,1,173505,381,0.4195
YSBPW,1,22376,21,0.036
YSEP,1,913,15,20.6253
YSG,1,460365,1813,0.6329
YTEN,1,2187389,3721,0.265
YTRA,1,75767,387,1.62
YUM,1,2048791,32302,130.4
YUMC,1,3727490,37887,39.65
YUMY,1,444,6,15.6252
YXI,1,15992,103,20.5508
YY,1,426620,7201,33.28
YYY,1,262023,986,11.78
Z,1,2380860,31442,56.28
ZALT,1,15786,70,27.06
ZAPP,1,91446,253,0.2823
ZAPPW,1,19738,13,0.013
ZBH,1,4287177,60928,123.04
ZBRA,1,317217,10209,247.12
ZBZX,1,0,0,25.0
ZCAR,1,76526,491,1.99
ZCARW,1,27897,34,0.0695
ZCMD,1,282536,669,0.3995
ZD,1,197985,5842,66.52
ZDGE,1,149797,777,3.8
ZECP,1,85413,85,27.08
ZENV,1,258387,1137,2.07
ZEPP,1,110276,718,1.18
ZETA,1,884998,9642,9.77
ZEUS,1,46890,1903,68.32
ZEXIT,1,2000,1,10.0
ZFOX,1,743426,1533,1.1
ZFOXW,1,610897,754,0.0702
ZG,1,440217,8491,54.47
ZGN,1,446922,4551,12.54
ZH,1,606642,1981,0.7215
ZHDG,1,81071,21,17.78
ZI,1,14080098,73451,15.11
ZIEXT,1,1000,1,1.0
ZIG,1,1766,35,34.3444
ZIM,1,11082963,64561,12.21
ZIMV,1,462377,6155,19.49
ZION,1,2579294,36332,39.89
ZIONL,1,13114,112,25.47
ZIONO,1,12632,102,25.9
ZIONP,1,6919,54,20.1084
ZIP,1,678359,8231,14.34
ZIVB,1,2371,35,23.8138
ZJYL,1,1488027,34327,12.96
ZKH,1,45159,743,17.75
ZKIN,1,89489,241,0.735001
ZLAB,1,661125,7057,19.605
ZM,1,3296632,40244,63.9
ZNTL,1,817585,7894,11.54
ZOM,1,3571419,5227,0.1257
ZROZ,1,115817,1180,78.04
ZS,1,1657784,39736,249.41
ZSB,1,364,2,14.305
ZSC,1,16,11,23.3051
ZSL,1,356439,1749,20.29
ZTAX,1,0,0,25.675
ZTEK,1,18430,111,1.36
ZTEN,1,1553,17,49.8482
ZTEST,1,0,0,8662.955
ZTO,1,2021251,16697,17.06
ZTR,1,200272,702,5.28
ZTRE,1,0,0,50.145
ZTS,1,1494931,30343,195.75
ZTST,1,0,0,40.17
ZTWO,1,24975,14,50.165
ZUMZ,1,117505,2361,17.97
ZUO,1,651043,6298,8.64
ZURA,1,232245,1818,3.92
ZVIA,1,73156,627,1.69
ZVRA,1,452170,2265,5.95
ZVSA,1,450959,704,0.5833
ZVZZT,1,901649,1561,25.51
ZWS,1,1583504,17530,33.25
ZWZZT,1,1500,15,17.09
ZXIET,1,2000,1,100.0
ZYME,1,303255,3622,11.47
ZYXI,1,255046,3026,12.29
ZZZ,1,153,8,21.4791
